N,J,K,seed,transient_time
100,0.01,-0.010000000000000009,0,9840
100,0.01,-0.010000000000000009,1,9909
100,0.01,-0.010000000000000009,2,0
100,0.01,-0.020000000000000018,0,9963
100,0.01,-0.020000000000000018,1,9884
100,0.01,-0.020000000000000018,2,0
100,0.01,-0.030000000000000027,0,0
100,0.01,-0.030000000000000027,1,9932
100,0.01,-0.030000000000000027,2,0
100,0.01,-0.040000000000000036,0,0
100,0.01,-0.040000000000000036,1,210
100,0.01,-0.040000000000000036,2,0
100,0.01,-0.050000000000000044,0,0
100,0.01,-0.050000000000000044,1,9839
100,0.01,-0.050000000000000044,2,0
100,0.01,-0.06000000000000005,0,0
100,0.01,-0.06000000000000005,1,9690
100,0.01,-0.06000000000000005,2,0
100,0.01,-0.07000000000000006,0,0
100,0.01,-0.07000000000000006,1,9531
100,0.01,-0.07000000000000006,2,0
100,0.01,-0.08000000000000007,0,0
100,0.01,-0.08000000000000007,1,9691
100,0.01,-0.08000000000000007,2,0
100,0.01,-0.09000000000000008,0,0
100,0.01,-0.09000000000000008,1,3300
100,0.01,-0.09000000000000008,2,0
100,0.01,-0.09999999999999998,0,0
100,0.01,-0.09999999999999998,1,3040
100,0.01,-0.09999999999999998,2,0
100,0.01,-0.10999999999999999,0,0
100,0.01,-0.10999999999999999,1,2850
100,0.01,-0.10999999999999999,2,0
100,0.01,-0.12,0,0
100,0.01,-0.12,1,2700
100,0.01,-0.12,2,0
100,0.01,-0.13,0,0
100,0.01,-0.13,1,2590
100,0.01,-0.13,2,0
100,0.01,-0.14,0,0
100,0.01,-0.14,1,2420
100,0.01,-0.14,2,0
100,0.01,-0.15000000000000002,0,0
100,0.01,-0.15000000000000002,1,2130
100,0.01,-0.15000000000000002,2,0
100,0.01,-0.16000000000000003,0,0
100,0.01,-0.16000000000000003,1,1840
100,0.01,-0.16000000000000003,2,0
100,0.01,-0.17000000000000004,0,0
100,0.01,-0.17000000000000004,1,1640
100,0.01,-0.17000000000000004,2,0
100,0.01,-0.18000000000000005,0,0
100,0.01,-0.18000000000000005,1,1510
100,0.01,-0.18000000000000005,2,0
100,0.01,-0.19000000000000006,0,0
100,0.01,-0.19000000000000006,1,1410
100,0.01,-0.19000000000000006,2,0
100,0.01,-0.20000000000000007,0,0
100,0.01,-0.20000000000000007,1,1330
100,0.01,-0.20000000000000007,2,0
100,0.01,-0.21000000000000008,0,0
100,0.01,-0.21000000000000008,1,1270
100,0.01,-0.21000000000000008,2,0
100,0.01,-0.22000000000000008,0,0
100,0.01,-0.22000000000000008,1,1210
100,0.01,-0.22000000000000008,2,0
100,0.01,-0.22999999999999998,0,0
100,0.01,-0.22999999999999998,1,1160
100,0.01,-0.22999999999999998,2,0
100,0.01,-0.24,0,0
100,0.01,-0.24,1,1110
100,0.01,-0.24,2,0
100,0.01,-0.25,0,0
100,0.01,-0.25,1,1060
100,0.01,-0.25,2,0
100,0.01,-0.26,0,0
100,0.01,-0.26,1,1010
100,0.01,-0.26,2,0
100,0.01,-0.27,0,0
100,0.01,-0.27,1,960
100,0.01,-0.27,2,0
100,0.01,-0.28,0,0
100,0.01,-0.28,1,910
100,0.01,-0.28,2,0
100,0.01,-0.29000000000000004,0,0
100,0.01,-0.29000000000000004,1,850
100,0.01,-0.29000000000000004,2,0
100,0.01,-0.30000000000000004,0,0
100,0.01,-0.30000000000000004,1,790
100,0.01,-0.30000000000000004,2,0
100,0.01,-0.31000000000000005,0,0
100,0.01,-0.31000000000000005,1,0
100,0.01,-0.31000000000000005,2,0
100,0.01,-0.32000000000000006,0,0
100,0.01,-0.32000000000000006,1,0
100,0.01,-0.32000000000000006,2,0
100,0.01,-0.33,0,0
100,0.01,-0.33,1,0
100,0.01,-0.33,2,0
100,0.01,-0.34,0,0
100,0.01,-0.34,1,0
100,0.01,-0.34,2,0
100,0.01,-0.35000000000000003,0,0
100,0.01,-0.35000000000000003,1,0
100,0.01,-0.35000000000000003,2,0
100,0.01,-0.36000000000000004,0,0
100,0.01,-0.36000000000000004,1,9942
100,0.01,-0.36000000000000004,2,0
100,0.01,-0.37000000000000005,0,0
100,0.01,-0.37000000000000005,1,9950
100,0.01,-0.37000000000000005,2,0
100,0.01,-0.38000000000000006,0,0
100,0.01,-0.38000000000000006,1,0
100,0.01,-0.38000000000000006,2,0
100,0.01,-0.39,0,0
100,0.01,-0.39,1,0
100,0.01,-0.39,2,0
100,0.01,-0.41000000000000003,0,0
100,0.01,-0.41000000000000003,1,3950
100,0.01,-0.41000000000000003,2,0
100,0.01,-0.42000000000000004,0,0
100,0.01,-0.42000000000000004,1,3900
100,0.01,-0.42000000000000004,2,0
100,0.01,-0.43000000000000005,0,0
100,0.01,-0.43000000000000005,1,0
100,0.01,-0.43000000000000005,2,0
100,0.01,-0.44000000000000006,0,0
100,0.01,-0.44000000000000006,1,0
100,0.01,-0.44000000000000006,2,0
100,0.01,-0.45,0,0
100,0.01,-0.45,1,0
100,0.01,-0.45,2,0
100,0.01,-0.46,0,0
100,0.01,-0.46,1,0
100,0.01,-0.46,2,0
100,0.01,-0.47000000000000003,0,0
100,0.01,-0.47000000000000003,1,0
100,0.01,-0.47000000000000003,2,0
100,0.01,-0.48000000000000004,0,0
100,0.01,-0.48000000000000004,1,0
100,0.01,-0.48000000000000004,2,0
100,0.01,-0.49000000000000005,0,0
100,0.01,-0.49000000000000005,1,3930
100,0.01,-0.49000000000000005,2,0
100,0.01,-0.4,0,0
100,0.01,-0.4,1,0
100,0.01,-0.4,2,0
100,0.01,-0.51,0,0
100,0.01,-0.51,1,3900
100,0.01,-0.51,2,0
100,0.01,-0.52,0,0
100,0.01,-0.52,1,3880
100,0.01,-0.52,2,0
100,0.01,-0.53,0,0
100,0.01,-0.53,1,3870
100,0.01,-0.53,2,0
100,0.01,-0.54,0,0
100,0.01,-0.54,1,3850
100,0.01,-0.54,2,0
100,0.01,-0.55,0,0
100,0.01,-0.55,1,3840
100,0.01,-0.55,2,0
100,0.01,-0.56,0,0
100,0.01,-0.56,1,3840
100,0.01,-0.56,2,0
100,0.01,-0.5700000000000001,0,0
100,0.01,-0.5700000000000001,1,3810
100,0.01,-0.5700000000000001,2,0
100,0.01,-0.5800000000000001,0,0
100,0.01,-0.5800000000000001,1,3800
100,0.01,-0.5800000000000001,2,0
100,0.01,-0.5900000000000001,0,0
100,0.01,-0.5900000000000001,1,0
100,0.01,-0.5900000000000001,2,0
100,0.01,-0.5,0,0
100,0.01,-0.5,1,3920
100,0.01,-0.5,2,0
100,0.01,-0.6000000000000001,0,0
100,0.01,-0.6000000000000001,1,0
100,0.01,-0.6000000000000001,2,0
100,0.01,-0.6100000000000001,0,0
100,0.01,-0.6100000000000001,1,0
100,0.01,-0.6100000000000001,2,0
100,0.01,-0.6200000000000001,0,0
100,0.01,-0.6200000000000001,1,0
100,0.01,-0.6200000000000001,2,0
100,0.01,-0.63,0,0
100,0.01,-0.63,1,0
100,0.01,-0.63,2,0
100,0.01,-0.64,0,0
100,0.01,-0.64,1,0
100,0.01,-0.64,2,0
100,0.01,-0.65,0,0
100,0.01,-0.65,1,0
100,0.01,-0.65,2,0
100,0.01,-0.66,0,0
100,0.01,-0.66,1,0
100,0.01,-0.66,2,0
100,0.01,-0.67,0,0
100,0.01,-0.67,1,0
100,0.01,-0.67,2,0
100,0.01,-0.68,0,0
100,0.01,-0.68,1,0
100,0.01,-0.68,2,0
100,0.01,-0.6900000000000001,0,0
100,0.01,-0.6900000000000001,1,0
100,0.01,-0.6900000000000001,2,0
100,0.01,-0.7000000000000001,0,0
100,0.01,-0.7000000000000001,1,0
100,0.01,-0.7000000000000001,2,0
100,0.01,-0.7100000000000001,0,0
100,0.01,-0.7100000000000001,1,0
100,0.01,-0.7100000000000001,2,0
100,0.01,-0.7200000000000001,0,0
100,0.01,-0.7200000000000001,1,0
100,0.01,-0.7200000000000001,2,0
100,0.01,-0.73,0,0
100,0.01,-0.73,1,0
100,0.01,-0.73,2,0
100,0.01,-0.74,0,0
100,0.01,-0.74,1,0
100,0.01,-0.74,2,0
100,0.01,-0.75,0,0
100,0.01,-0.75,1,0
100,0.01,-0.75,2,0
100,0.01,-0.76,0,0
100,0.01,-0.76,1,0
100,0.01,-0.76,2,0
100,0.01,-0.77,0,0
100,0.01,-0.77,1,0
100,0.01,-0.77,2,0
100,0.01,-0.78,0,0
100,0.01,-0.78,1,0
100,0.01,-0.78,2,0
100,0.01,-0.79,0,0
100,0.01,-0.79,1,5380
100,0.01,-0.79,2,0
100,0.01,-0.8,0,0
100,0.01,-0.8,1,8260
100,0.01,-0.8,2,0
100,0.01,0.010000000000000009,0,6970
100,0.01,0.010000000000000009,1,3750
100,0.01,0.010000000000000009,2,1060
100,0.01,0.020000000000000018,0,2330
100,0.01,0.020000000000000018,1,1420
100,0.01,0.020000000000000018,2,210
100,0.01,0.030000000000000027,0,1260
100,0.01,0.030000000000000027,1,820
100,0.01,0.030000000000000027,2,0
100,0.01,0.039999999999999925,0,850
100,0.01,0.039999999999999925,1,550
100,0.01,0.039999999999999925,2,0
100,0.01,0.04999999999999993,0,640
100,0.01,0.04999999999999993,1,400
100,0.01,0.04999999999999993,2,0
100,0.01,0.05999999999999994,0,500
100,0.01,0.05999999999999994,1,310
100,0.01,0.05999999999999994,2,0
100,0.01,0.06999999999999995,0,410
100,0.01,0.06999999999999995,1,250
100,0.01,0.06999999999999995,2,0
100,0.01,0.07999999999999996,0,340
100,0.01,0.07999999999999996,1,210
100,0.01,0.07999999999999996,2,0
100,0.01,0.08999999999999997,0,290
100,0.01,0.08999999999999997,1,170
100,0.01,0.08999999999999997,2,0
100,0.01,0.09999999999999998,0,250
100,0.01,0.09999999999999998,1,150
100,0.01,0.09999999999999998,2,0
100,0.01,0.0,0,0
100,0.01,0.0,1,0
100,0.01,0.0,2,9583
100,0.01,0.10999999999999999,0,210
100,0.01,0.10999999999999999,1,130
100,0.01,0.10999999999999999,2,0
100,0.01,0.12,0,190
100,0.01,0.12,1,110
100,0.01,0.12,2,0
100,0.01,0.13,0,160
100,0.01,0.13,1,100
100,0.01,0.13,2,0
100,0.01,0.14,0,140
100,0.01,0.14,1,90
100,0.01,0.14,2,0
100,0.01,0.15000000000000002,0,130
100,0.01,0.15000000000000002,1,80
100,0.01,0.15000000000000002,2,0
100,0.01,0.15999999999999992,0,110
100,0.01,0.15999999999999992,1,70
100,0.01,0.15999999999999992,2,0
100,0.01,0.16999999999999993,0,100
100,0.01,0.16999999999999993,1,70
100,0.01,0.16999999999999993,2,0
100,0.01,0.17999999999999994,0,90
100,0.01,0.17999999999999994,1,60
100,0.01,0.17999999999999994,2,0
100,0.01,0.18999999999999995,0,80
100,0.01,0.18999999999999995,1,50
100,0.01,0.18999999999999995,2,0
100,0.01,0.2,0,70
100,0.01,0.2,1,50
100,0.01,0.2,2,0
100,0.02,-0.010000000000000009,0,9850
100,0.02,-0.010000000000000009,1,9796
100,0.02,-0.010000000000000009,2,9821
100,0.02,-0.020000000000000018,0,9949
100,0.02,-0.020000000000000018,1,9860
100,0.02,-0.020000000000000018,2,0
100,0.02,-0.030000000000000027,0,0
100,0.02,-0.030000000000000027,1,9946
100,0.02,-0.030000000000000027,2,0
100,0.02,-0.040000000000000036,0,0
100,0.02,-0.040000000000000036,1,190
100,0.02,-0.040000000000000036,2,0
100,0.02,-0.050000000000000044,0,0
100,0.02,-0.050000000000000044,1,0
100,0.02,-0.050000000000000044,2,0
100,0.02,-0.06000000000000005,0,0
100,0.02,-0.06000000000000005,1,9773
100,0.02,-0.06000000000000005,2,0
100,0.02,-0.07000000000000006,0,0
100,0.02,-0.07000000000000006,1,3710
100,0.02,-0.07000000000000006,2,0
100,0.02,-0.08000000000000007,0,0
100,0.02,-0.08000000000000007,1,2760
100,0.02,-0.08000000000000007,2,0
100,0.02,-0.09000000000000008,0,0
100,0.02,-0.09000000000000008,1,9796
100,0.02,-0.09000000000000008,2,0
100,0.02,-0.09999999999999998,0,0
100,0.02,-0.09999999999999998,1,7110
100,0.02,-0.09999999999999998,2,0
100,0.02,-0.10999999999999999,0,0
100,0.02,-0.10999999999999999,1,2410
100,0.02,-0.10999999999999999,2,0
100,0.02,-0.12,0,0
100,0.02,-0.12,1,1950
100,0.02,-0.12,2,0
100,0.02,-0.13,0,0
100,0.02,-0.13,1,2430
100,0.02,-0.13,2,0
100,0.02,-0.14,0,0
100,0.02,-0.14,1,1920
100,0.02,-0.14,2,0
100,0.02,-0.15000000000000002,0,0
100,0.02,-0.15000000000000002,1,1710
100,0.02,-0.15000000000000002,2,0
100,0.02,-0.16000000000000003,0,0
100,0.02,-0.16000000000000003,1,1540
100,0.02,-0.16000000000000003,2,0
100,0.02,-0.17000000000000004,0,0
100,0.02,-0.17000000000000004,1,1410
100,0.02,-0.17000000000000004,2,0
100,0.02,-0.18000000000000005,0,0
100,0.02,-0.18000000000000005,1,1320
100,0.02,-0.18000000000000005,2,0
100,0.02,-0.19000000000000006,0,0
100,0.02,-0.19000000000000006,1,1250
100,0.02,-0.19000000000000006,2,0
100,0.02,-0.20000000000000007,0,0
100,0.02,-0.20000000000000007,1,1170
100,0.02,-0.20000000000000007,2,0
100,0.02,-0.21000000000000008,0,0
100,0.02,-0.21000000000000008,1,1090
100,0.02,-0.21000000000000008,2,0
100,0.02,-0.22000000000000008,0,0
100,0.02,-0.22000000000000008,1,1030
100,0.02,-0.22000000000000008,2,0
100,0.02,-0.22999999999999998,0,0
100,0.02,-0.22999999999999998,1,980
100,0.02,-0.22999999999999998,2,0
100,0.02,-0.24,0,0
100,0.02,-0.24,1,930
100,0.02,-0.24,2,0
100,0.02,-0.25,0,0
100,0.02,-0.25,1,880
100,0.02,-0.25,2,0
100,0.02,-0.26,0,0
100,0.02,-0.26,1,840
100,0.02,-0.26,2,0
100,0.02,-0.27,0,0
100,0.02,-0.27,1,800
100,0.02,-0.27,2,0
100,0.02,-0.28,0,0
100,0.02,-0.28,1,760
100,0.02,-0.28,2,0
100,0.02,-0.29000000000000004,0,0
100,0.02,-0.29000000000000004,1,720
100,0.02,-0.29000000000000004,2,0
100,0.02,-0.30000000000000004,0,0
100,0.02,-0.30000000000000004,1,680
100,0.02,-0.30000000000000004,2,0
100,0.02,-0.31000000000000005,0,0
100,0.02,-0.31000000000000005,1,640
100,0.02,-0.31000000000000005,2,0
100,0.02,-0.32000000000000006,0,0
100,0.02,-0.32000000000000006,1,0
100,0.02,-0.32000000000000006,2,0
100,0.02,-0.33,0,0
100,0.02,-0.33,1,0
100,0.02,-0.33,2,0
100,0.02,-0.34,0,0
100,0.02,-0.34,1,0
100,0.02,-0.34,2,0
100,0.02,-0.35000000000000003,0,0
100,0.02,-0.35000000000000003,1,0
100,0.02,-0.35000000000000003,2,0
100,0.02,-0.36000000000000004,0,0
100,0.02,-0.36000000000000004,1,0
100,0.02,-0.36000000000000004,2,0
100,0.02,-0.37000000000000005,0,0
100,0.02,-0.37000000000000005,1,0
100,0.02,-0.37000000000000005,2,0
100,0.02,-0.38000000000000006,0,0
100,0.02,-0.38000000000000006,1,0
100,0.02,-0.38000000000000006,2,0
100,0.02,-0.39,0,0
100,0.02,-0.39,1,0
100,0.02,-0.39,2,0
100,0.02,-0.41000000000000003,0,0
100,0.02,-0.41000000000000003,1,0
100,0.02,-0.41000000000000003,2,0
100,0.02,-0.42000000000000004,0,0
100,0.02,-0.42000000000000004,1,0
100,0.02,-0.42000000000000004,2,0
100,0.02,-0.43000000000000005,0,0
100,0.02,-0.43000000000000005,1,0
100,0.02,-0.43000000000000005,2,0
100,0.02,-0.44000000000000006,0,0
100,0.02,-0.44000000000000006,1,0
100,0.02,-0.44000000000000006,2,0
100,0.02,-0.45,0,0
100,0.02,-0.45,1,0
100,0.02,-0.45,2,0
100,0.02,-0.46,0,0
100,0.02,-0.46,1,0
100,0.02,-0.46,2,0
100,0.02,-0.47000000000000003,0,0
100,0.02,-0.47000000000000003,1,0
100,0.02,-0.47000000000000003,2,0
100,0.02,-0.48000000000000004,0,0
100,0.02,-0.48000000000000004,1,0
100,0.02,-0.48000000000000004,2,0
100,0.02,-0.49000000000000005,0,0
100,0.02,-0.49000000000000005,1,0
100,0.02,-0.49000000000000005,2,0
100,0.02,-0.4,0,0
100,0.02,-0.4,1,0
100,0.02,-0.4,2,0
100,0.02,-0.51,0,0
100,0.02,-0.51,1,0
100,0.02,-0.51,2,0
100,0.02,-0.52,0,0
100,0.02,-0.52,1,0
100,0.02,-0.52,2,0
100,0.02,-0.53,0,0
100,0.02,-0.53,1,0
100,0.02,-0.53,2,0
100,0.02,-0.54,0,0
100,0.02,-0.54,1,0
100,0.02,-0.54,2,0
100,0.02,-0.55,0,0
100,0.02,-0.55,1,0
100,0.02,-0.55,2,0
100,0.02,-0.56,0,0
100,0.02,-0.56,1,0
100,0.02,-0.56,2,0
100,0.02,-0.5700000000000001,0,0
100,0.02,-0.5700000000000001,1,0
100,0.02,-0.5700000000000001,2,0
100,0.02,-0.5800000000000001,0,0
100,0.02,-0.5800000000000001,1,0
100,0.02,-0.5800000000000001,2,0
100,0.02,-0.5900000000000001,0,0
100,0.02,-0.5900000000000001,1,0
100,0.02,-0.5900000000000001,2,0
100,0.02,-0.5,0,0
100,0.02,-0.5,1,0
100,0.02,-0.5,2,0
100,0.02,-0.6000000000000001,0,0
100,0.02,-0.6000000000000001,1,0
100,0.02,-0.6000000000000001,2,0
100,0.02,-0.6100000000000001,0,0
100,0.02,-0.6100000000000001,1,0
100,0.02,-0.6100000000000001,2,0
100,0.02,-0.6200000000000001,0,0
100,0.02,-0.6200000000000001,1,0
100,0.02,-0.6200000000000001,2,0
100,0.02,-0.63,0,0
100,0.02,-0.63,1,0
100,0.02,-0.63,2,0
100,0.02,-0.64,0,0
100,0.02,-0.64,1,0
100,0.02,-0.64,2,0
100,0.02,-0.65,0,0
100,0.02,-0.65,1,0
100,0.02,-0.65,2,0
100,0.02,-0.66,0,0
100,0.02,-0.66,1,0
100,0.02,-0.66,2,0
100,0.02,-0.67,0,0
100,0.02,-0.67,1,0
100,0.02,-0.67,2,0
100,0.02,-0.68,0,0
100,0.02,-0.68,1,0
100,0.02,-0.68,2,0
100,0.02,-0.6900000000000001,0,0
100,0.02,-0.6900000000000001,1,0
100,0.02,-0.6900000000000001,2,0
100,0.02,-0.7000000000000001,0,0
100,0.02,-0.7000000000000001,1,0
100,0.02,-0.7000000000000001,2,0
100,0.02,-0.7100000000000001,0,0
100,0.02,-0.7100000000000001,1,0
100,0.02,-0.7100000000000001,2,0
100,0.02,-0.7200000000000001,0,0
100,0.02,-0.7200000000000001,1,0
100,0.02,-0.7200000000000001,2,0
100,0.02,-0.73,0,0
100,0.02,-0.73,1,0
100,0.02,-0.73,2,0
100,0.02,-0.74,0,0
100,0.02,-0.74,1,0
100,0.02,-0.74,2,0
100,0.02,-0.75,0,0
100,0.02,-0.75,1,0
100,0.02,-0.75,2,0
100,0.02,-0.76,0,0
100,0.02,-0.76,1,0
100,0.02,-0.76,2,0
100,0.02,-0.77,0,0
100,0.02,-0.77,1,9922
100,0.02,-0.77,2,0
100,0.02,-0.78,0,0
100,0.02,-0.78,1,9887
100,0.02,-0.78,2,0
100,0.02,-0.79,0,0
100,0.02,-0.79,1,9898
100,0.02,-0.79,2,0
100,0.02,-0.8,0,0
100,0.02,-0.8,1,0
100,0.02,-0.8,2,0
100,0.02,0.010000000000000009,0,6510
100,0.02,0.010000000000000009,1,3590
100,0.02,0.010000000000000009,2,1000
100,0.02,0.020000000000000018,0,2280
100,0.02,0.020000000000000018,1,1380
100,0.02,0.020000000000000018,2,190
100,0.02,0.030000000000000027,0,1210
100,0.02,0.030000000000000027,1,790
100,0.02,0.030000000000000027,2,0
100,0.02,0.039999999999999925,0,790
100,0.02,0.039999999999999925,1,540
100,0.02,0.039999999999999925,2,0
100,0.02,0.04999999999999993,0,580
100,0.02,0.04999999999999993,1,400
100,0.02,0.04999999999999993,2,0
100,0.02,0.05999999999999994,0,450
100,0.02,0.05999999999999994,1,310
100,0.02,0.05999999999999994,2,0
100,0.02,0.06999999999999995,0,370
100,0.02,0.06999999999999995,1,250
100,0.02,0.06999999999999995,2,0
100,0.02,0.07999999999999996,0,320
100,0.02,0.07999999999999996,1,200
100,0.02,0.07999999999999996,2,0
100,0.02,0.08999999999999997,0,270
100,0.02,0.08999999999999997,1,170
100,0.02,0.08999999999999997,2,0
100,0.02,0.09999999999999998,0,230
100,0.02,0.09999999999999998,1,150
100,0.02,0.09999999999999998,2,0
100,0.02,0.0,0,9526
100,0.02,0.0,1,9765
100,0.02,0.0,2,9625
100,0.02,0.10999999999999999,0,200
100,0.02,0.10999999999999999,1,130
100,0.02,0.10999999999999999,2,0
100,0.02,0.12,0,180
100,0.02,0.12,1,110
100,0.02,0.12,2,0
100,0.02,0.13,0,160
100,0.02,0.13,1,100
100,0.02,0.13,2,0
100,0.02,0.14,0,140
100,0.02,0.14,1,90
100,0.02,0.14,2,0
100,0.02,0.15000000000000002,0,120
100,0.02,0.15000000000000002,1,80
100,0.02,0.15000000000000002,2,0
100,0.02,0.15999999999999992,0,110
100,0.02,0.15999999999999992,1,70
100,0.02,0.15999999999999992,2,0
100,0.02,0.16999999999999993,0,100
100,0.02,0.16999999999999993,1,60
100,0.02,0.16999999999999993,2,0
100,0.02,0.17999999999999994,0,80
100,0.02,0.17999999999999994,1,60
100,0.02,0.17999999999999994,2,0
100,0.02,0.18999999999999995,0,80
100,0.02,0.18999999999999995,1,50
100,0.02,0.18999999999999995,2,0
100,0.02,0.2,0,0
100,0.02,0.2,1,50
100,0.02,0.2,2,0
100,0.03,-0.010000000000000009,0,9752
100,0.03,-0.010000000000000009,1,9768
100,0.03,-0.010000000000000009,2,9968
100,0.03,-0.020000000000000018,0,9945
100,0.03,-0.020000000000000018,1,9848
100,0.03,-0.020000000000000018,2,0
100,0.03,-0.030000000000000027,0,370
100,0.03,-0.030000000000000027,1,9923
100,0.03,-0.030000000000000027,2,0
100,0.03,-0.040000000000000036,0,0
100,0.03,-0.040000000000000036,1,9706
100,0.03,-0.040000000000000036,2,0
100,0.03,-0.050000000000000044,0,0
100,0.03,-0.050000000000000044,1,4870
100,0.03,-0.050000000000000044,2,0
100,0.03,-0.06000000000000005,0,0
100,0.03,-0.06000000000000005,1,3920
100,0.03,-0.06000000000000005,2,0
100,0.03,-0.07000000000000006,0,0
100,0.03,-0.07000000000000006,1,3340
100,0.03,-0.07000000000000006,2,0
100,0.03,-0.08000000000000007,0,0
100,0.03,-0.08000000000000007,1,2960
100,0.03,-0.08000000000000007,2,0
100,0.03,-0.09000000000000008,0,0
100,0.03,-0.09000000000000008,1,1360
100,0.03,-0.09000000000000008,2,0
100,0.03,-0.09999999999999998,0,0
100,0.03,-0.09999999999999998,1,1220
100,0.03,-0.09999999999999998,2,0
100,0.03,-0.10999999999999999,0,0
100,0.03,-0.10999999999999999,1,1120
100,0.03,-0.10999999999999999,2,0
100,0.03,-0.12,0,0
100,0.03,-0.12,1,1040
100,0.03,-0.12,2,0
100,0.03,-0.13,0,0
100,0.03,-0.13,1,980
100,0.03,-0.13,2,0
100,0.03,-0.14,0,0
100,0.03,-0.14,1,9855
100,0.03,-0.14,2,0
100,0.03,-0.15000000000000002,0,0
100,0.03,-0.15000000000000002,1,9865
100,0.03,-0.15000000000000002,2,0
100,0.03,-0.16000000000000003,0,0
100,0.03,-0.16000000000000003,1,820
100,0.03,-0.16000000000000003,2,0
100,0.03,-0.17000000000000004,0,0
100,0.03,-0.17000000000000004,1,780
100,0.03,-0.17000000000000004,2,0
100,0.03,-0.18000000000000005,0,0
100,0.03,-0.18000000000000005,1,770
100,0.03,-0.18000000000000005,2,0
100,0.03,-0.19000000000000006,0,0
100,0.03,-0.19000000000000006,1,780
100,0.03,-0.19000000000000006,2,0
100,0.03,-0.20000000000000007,0,0
100,0.03,-0.20000000000000007,1,750
100,0.03,-0.20000000000000007,2,0
100,0.03,-0.21000000000000008,0,0
100,0.03,-0.21000000000000008,1,9899
100,0.03,-0.21000000000000008,2,0
100,0.03,-0.22000000000000008,0,0
100,0.03,-0.22000000000000008,1,9838
100,0.03,-0.22000000000000008,2,0
100,0.03,-0.22999999999999998,0,0
100,0.03,-0.22999999999999998,1,380
100,0.03,-0.22999999999999998,2,0
100,0.03,-0.24,0,0
100,0.03,-0.24,1,0
100,0.03,-0.24,2,0
100,0.03,-0.25,0,0
100,0.03,-0.25,1,9861
100,0.03,-0.25,2,0
100,0.03,-0.26,0,0
100,0.03,-0.26,1,9939
100,0.03,-0.26,2,0
100,0.03,-0.27,0,0
100,0.03,-0.27,1,0
100,0.03,-0.27,2,0
100,0.03,-0.28,0,0
100,0.03,-0.28,1,0
100,0.03,-0.28,2,0
100,0.03,-0.29000000000000004,0,0
100,0.03,-0.29000000000000004,1,0
100,0.03,-0.29000000000000004,2,0
100,0.03,-0.30000000000000004,0,0
100,0.03,-0.30000000000000004,1,0
100,0.03,-0.30000000000000004,2,0
100,0.03,-0.31000000000000005,0,0
100,0.03,-0.31000000000000005,1,0
100,0.03,-0.31000000000000005,2,0
100,0.03,-0.32000000000000006,0,0
100,0.03,-0.32000000000000006,1,0
100,0.03,-0.32000000000000006,2,0
100,0.03,-0.33,0,0
100,0.03,-0.33,1,0
100,0.03,-0.33,2,0
100,0.03,-0.34,0,0
100,0.03,-0.34,1,0
100,0.03,-0.34,2,0
100,0.03,-0.35000000000000003,0,0
100,0.03,-0.35000000000000003,1,0
100,0.03,-0.35000000000000003,2,0
100,0.03,-0.36000000000000004,0,0
100,0.03,-0.36000000000000004,1,0
100,0.03,-0.36000000000000004,2,0
100,0.03,-0.37000000000000005,0,0
100,0.03,-0.37000000000000005,1,0
100,0.03,-0.37000000000000005,2,0
100,0.03,-0.38000000000000006,0,0
100,0.03,-0.38000000000000006,1,0
100,0.03,-0.38000000000000006,2,0
100,0.03,-0.39,0,0
100,0.03,-0.39,1,0
100,0.03,-0.39,2,0
100,0.03,-0.41000000000000003,0,0
100,0.03,-0.41000000000000003,1,0
100,0.03,-0.41000000000000003,2,0
100,0.03,-0.42000000000000004,0,0
100,0.03,-0.42000000000000004,1,0
100,0.03,-0.42000000000000004,2,0
100,0.03,-0.43000000000000005,0,0
100,0.03,-0.43000000000000005,1,0
100,0.03,-0.43000000000000005,2,0
100,0.03,-0.44000000000000006,0,0
100,0.03,-0.44000000000000006,1,0
100,0.03,-0.44000000000000006,2,0
100,0.03,-0.45,0,0
100,0.03,-0.45,1,0
100,0.03,-0.45,2,0
100,0.03,-0.46,0,0
100,0.03,-0.46,1,0
100,0.03,-0.46,2,0
100,0.03,-0.47000000000000003,0,0
100,0.03,-0.47000000000000003,1,0
100,0.03,-0.47000000000000003,2,0
100,0.03,-0.48000000000000004,0,0
100,0.03,-0.48000000000000004,1,0
100,0.03,-0.48000000000000004,2,0
100,0.03,-0.49000000000000005,0,0
100,0.03,-0.49000000000000005,1,0
100,0.03,-0.49000000000000005,2,0
100,0.03,-0.4,0,0
100,0.03,-0.4,1,0
100,0.03,-0.4,2,0
100,0.03,-0.51,0,0
100,0.03,-0.51,1,0
100,0.03,-0.51,2,0
100,0.03,-0.52,0,0
100,0.03,-0.52,1,0
100,0.03,-0.52,2,0
100,0.03,-0.53,0,0
100,0.03,-0.53,1,0
100,0.03,-0.53,2,0
100,0.03,-0.54,0,0
100,0.03,-0.54,1,0
100,0.03,-0.54,2,0
100,0.03,-0.55,0,0
100,0.03,-0.55,1,0
100,0.03,-0.55,2,0
100,0.03,-0.56,0,0
100,0.03,-0.56,1,0
100,0.03,-0.56,2,0
100,0.03,-0.5700000000000001,0,0
100,0.03,-0.5700000000000001,1,0
100,0.03,-0.5700000000000001,2,0
100,0.03,-0.5800000000000001,0,0
100,0.03,-0.5800000000000001,1,0
100,0.03,-0.5800000000000001,2,0
100,0.03,-0.5900000000000001,0,0
100,0.03,-0.5900000000000001,1,0
100,0.03,-0.5900000000000001,2,0
100,0.03,-0.5,0,0
100,0.03,-0.5,1,0
100,0.03,-0.5,2,0
100,0.03,-0.6000000000000001,0,0
100,0.03,-0.6000000000000001,1,0
100,0.03,-0.6000000000000001,2,0
100,0.03,-0.6100000000000001,0,0
100,0.03,-0.6100000000000001,1,0
100,0.03,-0.6100000000000001,2,0
100,0.03,-0.6200000000000001,0,0
100,0.03,-0.6200000000000001,1,0
100,0.03,-0.6200000000000001,2,0
100,0.03,-0.63,0,0
100,0.03,-0.63,1,0
100,0.03,-0.63,2,0
100,0.03,-0.64,0,0
100,0.03,-0.64,1,0
100,0.03,-0.64,2,0
100,0.03,-0.65,0,0
100,0.03,-0.65,1,0
100,0.03,-0.65,2,0
100,0.03,-0.66,0,0
100,0.03,-0.66,1,0
100,0.03,-0.66,2,0
100,0.03,-0.67,0,0
100,0.03,-0.67,1,0
100,0.03,-0.67,2,0
100,0.03,-0.68,0,0
100,0.03,-0.68,1,0
100,0.03,-0.68,2,0
100,0.03,-0.6900000000000001,0,0
100,0.03,-0.6900000000000001,1,0
100,0.03,-0.6900000000000001,2,0
100,0.03,-0.7000000000000001,0,0
100,0.03,-0.7000000000000001,1,0
100,0.03,-0.7000000000000001,2,0
100,0.03,-0.7100000000000001,0,0
100,0.03,-0.7100000000000001,1,0
100,0.03,-0.7100000000000001,2,0
100,0.03,-0.7200000000000001,0,0
100,0.03,-0.7200000000000001,1,0
100,0.03,-0.7200000000000001,2,0
100,0.03,-0.73,0,0
100,0.03,-0.73,1,0
100,0.03,-0.73,2,0
100,0.03,-0.74,0,0
100,0.03,-0.74,1,0
100,0.03,-0.74,2,0
100,0.03,-0.75,0,0
100,0.03,-0.75,1,0
100,0.03,-0.75,2,0
100,0.03,-0.76,0,0
100,0.03,-0.76,1,9925
100,0.03,-0.76,2,0
100,0.03,-0.77,0,0
100,0.03,-0.77,1,0
100,0.03,-0.77,2,0
100,0.03,-0.78,0,0
100,0.03,-0.78,1,0
100,0.03,-0.78,2,0
100,0.03,-0.79,0,0
100,0.03,-0.79,1,5590
100,0.03,-0.79,2,0
100,0.03,-0.8,0,0
100,0.03,-0.8,1,5940
100,0.03,-0.8,2,0
100,0.03,0.010000000000000009,0,9788
100,0.03,0.010000000000000009,1,3670
100,0.03,0.010000000000000009,2,920
100,0.03,0.020000000000000018,0,2130
100,0.03,0.020000000000000018,1,1330
100,0.03,0.020000000000000018,2,180
100,0.03,0.030000000000000027,0,1130
100,0.03,0.030000000000000027,1,780
100,0.03,0.030000000000000027,2,10
100,0.03,0.039999999999999925,0,750
100,0.03,0.039999999999999925,1,530
100,0.03,0.039999999999999925,2,0
100,0.03,0.04999999999999993,0,550
100,0.03,0.04999999999999993,1,390
100,0.03,0.04999999999999993,2,0
100,0.03,0.05999999999999994,0,420
100,0.03,0.05999999999999994,1,300
100,0.03,0.05999999999999994,2,0
100,0.03,0.06999999999999995,0,340
100,0.03,0.06999999999999995,1,240
100,0.03,0.06999999999999995,2,0
100,0.03,0.07999999999999996,0,280
100,0.03,0.07999999999999996,1,200
100,0.03,0.07999999999999996,2,0
100,0.03,0.08999999999999997,0,250
100,0.03,0.08999999999999997,1,170
100,0.03,0.08999999999999997,2,0
100,0.03,0.09999999999999998,0,220
100,0.03,0.09999999999999998,1,140
100,0.03,0.09999999999999998,2,0
100,0.03,0.0,0,9827
100,0.03,0.0,1,9600
100,0.03,0.0,2,9901
100,0.03,0.10999999999999999,0,190
100,0.03,0.10999999999999999,1,130
100,0.03,0.10999999999999999,2,0
100,0.03,0.12,0,170
100,0.03,0.12,1,110
100,0.03,0.12,2,0
100,0.03,0.13,0,150
100,0.03,0.13,1,100
100,0.03,0.13,2,0
100,0.03,0.14,0,130
100,0.03,0.14,1,90
100,0.03,0.14,2,0
100,0.03,0.15000000000000002,0,120
100,0.03,0.15000000000000002,1,80
100,0.03,0.15000000000000002,2,0
100,0.03,0.15999999999999992,0,100
100,0.03,0.15999999999999992,1,70
100,0.03,0.15999999999999992,2,0
100,0.03,0.16999999999999993,0,90
100,0.03,0.16999999999999993,1,60
100,0.03,0.16999999999999993,2,0
100,0.03,0.17999999999999994,0,80
100,0.03,0.17999999999999994,1,60
100,0.03,0.17999999999999994,2,0
100,0.03,0.18999999999999995,0,70
100,0.03,0.18999999999999995,1,50
100,0.03,0.18999999999999995,2,0
100,0.03,0.2,0,0
100,0.03,0.2,1,50
100,0.03,0.2,2,0
100,0.04,-0.010000000000000009,0,9577
100,0.04,-0.010000000000000009,1,9753
100,0.04,-0.010000000000000009,2,9600
100,0.04,-0.020000000000000018,0,9988
100,0.04,-0.020000000000000018,1,9801
100,0.04,-0.020000000000000018,2,0
100,0.04,-0.030000000000000027,0,340
100,0.04,-0.030000000000000027,1,9918
100,0.04,-0.030000000000000027,2,0
100,0.04,-0.040000000000000036,0,0
100,0.04,-0.040000000000000036,1,9601
100,0.04,-0.040000000000000036,2,0
100,0.04,-0.050000000000000044,0,0
100,0.04,-0.050000000000000044,1,4900
100,0.04,-0.050000000000000044,2,0
100,0.04,-0.06000000000000005,0,0
100,0.04,-0.06000000000000005,1,3910
100,0.04,-0.06000000000000005,2,0
100,0.04,-0.07000000000000006,0,0
100,0.04,-0.07000000000000006,1,3250
100,0.04,-0.07000000000000006,2,0
100,0.04,-0.08000000000000007,0,0
100,0.04,-0.08000000000000007,1,2840
100,0.04,-0.08000000000000007,2,0
100,0.04,-0.09000000000000008,0,0
100,0.04,-0.09000000000000008,1,1250
100,0.04,-0.09000000000000008,2,0
100,0.04,-0.09999999999999998,0,0
100,0.04,-0.09999999999999998,1,1080
100,0.04,-0.09999999999999998,2,0
100,0.04,-0.10999999999999999,0,0
100,0.04,-0.10999999999999999,1,980
100,0.04,-0.10999999999999999,2,0
100,0.04,-0.12,0,0
100,0.04,-0.12,1,910
100,0.04,-0.12,2,0
100,0.04,-0.13,0,0
100,0.04,-0.13,1,840
100,0.04,-0.13,2,0
100,0.04,-0.14,0,0
100,0.04,-0.14,1,780
100,0.04,-0.14,2,0
100,0.04,-0.15000000000000002,0,0
100,0.04,-0.15000000000000002,1,710
100,0.04,-0.15000000000000002,2,0
100,0.04,-0.16000000000000003,0,0
100,0.04,-0.16000000000000003,1,650
100,0.04,-0.16000000000000003,2,0
100,0.04,-0.17000000000000004,0,0
100,0.04,-0.17000000000000004,1,580
100,0.04,-0.17000000000000004,2,0
100,0.04,-0.18000000000000005,0,0
100,0.04,-0.18000000000000005,1,510
100,0.04,-0.18000000000000005,2,0
100,0.04,-0.19000000000000006,0,0
100,0.04,-0.19000000000000006,1,450
100,0.04,-0.19000000000000006,2,0
100,0.04,-0.20000000000000007,0,0
100,0.04,-0.20000000000000007,1,9920
100,0.04,-0.20000000000000007,2,0
100,0.04,-0.21000000000000008,0,0
100,0.04,-0.21000000000000008,1,9860
100,0.04,-0.21000000000000008,2,0
100,0.04,-0.22000000000000008,0,0
100,0.04,-0.22000000000000008,1,9908
100,0.04,-0.22000000000000008,2,0
100,0.04,-0.22999999999999998,0,0
100,0.04,-0.22999999999999998,1,350
100,0.04,-0.22999999999999998,2,0
100,0.04,-0.24,0,0
100,0.04,-0.24,1,330
100,0.04,-0.24,2,0
100,0.04,-0.25,0,0
100,0.04,-0.25,1,320
100,0.04,-0.25,2,0
100,0.04,-0.26,0,0
100,0.04,-0.26,1,300
100,0.04,-0.26,2,0
100,0.04,-0.27,0,0
100,0.04,-0.27,1,290
100,0.04,-0.27,2,0
100,0.04,-0.28,0,0
100,0.04,-0.28,1,270
100,0.04,-0.28,2,0
100,0.04,-0.29000000000000004,0,0
100,0.04,-0.29000000000000004,1,260
100,0.04,-0.29000000000000004,2,0
100,0.04,-0.30000000000000004,0,0
100,0.04,-0.30000000000000004,1,250
100,0.04,-0.30000000000000004,2,0
100,0.04,-0.31000000000000005,0,0
100,0.04,-0.31000000000000005,1,0
100,0.04,-0.31000000000000005,2,0
100,0.04,-0.32000000000000006,0,0
100,0.04,-0.32000000000000006,1,0
100,0.04,-0.32000000000000006,2,0
100,0.04,-0.33,0,0
100,0.04,-0.33,1,0
100,0.04,-0.33,2,0
100,0.04,-0.34,0,0
100,0.04,-0.34,1,0
100,0.04,-0.34,2,0
100,0.04,-0.35000000000000003,0,0
100,0.04,-0.35000000000000003,1,0
100,0.04,-0.35000000000000003,2,0
100,0.04,-0.36000000000000004,0,0
100,0.04,-0.36000000000000004,1,0
100,0.04,-0.36000000000000004,2,0
100,0.04,-0.37000000000000005,0,0
100,0.04,-0.37000000000000005,1,0
100,0.04,-0.37000000000000005,2,0
100,0.04,-0.38000000000000006,0,0
100,0.04,-0.38000000000000006,1,0
100,0.04,-0.38000000000000006,2,0
100,0.04,-0.39,0,0
100,0.04,-0.39,1,0
100,0.04,-0.39,2,0
100,0.04,-0.41000000000000003,0,0
100,0.04,-0.41000000000000003,1,0
100,0.04,-0.41000000000000003,2,0
100,0.04,-0.42000000000000004,0,0
100,0.04,-0.42000000000000004,1,0
100,0.04,-0.42000000000000004,2,0
100,0.04,-0.43000000000000005,0,0
100,0.04,-0.43000000000000005,1,0
100,0.04,-0.43000000000000005,2,0
100,0.04,-0.44000000000000006,0,0
100,0.04,-0.44000000000000006,1,0
100,0.04,-0.44000000000000006,2,0
100,0.04,-0.45,0,0
100,0.04,-0.45,1,0
100,0.04,-0.45,2,0
100,0.04,-0.46,0,0
100,0.04,-0.46,1,0
100,0.04,-0.46,2,0
100,0.04,-0.47000000000000003,0,0
100,0.04,-0.47000000000000003,1,0
100,0.04,-0.47000000000000003,2,0
100,0.04,-0.48000000000000004,0,0
100,0.04,-0.48000000000000004,1,0
100,0.04,-0.48000000000000004,2,0
100,0.04,-0.49000000000000005,0,0
100,0.04,-0.49000000000000005,1,0
100,0.04,-0.49000000000000005,2,0
100,0.04,-0.4,0,0
100,0.04,-0.4,1,0
100,0.04,-0.4,2,0
100,0.04,-0.51,0,0
100,0.04,-0.51,1,0
100,0.04,-0.51,2,0
100,0.04,-0.52,0,0
100,0.04,-0.52,1,0
100,0.04,-0.52,2,0
100,0.04,-0.53,0,0
100,0.04,-0.53,1,0
100,0.04,-0.53,2,0
100,0.04,-0.54,0,0
100,0.04,-0.54,1,0
100,0.04,-0.54,2,0
100,0.04,-0.55,0,0
100,0.04,-0.55,1,0
100,0.04,-0.55,2,0
100,0.04,-0.56,0,0
100,0.04,-0.56,1,0
100,0.04,-0.56,2,0
100,0.04,-0.5700000000000001,0,0
100,0.04,-0.5700000000000001,1,0
100,0.04,-0.5700000000000001,2,0
100,0.04,-0.5800000000000001,0,0
100,0.04,-0.5800000000000001,1,0
100,0.04,-0.5800000000000001,2,0
100,0.04,-0.5900000000000001,0,0
100,0.04,-0.5900000000000001,1,0
100,0.04,-0.5900000000000001,2,0
100,0.04,-0.5,0,0
100,0.04,-0.5,1,0
100,0.04,-0.5,2,0
100,0.04,-0.6000000000000001,0,0
100,0.04,-0.6000000000000001,1,0
100,0.04,-0.6000000000000001,2,0
100,0.04,-0.6100000000000001,0,0
100,0.04,-0.6100000000000001,1,0
100,0.04,-0.6100000000000001,2,0
100,0.04,-0.6200000000000001,0,0
100,0.04,-0.6200000000000001,1,0
100,0.04,-0.6200000000000001,2,0
100,0.04,-0.63,0,0
100,0.04,-0.63,1,0
100,0.04,-0.63,2,0
100,0.04,-0.64,0,0
100,0.04,-0.64,1,0
100,0.04,-0.64,2,0
100,0.04,-0.65,0,0
100,0.04,-0.65,1,0
100,0.04,-0.65,2,0
100,0.04,-0.66,0,0
100,0.04,-0.66,1,0
100,0.04,-0.66,2,0
100,0.04,-0.67,0,0
100,0.04,-0.67,1,0
100,0.04,-0.67,2,0
100,0.04,-0.68,0,0
100,0.04,-0.68,1,0
100,0.04,-0.68,2,0
100,0.04,-0.6900000000000001,0,0
100,0.04,-0.6900000000000001,1,0
100,0.04,-0.6900000000000001,2,0
100,0.04,-0.7000000000000001,0,0
100,0.04,-0.7000000000000001,1,0
100,0.04,-0.7000000000000001,2,0
100,0.04,-0.7100000000000001,0,0
100,0.04,-0.7100000000000001,1,0
100,0.04,-0.7100000000000001,2,0
100,0.04,-0.7200000000000001,0,0
100,0.04,-0.7200000000000001,1,0
100,0.04,-0.7200000000000001,2,0
100,0.04,-0.73,0,0
100,0.04,-0.73,1,0
100,0.04,-0.73,2,0
100,0.04,-0.74,0,0
100,0.04,-0.74,1,0
100,0.04,-0.74,2,0
100,0.04,-0.75,0,0
100,0.04,-0.75,1,0
100,0.04,-0.75,2,0
100,0.04,-0.76,0,0
100,0.04,-0.76,1,0
100,0.04,-0.76,2,0
100,0.04,-0.77,0,0
100,0.04,-0.77,1,0
100,0.04,-0.77,2,0
100,0.04,-0.78,0,0
100,0.04,-0.78,1,0
100,0.04,-0.78,2,0
100,0.04,-0.79,0,0
100,0.04,-0.79,1,0
100,0.04,-0.79,2,0
100,0.04,-0.8,0,0
100,0.04,-0.8,1,0
100,0.04,-0.8,2,0
100,0.04,0.010000000000000009,0,6600
100,0.04,0.010000000000000009,1,3460
100,0.04,0.010000000000000009,2,830
100,0.04,0.020000000000000018,0,2020
100,0.04,0.020000000000000018,1,1450
100,0.04,0.020000000000000018,2,160
100,0.04,0.030000000000000027,0,1080
100,0.04,0.030000000000000027,1,750
100,0.04,0.030000000000000027,2,10
100,0.04,0.039999999999999925,0,700
100,0.04,0.039999999999999925,1,510
100,0.04,0.039999999999999925,2,0
100,0.04,0.04999999999999993,0,510
100,0.04,0.04999999999999993,1,380
100,0.04,0.04999999999999993,2,0
100,0.04,0.05999999999999994,0,400
100,0.04,0.05999999999999994,1,300
100,0.04,0.05999999999999994,2,0
100,0.04,0.06999999999999995,0,320
100,0.04,0.06999999999999995,1,240
100,0.04,0.06999999999999995,2,0
100,0.04,0.07999999999999996,0,260
100,0.04,0.07999999999999996,1,200
100,0.04,0.07999999999999996,2,0
100,0.04,0.08999999999999997,0,220
100,0.04,0.08999999999999997,1,170
100,0.04,0.08999999999999997,2,0
100,0.04,0.09999999999999998,0,190
100,0.04,0.09999999999999998,1,140
100,0.04,0.09999999999999998,2,0
100,0.04,0.0,0,0
100,0.04,0.0,1,9521
100,0.04,0.0,2,0
100,0.04,0.10999999999999999,0,170
100,0.04,0.10999999999999999,1,120
100,0.04,0.10999999999999999,2,0
100,0.04,0.12,0,150
100,0.04,0.12,1,110
100,0.04,0.12,2,0
100,0.04,0.13,0,140
100,0.04,0.13,1,100
100,0.04,0.13,2,0
100,0.04,0.14,0,120
100,0.04,0.14,1,90
100,0.04,0.14,2,0
100,0.04,0.15000000000000002,0,110
100,0.04,0.15000000000000002,1,80
100,0.04,0.15000000000000002,2,0
100,0.04,0.15999999999999992,0,100
100,0.04,0.15999999999999992,1,70
100,0.04,0.15999999999999992,2,0
100,0.04,0.16999999999999993,0,90
100,0.04,0.16999999999999993,1,60
100,0.04,0.16999999999999993,2,0
100,0.04,0.17999999999999994,0,80
100,0.04,0.17999999999999994,1,60
100,0.04,0.17999999999999994,2,0
100,0.04,0.18999999999999995,0,70
100,0.04,0.18999999999999995,1,50
100,0.04,0.18999999999999995,2,0
100,0.04,0.2,0,10
100,0.04,0.2,1,50
100,0.04,0.2,2,0
100,0.05,-0.010000000000000009,0,9978
100,0.05,-0.010000000000000009,1,9693
100,0.05,-0.010000000000000009,2,8070
100,0.05,-0.020000000000000018,0,9894
100,0.05,-0.020000000000000018,1,9761
100,0.05,-0.020000000000000018,2,1010
100,0.05,-0.030000000000000027,0,300
100,0.05,-0.030000000000000027,1,9614
100,0.05,-0.030000000000000027,2,0
100,0.05,-0.040000000000000036,0,0
100,0.05,-0.040000000000000036,1,9596
100,0.05,-0.040000000000000036,2,0
100,0.05,-0.050000000000000044,0,0
100,0.05,-0.050000000000000044,1,2300
100,0.05,-0.050000000000000044,2,0
100,0.05,-0.06000000000000005,0,0
100,0.05,-0.06000000000000005,1,1670
100,0.05,-0.06000000000000005,2,0
100,0.05,-0.07000000000000006,0,0
100,0.05,-0.07000000000000006,1,1370
100,0.05,-0.07000000000000006,2,0
100,0.05,-0.08000000000000007,0,0
100,0.05,-0.08000000000000007,1,600
100,0.05,-0.08000000000000007,2,0
100,0.05,-0.09000000000000008,0,0
100,0.05,-0.09000000000000008,1,560
100,0.05,-0.09000000000000008,2,0
100,0.05,-0.09999999999999998,0,0
100,0.05,-0.09999999999999998,1,520
100,0.05,-0.09999999999999998,2,0
100,0.05,-0.10999999999999999,0,0
100,0.05,-0.10999999999999999,1,490
100,0.05,-0.10999999999999999,2,0
100,0.05,-0.12,0,0
100,0.05,-0.12,1,460
100,0.05,-0.12,2,0
100,0.05,-0.13,0,0
100,0.05,-0.13,1,430
100,0.05,-0.13,2,0
100,0.05,-0.14,0,0
100,0.05,-0.14,1,1300
100,0.05,-0.14,2,0
100,0.05,-0.15000000000000002,0,0
100,0.05,-0.15000000000000002,1,9765
100,0.05,-0.15000000000000002,2,0
100,0.05,-0.16000000000000003,0,0
100,0.05,-0.16000000000000003,1,9984
100,0.05,-0.16000000000000003,2,0
100,0.05,-0.17000000000000004,0,0
100,0.05,-0.17000000000000004,1,9954
100,0.05,-0.17000000000000004,2,0
100,0.05,-0.18000000000000005,0,0
100,0.05,-0.18000000000000005,1,9931
100,0.05,-0.18000000000000005,2,0
100,0.05,-0.19000000000000006,0,0
100,0.05,-0.19000000000000006,1,480
100,0.05,-0.19000000000000006,2,0
100,0.05,-0.20000000000000007,0,0
100,0.05,-0.20000000000000007,1,9955
100,0.05,-0.20000000000000007,2,0
100,0.05,-0.21000000000000008,0,0
100,0.05,-0.21000000000000008,1,9910
100,0.05,-0.21000000000000008,2,0
100,0.05,-0.22000000000000008,0,0
100,0.05,-0.22000000000000008,1,9950
100,0.05,-0.22000000000000008,2,0
100,0.05,-0.22999999999999998,0,0
100,0.05,-0.22999999999999998,1,9842
100,0.05,-0.22999999999999998,2,0
100,0.05,-0.24,0,0
100,0.05,-0.24,1,9969
100,0.05,-0.24,2,0
100,0.05,-0.25,0,0
100,0.05,-0.25,1,320
100,0.05,-0.25,2,0
100,0.05,-0.26,0,0
100,0.05,-0.26,1,310
100,0.05,-0.26,2,0
100,0.05,-0.27,0,0
100,0.05,-0.27,1,290
100,0.05,-0.27,2,0
100,0.05,-0.28,0,0
100,0.05,-0.28,1,280
100,0.05,-0.28,2,0
100,0.05,-0.29000000000000004,0,0
100,0.05,-0.29000000000000004,1,270
100,0.05,-0.29000000000000004,2,0
100,0.05,-0.30000000000000004,0,0
100,0.05,-0.30000000000000004,1,250
100,0.05,-0.30000000000000004,2,0
100,0.05,-0.31000000000000005,0,0
100,0.05,-0.31000000000000005,1,240
100,0.05,-0.31000000000000005,2,0
100,0.05,-0.32000000000000006,0,0
100,0.05,-0.32000000000000006,1,0
100,0.05,-0.32000000000000006,2,0
100,0.05,-0.33,0,0
100,0.05,-0.33,1,0
100,0.05,-0.33,2,0
100,0.05,-0.34,0,0
100,0.05,-0.34,1,0
100,0.05,-0.34,2,0
100,0.05,-0.35000000000000003,0,0
100,0.05,-0.35000000000000003,1,0
100,0.05,-0.35000000000000003,2,0
100,0.05,-0.36000000000000004,0,0
100,0.05,-0.36000000000000004,1,0
100,0.05,-0.36000000000000004,2,0
100,0.05,-0.37000000000000005,0,0
100,0.05,-0.37000000000000005,1,0
100,0.05,-0.37000000000000005,2,0
100,0.05,-0.38000000000000006,0,0
100,0.05,-0.38000000000000006,1,0
100,0.05,-0.38000000000000006,2,0
100,0.05,-0.39,0,0
100,0.05,-0.39,1,0
100,0.05,-0.39,2,0
100,0.05,-0.41000000000000003,0,0
100,0.05,-0.41000000000000003,1,0
100,0.05,-0.41000000000000003,2,0
100,0.05,-0.42000000000000004,0,0
100,0.05,-0.42000000000000004,1,0
100,0.05,-0.42000000000000004,2,0
100,0.05,-0.43000000000000005,0,0
100,0.05,-0.43000000000000005,1,0
100,0.05,-0.43000000000000005,2,0
100,0.05,-0.44000000000000006,0,0
100,0.05,-0.44000000000000006,1,0
100,0.05,-0.44000000000000006,2,0
100,0.05,-0.45,0,0
100,0.05,-0.45,1,0
100,0.05,-0.45,2,0
100,0.05,-0.46,0,0
100,0.05,-0.46,1,0
100,0.05,-0.46,2,0
100,0.05,-0.47000000000000003,0,0
100,0.05,-0.47000000000000003,1,0
100,0.05,-0.47000000000000003,2,0
100,0.05,-0.48000000000000004,0,0
100,0.05,-0.48000000000000004,1,0
100,0.05,-0.48000000000000004,2,0
100,0.05,-0.49000000000000005,0,0
100,0.05,-0.49000000000000005,1,0
100,0.05,-0.49000000000000005,2,0
100,0.05,-0.4,0,0
100,0.05,-0.4,1,0
100,0.05,-0.4,2,0
100,0.05,-0.51,0,0
100,0.05,-0.51,1,0
100,0.05,-0.51,2,0
100,0.05,-0.52,0,0
100,0.05,-0.52,1,0
100,0.05,-0.52,2,0
100,0.05,-0.53,0,0
100,0.05,-0.53,1,0
100,0.05,-0.53,2,0
100,0.05,-0.54,0,0
100,0.05,-0.54,1,0
100,0.05,-0.54,2,0
100,0.05,-0.55,0,0
100,0.05,-0.55,1,0
100,0.05,-0.55,2,0
100,0.05,-0.56,0,0
100,0.05,-0.56,1,0
100,0.05,-0.56,2,0
100,0.05,-0.5700000000000001,0,0
100,0.05,-0.5700000000000001,1,0
100,0.05,-0.5700000000000001,2,0
100,0.05,-0.5800000000000001,0,0
100,0.05,-0.5800000000000001,1,0
100,0.05,-0.5800000000000001,2,0
100,0.05,-0.5900000000000001,0,0
100,0.05,-0.5900000000000001,1,0
100,0.05,-0.5900000000000001,2,0
100,0.05,-0.5,0,0
100,0.05,-0.5,1,0
100,0.05,-0.5,2,0
100,0.05,-0.6000000000000001,0,0
100,0.05,-0.6000000000000001,1,0
100,0.05,-0.6000000000000001,2,0
100,0.05,-0.6100000000000001,0,0
100,0.05,-0.6100000000000001,1,0
100,0.05,-0.6100000000000001,2,0
100,0.05,-0.6200000000000001,0,0
100,0.05,-0.6200000000000001,1,0
100,0.05,-0.6200000000000001,2,0
100,0.05,-0.63,0,0
100,0.05,-0.63,1,0
100,0.05,-0.63,2,0
100,0.05,-0.64,0,0
100,0.05,-0.64,1,0
100,0.05,-0.64,2,0
100,0.05,-0.65,0,0
100,0.05,-0.65,1,0
100,0.05,-0.65,2,0
100,0.05,-0.66,0,0
100,0.05,-0.66,1,0
100,0.05,-0.66,2,0
100,0.05,-0.67,0,0
100,0.05,-0.67,1,0
100,0.05,-0.67,2,0
100,0.05,-0.68,0,0
100,0.05,-0.68,1,0
100,0.05,-0.68,2,0
100,0.05,-0.6900000000000001,0,0
100,0.05,-0.6900000000000001,1,0
100,0.05,-0.6900000000000001,2,0
100,0.05,-0.7000000000000001,0,0
100,0.05,-0.7000000000000001,1,9855
100,0.05,-0.7000000000000001,2,0
100,0.05,-0.7100000000000001,0,0
100,0.05,-0.7100000000000001,1,0
100,0.05,-0.7100000000000001,2,0
100,0.05,-0.7200000000000001,0,0
100,0.05,-0.7200000000000001,1,0
100,0.05,-0.7200000000000001,2,0
100,0.05,-0.73,0,0
100,0.05,-0.73,1,0
100,0.05,-0.73,2,0
100,0.05,-0.74,0,0
100,0.05,-0.74,1,0
100,0.05,-0.74,2,0
100,0.05,-0.75,0,0
100,0.05,-0.75,1,0
100,0.05,-0.75,2,0
100,0.05,-0.76,0,0
100,0.05,-0.76,1,0
100,0.05,-0.76,2,0
100,0.05,-0.77,0,0
100,0.05,-0.77,1,0
100,0.05,-0.77,2,0
100,0.05,-0.78,0,0
100,0.05,-0.78,1,0
100,0.05,-0.78,2,0
100,0.05,-0.79,0,0
100,0.05,-0.79,1,0
100,0.05,-0.79,2,0
100,0.05,-0.8,0,0
100,0.05,-0.8,1,0
100,0.05,-0.8,2,0
100,0.05,0.010000000000000009,0,6500
100,0.05,0.010000000000000009,1,3830
100,0.05,0.010000000000000009,2,830
100,0.05,0.020000000000000018,0,1650
100,0.05,0.020000000000000018,1,1190
100,0.05,0.020000000000000018,2,150
100,0.05,0.030000000000000027,0,990
100,0.05,0.030000000000000027,1,720
100,0.05,0.030000000000000027,2,20
100,0.05,0.039999999999999925,0,680
100,0.05,0.039999999999999925,1,500
100,0.05,0.039999999999999925,2,0
100,0.05,0.04999999999999993,0,490
100,0.05,0.04999999999999993,1,370
100,0.05,0.04999999999999993,2,0
100,0.05,0.05999999999999994,0,380
100,0.05,0.05999999999999994,1,290
100,0.05,0.05999999999999994,2,0
100,0.05,0.06999999999999995,0,320
100,0.05,0.06999999999999995,1,230
100,0.05,0.06999999999999995,2,0
100,0.05,0.07999999999999996,0,270
100,0.05,0.07999999999999996,1,190
100,0.05,0.07999999999999996,2,0
100,0.05,0.08999999999999997,0,230
100,0.05,0.08999999999999997,1,160
100,0.05,0.08999999999999997,2,0
100,0.05,0.09999999999999998,0,200
100,0.05,0.09999999999999998,1,140
100,0.05,0.09999999999999998,2,0
100,0.05,0.0,0,9887
100,0.05,0.0,1,1610
100,0.05,0.0,2,0
100,0.05,0.10999999999999999,0,170
100,0.05,0.10999999999999999,1,120
100,0.05,0.10999999999999999,2,0
100,0.05,0.12,0,150
100,0.05,0.12,1,110
100,0.05,0.12,2,0
100,0.05,0.13,0,130
100,0.05,0.13,1,90
100,0.05,0.13,2,0
100,0.05,0.14,0,120
100,0.05,0.14,1,80
100,0.05,0.14,2,0
100,0.05,0.15000000000000002,0,100
100,0.05,0.15000000000000002,1,80
100,0.05,0.15000000000000002,2,0
100,0.05,0.15999999999999992,0,90
100,0.05,0.15999999999999992,1,70
100,0.05,0.15999999999999992,2,0
100,0.05,0.16999999999999993,0,80
100,0.05,0.16999999999999993,1,60
100,0.05,0.16999999999999993,2,0
100,0.05,0.17999999999999994,0,70
100,0.05,0.17999999999999994,1,60
100,0.05,0.17999999999999994,2,0
100,0.05,0.18999999999999995,0,60
100,0.05,0.18999999999999995,1,50
100,0.05,0.18999999999999995,2,0
100,0.05,0.2,0,10
100,0.05,0.2,1,50
100,0.05,0.2,2,0
100,0.06,-0.010000000000000009,0,9804
100,0.06,-0.010000000000000009,1,9616
100,0.06,-0.010000000000000009,2,0
100,0.06,-0.020000000000000018,0,3190
100,0.06,-0.020000000000000018,1,9620
100,0.06,-0.020000000000000018,2,540
100,0.06,-0.030000000000000027,0,9939
100,0.06,-0.030000000000000027,1,9941
100,0.06,-0.030000000000000027,2,0
100,0.06,-0.040000000000000036,0,0
100,0.06,-0.040000000000000036,1,9631
100,0.06,-0.040000000000000036,2,0
100,0.06,-0.050000000000000044,0,0
100,0.06,-0.050000000000000044,1,9575
100,0.06,-0.050000000000000044,2,0
100,0.06,-0.06000000000000005,0,0
100,0.06,-0.06000000000000005,1,9603
100,0.06,-0.06000000000000005,2,0
100,0.06,-0.07000000000000006,0,0
100,0.06,-0.07000000000000006,1,9657
100,0.06,-0.07000000000000006,2,0
100,0.06,-0.08000000000000007,0,0
100,0.06,-0.08000000000000007,1,9652
100,0.06,-0.08000000000000007,2,0
100,0.06,-0.09000000000000008,0,0
100,0.06,-0.09000000000000008,1,2340
100,0.06,-0.09000000000000008,2,0
100,0.06,-0.09999999999999998,0,0
100,0.06,-0.09999999999999998,1,2270
100,0.06,-0.09999999999999998,2,0
100,0.06,-0.10999999999999999,0,0
100,0.06,-0.10999999999999999,1,2200
100,0.06,-0.10999999999999999,2,0
100,0.06,-0.12,0,0
100,0.06,-0.12,1,9673
100,0.06,-0.12,2,0
100,0.06,-0.13,0,0
100,0.06,-0.13,1,370
100,0.06,-0.13,2,0
100,0.06,-0.14,0,0
100,0.06,-0.14,1,330
100,0.06,-0.14,2,0
100,0.06,-0.15000000000000002,0,0
100,0.06,-0.15000000000000002,1,300
100,0.06,-0.15000000000000002,2,0
100,0.06,-0.16000000000000003,0,0
100,0.06,-0.16000000000000003,1,290
100,0.06,-0.16000000000000003,2,0
100,0.06,-0.17000000000000004,0,0
100,0.06,-0.17000000000000004,1,0
100,0.06,-0.17000000000000004,2,0
100,0.06,-0.18000000000000005,0,0
100,0.06,-0.18000000000000005,1,0
100,0.06,-0.18000000000000005,2,0
100,0.06,-0.19000000000000006,0,0
100,0.06,-0.19000000000000006,1,0
100,0.06,-0.19000000000000006,2,0
100,0.06,-0.20000000000000007,0,0
100,0.06,-0.20000000000000007,1,0
100,0.06,-0.20000000000000007,2,0
100,0.06,-0.21000000000000008,0,0
100,0.06,-0.21000000000000008,1,0
100,0.06,-0.21000000000000008,2,0
100,0.06,-0.22000000000000008,0,0
100,0.06,-0.22000000000000008,1,0
100,0.06,-0.22000000000000008,2,0
100,0.06,-0.22999999999999998,0,0
100,0.06,-0.22999999999999998,1,0
100,0.06,-0.22999999999999998,2,0
100,0.06,-0.24,0,0
100,0.06,-0.24,1,0
100,0.06,-0.24,2,0
100,0.06,-0.25,0,0
100,0.06,-0.25,1,0
100,0.06,-0.25,2,0
100,0.06,-0.26,0,0
100,0.06,-0.26,1,0
100,0.06,-0.26,2,0
100,0.06,-0.27,0,0
100,0.06,-0.27,1,0
100,0.06,-0.27,2,0
100,0.06,-0.28,0,0
100,0.06,-0.28,1,0
100,0.06,-0.28,2,0
100,0.06,-0.29000000000000004,0,0
100,0.06,-0.29000000000000004,1,0
100,0.06,-0.29000000000000004,2,0
100,0.06,-0.30000000000000004,0,0
100,0.06,-0.30000000000000004,1,260
100,0.06,-0.30000000000000004,2,0
100,0.06,-0.31000000000000005,0,0
100,0.06,-0.31000000000000005,1,250
100,0.06,-0.31000000000000005,2,0
100,0.06,-0.32000000000000006,0,0
100,0.06,-0.32000000000000006,1,240
100,0.06,-0.32000000000000006,2,0
100,0.06,-0.33,0,0
100,0.06,-0.33,1,230
100,0.06,-0.33,2,0
100,0.06,-0.34,0,0
100,0.06,-0.34,1,0
100,0.06,-0.34,2,0
100,0.06,-0.35000000000000003,0,0
100,0.06,-0.35000000000000003,1,0
100,0.06,-0.35000000000000003,2,0
100,0.06,-0.36000000000000004,0,0
100,0.06,-0.36000000000000004,1,0
100,0.06,-0.36000000000000004,2,0
100,0.06,-0.37000000000000005,0,0
100,0.06,-0.37000000000000005,1,0
100,0.06,-0.37000000000000005,2,0
100,0.06,-0.38000000000000006,0,0
100,0.06,-0.38000000000000006,1,0
100,0.06,-0.38000000000000006,2,0
100,0.06,-0.39,0,0
100,0.06,-0.39,1,0
100,0.06,-0.39,2,0
100,0.06,-0.41000000000000003,0,0
100,0.06,-0.41000000000000003,1,0
100,0.06,-0.41000000000000003,2,0
100,0.06,-0.42000000000000004,0,0
100,0.06,-0.42000000000000004,1,0
100,0.06,-0.42000000000000004,2,0
100,0.06,-0.43000000000000005,0,0
100,0.06,-0.43000000000000005,1,0
100,0.06,-0.43000000000000005,2,0
100,0.06,-0.44000000000000006,0,0
100,0.06,-0.44000000000000006,1,0
100,0.06,-0.44000000000000006,2,0
100,0.06,-0.45,0,0
100,0.06,-0.45,1,0
100,0.06,-0.45,2,0
100,0.06,-0.46,0,0
100,0.06,-0.46,1,0
100,0.06,-0.46,2,0
100,0.06,-0.47000000000000003,0,0
100,0.06,-0.47000000000000003,1,0
100,0.06,-0.47000000000000003,2,0
100,0.06,-0.48000000000000004,0,0
100,0.06,-0.48000000000000004,1,0
100,0.06,-0.48000000000000004,2,0
100,0.06,-0.49000000000000005,0,0
100,0.06,-0.49000000000000005,1,0
100,0.06,-0.49000000000000005,2,0
100,0.06,-0.4,0,0
100,0.06,-0.4,1,0
100,0.06,-0.4,2,0
100,0.06,-0.51,0,0
100,0.06,-0.51,1,0
100,0.06,-0.51,2,0
100,0.06,-0.52,0,0
100,0.06,-0.52,1,0
100,0.06,-0.52,2,0
100,0.06,-0.53,0,0
100,0.06,-0.53,1,0
100,0.06,-0.53,2,0
100,0.06,-0.54,0,0
100,0.06,-0.54,1,0
100,0.06,-0.54,2,0
100,0.06,-0.55,0,0
100,0.06,-0.55,1,0
100,0.06,-0.55,2,0
100,0.06,-0.56,0,0
100,0.06,-0.56,1,0
100,0.06,-0.56,2,0
100,0.06,-0.5700000000000001,0,0
100,0.06,-0.5700000000000001,1,0
100,0.06,-0.5700000000000001,2,0
100,0.06,-0.5800000000000001,0,0
100,0.06,-0.5800000000000001,1,0
100,0.06,-0.5800000000000001,2,0
100,0.06,-0.5900000000000001,0,0
100,0.06,-0.5900000000000001,1,0
100,0.06,-0.5900000000000001,2,0
100,0.06,-0.5,0,0
100,0.06,-0.5,1,0
100,0.06,-0.5,2,0
100,0.06,-0.6000000000000001,0,0
100,0.06,-0.6000000000000001,1,0
100,0.06,-0.6000000000000001,2,0
100,0.06,-0.6100000000000001,0,0
100,0.06,-0.6100000000000001,1,0
100,0.06,-0.6100000000000001,2,0
100,0.06,-0.6200000000000001,0,0
100,0.06,-0.6200000000000001,1,0
100,0.06,-0.6200000000000001,2,0
100,0.06,-0.63,0,0
100,0.06,-0.63,1,0
100,0.06,-0.63,2,0
100,0.06,-0.64,0,0
100,0.06,-0.64,1,0
100,0.06,-0.64,2,0
100,0.06,-0.65,0,0
100,0.06,-0.65,1,0
100,0.06,-0.65,2,0
100,0.06,-0.66,0,0
100,0.06,-0.66,1,0
100,0.06,-0.66,2,0
100,0.06,-0.67,0,0
100,0.06,-0.67,1,0
100,0.06,-0.67,2,0
100,0.06,-0.68,0,0
100,0.06,-0.68,1,0
100,0.06,-0.68,2,0
100,0.06,-0.6900000000000001,0,0
100,0.06,-0.6900000000000001,1,0
100,0.06,-0.6900000000000001,2,0
100,0.06,-0.7000000000000001,0,0
100,0.06,-0.7000000000000001,1,0
100,0.06,-0.7000000000000001,2,0
100,0.06,-0.7100000000000001,0,0
100,0.06,-0.7100000000000001,1,0
100,0.06,-0.7100000000000001,2,0
100,0.06,-0.7200000000000001,0,0
100,0.06,-0.7200000000000001,1,0
100,0.06,-0.7200000000000001,2,0
100,0.06,-0.73,0,0
100,0.06,-0.73,1,0
100,0.06,-0.73,2,0
100,0.06,-0.74,0,0
100,0.06,-0.74,1,0
100,0.06,-0.74,2,0
100,0.06,-0.75,0,0
100,0.06,-0.75,1,0
100,0.06,-0.75,2,0
100,0.06,-0.76,0,0
100,0.06,-0.76,1,0
100,0.06,-0.76,2,0
100,0.06,-0.77,0,0
100,0.06,-0.77,1,0
100,0.06,-0.77,2,0
100,0.06,-0.78,0,0
100,0.06,-0.78,1,0
100,0.06,-0.78,2,0
100,0.06,-0.79,0,0
100,0.06,-0.79,1,0
100,0.06,-0.79,2,0
100,0.06,-0.8,0,0
100,0.06,-0.8,1,0
100,0.06,-0.8,2,0
100,0.06,0.010000000000000009,0,4450
100,0.06,0.010000000000000009,1,5460
100,0.06,0.010000000000000009,2,900
100,0.06,0.020000000000000018,0,2170
100,0.06,0.020000000000000018,1,1330
100,0.06,0.020000000000000018,2,140
100,0.06,0.030000000000000027,0,1220
100,0.06,0.030000000000000027,1,690
100,0.06,0.030000000000000027,2,20
100,0.06,0.039999999999999925,0,750
100,0.06,0.039999999999999925,1,480
100,0.06,0.039999999999999925,2,10
100,0.06,0.04999999999999993,0,560
100,0.06,0.04999999999999993,1,360
100,0.06,0.04999999999999993,2,0
100,0.06,0.05999999999999994,0,440
100,0.06,0.05999999999999994,1,280
100,0.06,0.05999999999999994,2,0
100,0.06,0.06999999999999995,0,350
100,0.06,0.06999999999999995,1,230
100,0.06,0.06999999999999995,2,0
100,0.06,0.07999999999999996,0,280
100,0.06,0.07999999999999996,1,190
100,0.06,0.07999999999999996,2,0
100,0.06,0.08999999999999997,0,240
100,0.06,0.08999999999999997,1,160
100,0.06,0.08999999999999997,2,0
100,0.06,0.09999999999999998,0,200
100,0.06,0.09999999999999998,1,140
100,0.06,0.09999999999999998,2,0
100,0.06,0.0,0,9913
100,0.06,0.0,1,10
100,0.06,0.0,2,0
100,0.06,0.10999999999999999,0,180
100,0.06,0.10999999999999999,1,120
100,0.06,0.10999999999999999,2,0
100,0.06,0.12,0,150
100,0.06,0.12,1,100
100,0.06,0.12,2,0
100,0.06,0.13,0,130
100,0.06,0.13,1,90
100,0.06,0.13,2,0
100,0.06,0.14,0,120
100,0.06,0.14,1,80
100,0.06,0.14,2,0
100,0.06,0.15000000000000002,0,100
100,0.06,0.15000000000000002,1,70
100,0.06,0.15000000000000002,2,0
100,0.06,0.15999999999999992,0,90
100,0.06,0.15999999999999992,1,70
100,0.06,0.15999999999999992,2,0
100,0.06,0.16999999999999993,0,80
100,0.06,0.16999999999999993,1,60
100,0.06,0.16999999999999993,2,0
100,0.06,0.17999999999999994,0,70
100,0.06,0.17999999999999994,1,60
100,0.06,0.17999999999999994,2,0
100,0.06,0.18999999999999995,0,10
100,0.06,0.18999999999999995,1,50
100,0.06,0.18999999999999995,2,0
100,0.06,0.2,0,10
100,0.06,0.2,1,50
100,0.06,0.2,2,0
100,0.07,-0.010000000000000009,0,9966
100,0.07,-0.010000000000000009,1,9659
100,0.07,-0.010000000000000009,2,0
100,0.07,-0.020000000000000018,0,9810
100,0.07,-0.020000000000000018,1,9654
100,0.07,-0.020000000000000018,2,460
100,0.07,-0.030000000000000027,0,9954
100,0.07,-0.030000000000000027,1,9818
100,0.07,-0.030000000000000027,2,9693
100,0.07,-0.040000000000000036,0,0
100,0.07,-0.040000000000000036,1,9967
100,0.07,-0.040000000000000036,2,1020
100,0.07,-0.050000000000000044,0,0
100,0.07,-0.050000000000000044,1,9791
100,0.07,-0.050000000000000044,2,0
100,0.07,-0.06000000000000005,0,0
100,0.07,-0.06000000000000005,1,9720
100,0.07,-0.06000000000000005,2,0
100,0.07,-0.07000000000000006,0,0
100,0.07,-0.07000000000000006,1,2650
100,0.07,-0.07000000000000006,2,0
100,0.07,-0.08000000000000007,0,0
100,0.07,-0.08000000000000007,1,2570
100,0.07,-0.08000000000000007,2,0
100,0.07,-0.09000000000000008,0,0
100,0.07,-0.09000000000000008,1,2520
100,0.07,-0.09000000000000008,2,0
100,0.07,-0.09999999999999998,0,0
100,0.07,-0.09999999999999998,1,1940
100,0.07,-0.09999999999999998,2,0
100,0.07,-0.10999999999999999,0,0
100,0.07,-0.10999999999999999,1,1870
100,0.07,-0.10999999999999999,2,0
100,0.07,-0.12,0,0
100,0.07,-0.12,1,1820
100,0.07,-0.12,2,0
100,0.07,-0.13,0,0
100,0.07,-0.13,1,9794
100,0.07,-0.13,2,0
100,0.07,-0.14,0,0
100,0.07,-0.14,1,9776
100,0.07,-0.14,2,0
100,0.07,-0.15000000000000002,0,0
100,0.07,-0.15000000000000002,1,1670
100,0.07,-0.15000000000000002,2,0
100,0.07,-0.16000000000000003,0,0
100,0.07,-0.16000000000000003,1,1620
100,0.07,-0.16000000000000003,2,0
100,0.07,-0.17000000000000004,0,0
100,0.07,-0.17000000000000004,1,1570
100,0.07,-0.17000000000000004,2,0
100,0.07,-0.18000000000000005,0,0
100,0.07,-0.18000000000000005,1,1470
100,0.07,-0.18000000000000005,2,0
100,0.07,-0.19000000000000006,0,0
100,0.07,-0.19000000000000006,1,0
100,0.07,-0.19000000000000006,2,0
100,0.07,-0.20000000000000007,0,0
100,0.07,-0.20000000000000007,1,9969
100,0.07,-0.20000000000000007,2,0
100,0.07,-0.21000000000000008,0,0
100,0.07,-0.21000000000000008,1,9810
100,0.07,-0.21000000000000008,2,0
100,0.07,-0.22000000000000008,0,0
100,0.07,-0.22000000000000008,1,300
100,0.07,-0.22000000000000008,2,0
100,0.07,-0.22999999999999998,0,0
100,0.07,-0.22999999999999998,1,0
100,0.07,-0.22999999999999998,2,0
100,0.07,-0.24,0,0
100,0.07,-0.24,1,0
100,0.07,-0.24,2,0
100,0.07,-0.25,0,0
100,0.07,-0.25,1,0
100,0.07,-0.25,2,0
100,0.07,-0.26,0,0
100,0.07,-0.26,1,0
100,0.07,-0.26,2,0
100,0.07,-0.27,0,0
100,0.07,-0.27,1,0
100,0.07,-0.27,2,0
100,0.07,-0.28,0,0
100,0.07,-0.28,1,0
100,0.07,-0.28,2,0
100,0.07,-0.29000000000000004,0,0
100,0.07,-0.29000000000000004,1,0
100,0.07,-0.29000000000000004,2,0
100,0.07,-0.30000000000000004,0,0
100,0.07,-0.30000000000000004,1,0
100,0.07,-0.30000000000000004,2,0
100,0.07,-0.31000000000000005,0,0
100,0.07,-0.31000000000000005,1,0
100,0.07,-0.31000000000000005,2,0
100,0.07,-0.32000000000000006,0,0
100,0.07,-0.32000000000000006,1,0
100,0.07,-0.32000000000000006,2,0
100,0.07,-0.33,0,0
100,0.07,-0.33,1,0
100,0.07,-0.33,2,0
100,0.07,-0.34,0,0
100,0.07,-0.34,1,0
100,0.07,-0.34,2,0
100,0.07,-0.35000000000000003,0,0
100,0.07,-0.35000000000000003,1,0
100,0.07,-0.35000000000000003,2,0
100,0.07,-0.36000000000000004,0,0
100,0.07,-0.36000000000000004,1,0
100,0.07,-0.36000000000000004,2,0
100,0.07,-0.37000000000000005,0,0
100,0.07,-0.37000000000000005,1,0
100,0.07,-0.37000000000000005,2,0
100,0.07,-0.38000000000000006,0,0
100,0.07,-0.38000000000000006,1,0
100,0.07,-0.38000000000000006,2,0
100,0.07,-0.39,0,0
100,0.07,-0.39,1,0
100,0.07,-0.39,2,0
100,0.07,-0.41000000000000003,0,0
100,0.07,-0.41000000000000003,1,0
100,0.07,-0.41000000000000003,2,0
100,0.07,-0.42000000000000004,0,0
100,0.07,-0.42000000000000004,1,0
100,0.07,-0.42000000000000004,2,0
100,0.07,-0.43000000000000005,0,0
100,0.07,-0.43000000000000005,1,0
100,0.07,-0.43000000000000005,2,0
100,0.07,-0.44000000000000006,0,0
100,0.07,-0.44000000000000006,1,0
100,0.07,-0.44000000000000006,2,0
100,0.07,-0.45,0,0
100,0.07,-0.45,1,0
100,0.07,-0.45,2,0
100,0.07,-0.46,0,0
100,0.07,-0.46,1,0
100,0.07,-0.46,2,0
100,0.07,-0.47000000000000003,0,0
100,0.07,-0.47000000000000003,1,0
100,0.07,-0.47000000000000003,2,0
100,0.07,-0.48000000000000004,0,0
100,0.07,-0.48000000000000004,1,4260
100,0.07,-0.48000000000000004,2,0
100,0.07,-0.49000000000000005,0,0
100,0.07,-0.49000000000000005,1,0
100,0.07,-0.49000000000000005,2,0
100,0.07,-0.4,0,0
100,0.07,-0.4,1,0
100,0.07,-0.4,2,0
100,0.07,-0.51,0,0
100,0.07,-0.51,1,0
100,0.07,-0.51,2,0
100,0.07,-0.52,0,0
100,0.07,-0.52,1,0
100,0.07,-0.52,2,0
100,0.07,-0.53,0,0
100,0.07,-0.53,1,0
100,0.07,-0.53,2,0
100,0.07,-0.54,0,0
100,0.07,-0.54,1,0
100,0.07,-0.54,2,0
100,0.07,-0.55,0,0
100,0.07,-0.55,1,0
100,0.07,-0.55,2,0
100,0.07,-0.56,0,0
100,0.07,-0.56,1,0
100,0.07,-0.56,2,0
100,0.07,-0.5700000000000001,0,0
100,0.07,-0.5700000000000001,1,0
100,0.07,-0.5700000000000001,2,0
100,0.07,-0.5800000000000001,0,0
100,0.07,-0.5800000000000001,1,0
100,0.07,-0.5800000000000001,2,0
100,0.07,-0.5900000000000001,0,0
100,0.07,-0.5900000000000001,1,0
100,0.07,-0.5900000000000001,2,0
100,0.07,-0.5,0,0
100,0.07,-0.5,1,0
100,0.07,-0.5,2,0
100,0.07,-0.6000000000000001,0,0
100,0.07,-0.6000000000000001,1,0
100,0.07,-0.6000000000000001,2,0
100,0.07,-0.6100000000000001,0,0
100,0.07,-0.6100000000000001,1,0
100,0.07,-0.6100000000000001,2,0
100,0.07,-0.6200000000000001,0,0
100,0.07,-0.6200000000000001,1,0
100,0.07,-0.6200000000000001,2,0
100,0.07,-0.63,0,0
100,0.07,-0.63,1,0
100,0.07,-0.63,2,0
100,0.07,-0.64,0,0
100,0.07,-0.64,1,0
100,0.07,-0.64,2,0
100,0.07,-0.65,0,0
100,0.07,-0.65,1,0
100,0.07,-0.65,2,0
100,0.07,-0.66,0,0
100,0.07,-0.66,1,0
100,0.07,-0.66,2,0
100,0.07,-0.67,0,0
100,0.07,-0.67,1,0
100,0.07,-0.67,2,0
100,0.07,-0.68,0,0
100,0.07,-0.68,1,0
100,0.07,-0.68,2,0
100,0.07,-0.6900000000000001,0,0
100,0.07,-0.6900000000000001,1,0
100,0.07,-0.6900000000000001,2,0
100,0.07,-0.7000000000000001,0,0
100,0.07,-0.7000000000000001,1,0
100,0.07,-0.7000000000000001,2,0
100,0.07,-0.7100000000000001,0,0
100,0.07,-0.7100000000000001,1,0
100,0.07,-0.7100000000000001,2,0
100,0.07,-0.7200000000000001,0,0
100,0.07,-0.7200000000000001,1,0
100,0.07,-0.7200000000000001,2,0
100,0.07,-0.73,0,0
100,0.07,-0.73,1,0
100,0.07,-0.73,2,0
100,0.07,-0.74,0,0
100,0.07,-0.74,1,0
100,0.07,-0.74,2,0
100,0.07,-0.75,0,0
100,0.07,-0.75,1,0
100,0.07,-0.75,2,0
100,0.07,-0.76,0,0
100,0.07,-0.76,1,0
100,0.07,-0.76,2,0
100,0.07,-0.77,0,0
100,0.07,-0.77,1,0
100,0.07,-0.77,2,0
100,0.07,-0.78,0,0
100,0.07,-0.78,1,0
100,0.07,-0.78,2,0
100,0.07,-0.79,0,0
100,0.07,-0.79,1,0
100,0.07,-0.79,2,0
100,0.07,-0.8,0,0
100,0.07,-0.8,1,0
100,0.07,-0.8,2,0
100,0.07,0.010000000000000009,0,4500
100,0.07,0.010000000000000009,1,9983
100,0.07,0.010000000000000009,2,1170
100,0.07,0.020000000000000018,0,2160
100,0.07,0.020000000000000018,1,1280
100,0.07,0.020000000000000018,2,160
100,0.07,0.030000000000000027,0,1180
100,0.07,0.030000000000000027,1,670
100,0.07,0.030000000000000027,2,30
100,0.07,0.039999999999999925,0,740
100,0.07,0.039999999999999925,1,470
100,0.07,0.039999999999999925,2,10
100,0.07,0.04999999999999993,0,550
100,0.07,0.04999999999999993,1,350
100,0.07,0.04999999999999993,2,0
100,0.07,0.05999999999999994,0,430
100,0.07,0.05999999999999994,1,280
100,0.07,0.05999999999999994,2,0
100,0.07,0.06999999999999995,0,350
100,0.07,0.06999999999999995,1,220
100,0.07,0.06999999999999995,2,0
100,0.07,0.07999999999999996,0,290
100,0.07,0.07999999999999996,1,190
100,0.07,0.07999999999999996,2,0
100,0.07,0.08999999999999997,0,240
100,0.07,0.08999999999999997,1,160
100,0.07,0.08999999999999997,2,0
100,0.07,0.09999999999999998,0,200
100,0.07,0.09999999999999998,1,130
100,0.07,0.09999999999999998,2,0
100,0.07,0.0,0,9827
100,0.07,0.0,1,0
100,0.07,0.0,2,0
100,0.07,0.10999999999999999,0,170
100,0.07,0.10999999999999999,1,120
100,0.07,0.10999999999999999,2,0
100,0.07,0.12,0,150
100,0.07,0.12,1,100
100,0.07,0.12,2,0
100,0.07,0.13,0,130
100,0.07,0.13,1,90
100,0.07,0.13,2,0
100,0.07,0.14,0,110
100,0.07,0.14,1,80
100,0.07,0.14,2,0
100,0.07,0.15000000000000002,0,100
100,0.07,0.15000000000000002,1,70
100,0.07,0.15000000000000002,2,0
100,0.07,0.15999999999999992,0,90
100,0.07,0.15999999999999992,1,70
100,0.07,0.15999999999999992,2,0
100,0.07,0.16999999999999993,0,80
100,0.07,0.16999999999999993,1,60
100,0.07,0.16999999999999993,2,0
100,0.07,0.17999999999999994,0,70
100,0.07,0.17999999999999994,1,60
100,0.07,0.17999999999999994,2,0
100,0.07,0.18999999999999995,0,10
100,0.07,0.18999999999999995,1,50
100,0.07,0.18999999999999995,2,0
100,0.07,0.2,0,10
100,0.07,0.2,1,50
100,0.07,0.2,2,0
100,0.08,-0.010000000000000009,0,4270
100,0.08,-0.010000000000000009,1,6130
100,0.08,-0.010000000000000009,2,0
100,0.08,-0.020000000000000018,0,6820
100,0.08,-0.020000000000000018,1,9606
100,0.08,-0.020000000000000018,2,9870
100,0.08,-0.030000000000000027,0,9726
100,0.08,-0.030000000000000027,1,9820
100,0.08,-0.030000000000000027,2,9880
100,0.08,-0.040000000000000036,0,9928
100,0.08,-0.040000000000000036,1,850
100,0.08,-0.040000000000000036,2,710
100,0.08,-0.050000000000000044,0,0
100,0.08,-0.050000000000000044,1,2350
100,0.08,-0.050000000000000044,2,0
100,0.08,-0.06000000000000005,0,0
100,0.08,-0.06000000000000005,1,830
100,0.08,-0.06000000000000005,2,0
100,0.08,-0.07000000000000006,0,0
100,0.08,-0.07000000000000006,1,9847
100,0.08,-0.07000000000000006,2,0
100,0.08,-0.08000000000000007,0,0
100,0.08,-0.08000000000000007,1,9626
100,0.08,-0.08000000000000007,2,0
100,0.08,-0.09000000000000008,0,0
100,0.08,-0.09000000000000008,1,2260
100,0.08,-0.09000000000000008,2,0
100,0.08,-0.09999999999999998,0,0
100,0.08,-0.09999999999999998,1,1980
100,0.08,-0.09999999999999998,2,0
100,0.08,-0.10999999999999999,0,0
100,0.08,-0.10999999999999999,1,1880
100,0.08,-0.10999999999999999,2,0
100,0.08,-0.12,0,0
100,0.08,-0.12,1,1810
100,0.08,-0.12,2,0
100,0.08,-0.13,0,0
100,0.08,-0.13,1,1600
100,0.08,-0.13,2,0
100,0.08,-0.14,0,0
100,0.08,-0.14,1,790
100,0.08,-0.14,2,0
100,0.08,-0.15000000000000002,0,0
100,0.08,-0.15000000000000002,1,1400
100,0.08,-0.15000000000000002,2,0
100,0.08,-0.16000000000000003,0,0
100,0.08,-0.16000000000000003,1,1360
100,0.08,-0.16000000000000003,2,0
100,0.08,-0.17000000000000004,0,0
100,0.08,-0.17000000000000004,1,9865
100,0.08,-0.17000000000000004,2,0
100,0.08,-0.18000000000000005,0,0
100,0.08,-0.18000000000000005,1,9885
100,0.08,-0.18000000000000005,2,0
100,0.08,-0.19000000000000006,0,0
100,0.08,-0.19000000000000006,1,9759
100,0.08,-0.19000000000000006,2,0
100,0.08,-0.20000000000000007,0,0
100,0.08,-0.20000000000000007,1,0
100,0.08,-0.20000000000000007,2,0
100,0.08,-0.21000000000000008,0,0
100,0.08,-0.21000000000000008,1,0
100,0.08,-0.21000000000000008,2,0
100,0.08,-0.22000000000000008,0,0
100,0.08,-0.22000000000000008,1,0
100,0.08,-0.22000000000000008,2,0
100,0.08,-0.22999999999999998,0,0
100,0.08,-0.22999999999999998,1,0
100,0.08,-0.22999999999999998,2,0
100,0.08,-0.24,0,0
100,0.08,-0.24,1,0
100,0.08,-0.24,2,0
100,0.08,-0.25,0,0
100,0.08,-0.25,1,0
100,0.08,-0.25,2,0
100,0.08,-0.26,0,0
100,0.08,-0.26,1,0
100,0.08,-0.26,2,0
100,0.08,-0.27,0,0
100,0.08,-0.27,1,0
100,0.08,-0.27,2,0
100,0.08,-0.28,0,0
100,0.08,-0.28,1,0
100,0.08,-0.28,2,0
100,0.08,-0.29000000000000004,0,0
100,0.08,-0.29000000000000004,1,0
100,0.08,-0.29000000000000004,2,0
100,0.08,-0.30000000000000004,0,0
100,0.08,-0.30000000000000004,1,0
100,0.08,-0.30000000000000004,2,0
100,0.08,-0.31000000000000005,0,0
100,0.08,-0.31000000000000005,1,0
100,0.08,-0.31000000000000005,2,0
100,0.08,-0.32000000000000006,0,0
100,0.08,-0.32000000000000006,1,0
100,0.08,-0.32000000000000006,2,0
100,0.08,-0.33,0,0
100,0.08,-0.33,1,0
100,0.08,-0.33,2,0
100,0.08,-0.34,0,0
100,0.08,-0.34,1,0
100,0.08,-0.34,2,0
100,0.08,-0.35000000000000003,0,0
100,0.08,-0.35000000000000003,1,0
100,0.08,-0.35000000000000003,2,0
100,0.08,-0.36000000000000004,0,0
100,0.08,-0.36000000000000004,1,0
100,0.08,-0.36000000000000004,2,0
100,0.08,-0.37000000000000005,0,0
100,0.08,-0.37000000000000005,1,0
100,0.08,-0.37000000000000005,2,0
100,0.08,-0.38000000000000006,0,0
100,0.08,-0.38000000000000006,1,0
100,0.08,-0.38000000000000006,2,0
100,0.08,-0.39,0,0
100,0.08,-0.39,1,0
100,0.08,-0.39,2,0
100,0.08,-0.41000000000000003,0,0
100,0.08,-0.41000000000000003,1,0
100,0.08,-0.41000000000000003,2,0
100,0.08,-0.42000000000000004,0,0
100,0.08,-0.42000000000000004,1,9972
100,0.08,-0.42000000000000004,2,0
100,0.08,-0.43000000000000005,0,0
100,0.08,-0.43000000000000005,1,9968
100,0.08,-0.43000000000000005,2,0
100,0.08,-0.44000000000000006,0,0
100,0.08,-0.44000000000000006,1,0
100,0.08,-0.44000000000000006,2,0
100,0.08,-0.45,0,0
100,0.08,-0.45,1,0
100,0.08,-0.45,2,0
100,0.08,-0.46,0,0
100,0.08,-0.46,1,0
100,0.08,-0.46,2,0
100,0.08,-0.47000000000000003,0,0
100,0.08,-0.47000000000000003,1,0
100,0.08,-0.47000000000000003,2,0
100,0.08,-0.48000000000000004,0,0
100,0.08,-0.48000000000000004,1,9941
100,0.08,-0.48000000000000004,2,0
100,0.08,-0.49000000000000005,0,0
100,0.08,-0.49000000000000005,1,0
100,0.08,-0.49000000000000005,2,0
100,0.08,-0.4,0,0
100,0.08,-0.4,1,0
100,0.08,-0.4,2,0
100,0.08,-0.51,0,0
100,0.08,-0.51,1,0
100,0.08,-0.51,2,0
100,0.08,-0.52,0,0
100,0.08,-0.52,1,0
100,0.08,-0.52,2,0
100,0.08,-0.53,0,0
100,0.08,-0.53,1,0
100,0.08,-0.53,2,0
100,0.08,-0.54,0,0
100,0.08,-0.54,1,0
100,0.08,-0.54,2,0
100,0.08,-0.55,0,0
100,0.08,-0.55,1,0
100,0.08,-0.55,2,0
100,0.08,-0.56,0,0
100,0.08,-0.56,1,0
100,0.08,-0.56,2,0
100,0.08,-0.5700000000000001,0,0
100,0.08,-0.5700000000000001,1,0
100,0.08,-0.5700000000000001,2,0
100,0.08,-0.5800000000000001,0,0
100,0.08,-0.5800000000000001,1,0
100,0.08,-0.5800000000000001,2,0
100,0.08,-0.5900000000000001,0,0
100,0.08,-0.5900000000000001,1,0
100,0.08,-0.5900000000000001,2,0
100,0.08,-0.5,0,0
100,0.08,-0.5,1,0
100,0.08,-0.5,2,0
100,0.08,-0.6000000000000001,0,0
100,0.08,-0.6000000000000001,1,0
100,0.08,-0.6000000000000001,2,0
100,0.08,-0.6100000000000001,0,0
100,0.08,-0.6100000000000001,1,0
100,0.08,-0.6100000000000001,2,0
100,0.08,-0.6200000000000001,0,0
100,0.08,-0.6200000000000001,1,0
100,0.08,-0.6200000000000001,2,0
100,0.08,-0.63,0,0
100,0.08,-0.63,1,0
100,0.08,-0.63,2,0
100,0.08,-0.64,0,0
100,0.08,-0.64,1,0
100,0.08,-0.64,2,0
100,0.08,-0.65,0,0
100,0.08,-0.65,1,0
100,0.08,-0.65,2,0
100,0.08,-0.66,0,0
100,0.08,-0.66,1,0
100,0.08,-0.66,2,0
100,0.08,-0.67,0,0
100,0.08,-0.67,1,0
100,0.08,-0.67,2,0
100,0.08,-0.68,0,0
100,0.08,-0.68,1,0
100,0.08,-0.68,2,0
100,0.08,-0.6900000000000001,0,0
100,0.08,-0.6900000000000001,1,0
100,0.08,-0.6900000000000001,2,0
100,0.08,-0.7000000000000001,0,0
100,0.08,-0.7000000000000001,1,9942
100,0.08,-0.7000000000000001,2,0
100,0.08,-0.7100000000000001,0,0
100,0.08,-0.7100000000000001,1,4470
100,0.08,-0.7100000000000001,2,0
100,0.08,-0.7200000000000001,0,0
100,0.08,-0.7200000000000001,1,4320
100,0.08,-0.7200000000000001,2,0
100,0.08,-0.73,0,0
100,0.08,-0.73,1,0
100,0.08,-0.73,2,0
100,0.08,-0.74,0,0
100,0.08,-0.74,1,0
100,0.08,-0.74,2,0
100,0.08,-0.75,0,0
100,0.08,-0.75,1,0
100,0.08,-0.75,2,0
100,0.08,-0.76,0,0
100,0.08,-0.76,1,0
100,0.08,-0.76,2,0
100,0.08,-0.77,0,0
100,0.08,-0.77,1,0
100,0.08,-0.77,2,0
100,0.08,-0.78,0,0
100,0.08,-0.78,1,0
100,0.08,-0.78,2,0
100,0.08,-0.79,0,0
100,0.08,-0.79,1,0
100,0.08,-0.79,2,0
100,0.08,-0.8,0,0
100,0.08,-0.8,1,0
100,0.08,-0.8,2,0
100,0.08,0.010000000000000009,0,4600
100,0.08,0.010000000000000009,1,9934
100,0.08,0.010000000000000009,2,1110
100,0.08,0.020000000000000018,0,2160
100,0.08,0.020000000000000018,1,1260
100,0.08,0.020000000000000018,2,160
100,0.08,0.030000000000000027,0,1260
100,0.08,0.030000000000000027,1,790
100,0.08,0.030000000000000027,2,50
100,0.08,0.039999999999999925,0,770
100,0.08,0.039999999999999925,1,450
100,0.08,0.039999999999999925,2,10
100,0.08,0.04999999999999993,0,560
100,0.08,0.04999999999999993,1,340
100,0.08,0.04999999999999993,2,0
100,0.08,0.05999999999999994,0,440
100,0.08,0.05999999999999994,1,270
100,0.08,0.05999999999999994,2,0
100,0.08,0.06999999999999995,0,350
100,0.08,0.06999999999999995,1,220
100,0.08,0.06999999999999995,2,0
100,0.08,0.07999999999999996,0,290
100,0.08,0.07999999999999996,1,180
100,0.08,0.07999999999999996,2,0
100,0.08,0.08999999999999997,0,240
100,0.08,0.08999999999999997,1,150
100,0.08,0.08999999999999997,2,0
100,0.08,0.09999999999999998,0,200
100,0.08,0.09999999999999998,1,130
100,0.08,0.09999999999999998,2,0
100,0.08,0.0,0,9997
100,0.08,0.0,1,0
100,0.08,0.0,2,0
100,0.08,0.10999999999999999,0,170
100,0.08,0.10999999999999999,1,120
100,0.08,0.10999999999999999,2,0
100,0.08,0.12,0,150
100,0.08,0.12,1,100
100,0.08,0.12,2,0
100,0.08,0.13,0,130
100,0.08,0.13,1,90
100,0.08,0.13,2,0
100,0.08,0.14,0,110
100,0.08,0.14,1,80
100,0.08,0.14,2,0
100,0.08,0.15000000000000002,0,100
100,0.08,0.15000000000000002,1,70
100,0.08,0.15000000000000002,2,0
100,0.08,0.15999999999999992,0,90
100,0.08,0.15999999999999992,1,70
100,0.08,0.15999999999999992,2,0
100,0.08,0.16999999999999993,0,70
100,0.08,0.16999999999999993,1,60
100,0.08,0.16999999999999993,2,0
100,0.08,0.17999999999999994,0,60
100,0.08,0.17999999999999994,1,50
100,0.08,0.17999999999999994,2,0
100,0.08,0.18999999999999995,0,10
100,0.08,0.18999999999999995,1,50
100,0.08,0.18999999999999995,2,0
100,0.08,0.2,0,10
100,0.08,0.2,1,50
100,0.08,0.2,2,0
100,0.09,-0.010000000000000009,0,400
100,0.09,-0.010000000000000009,1,10
100,0.09,-0.010000000000000009,2,0
100,0.09,-0.020000000000000018,0,9870
100,0.09,-0.020000000000000018,1,9090
100,0.09,-0.020000000000000018,2,9380
100,0.09,-0.030000000000000027,0,9687
100,0.09,-0.030000000000000027,1,9578
100,0.09,-0.030000000000000027,2,9900
100,0.09,-0.040000000000000036,0,310
100,0.09,-0.040000000000000036,1,9986
100,0.09,-0.040000000000000036,2,9010
100,0.09,-0.050000000000000044,0,0
100,0.09,-0.050000000000000044,1,690
100,0.09,-0.050000000000000044,2,9897
100,0.09,-0.06000000000000005,0,0
100,0.09,-0.06000000000000005,1,600
100,0.09,-0.06000000000000005,2,0
100,0.09,-0.07000000000000006,0,0
100,0.09,-0.07000000000000006,1,9597
100,0.09,-0.07000000000000006,2,0
100,0.09,-0.08000000000000007,0,0
100,0.09,-0.08000000000000007,1,9961
100,0.09,-0.08000000000000007,2,0
100,0.09,-0.09000000000000008,0,0
100,0.09,-0.09000000000000008,1,1050
100,0.09,-0.09000000000000008,2,0
100,0.09,-0.09999999999999998,0,0
100,0.09,-0.09999999999999998,1,9757
100,0.09,-0.09999999999999998,2,0
100,0.09,-0.10999999999999999,0,0
100,0.09,-0.10999999999999999,1,820
100,0.09,-0.10999999999999999,2,0
100,0.09,-0.12,0,0
100,0.09,-0.12,1,9981
100,0.09,-0.12,2,0
100,0.09,-0.13,0,0
100,0.09,-0.13,1,9966
100,0.09,-0.13,2,0
100,0.09,-0.14,0,0
100,0.09,-0.14,1,9942
100,0.09,-0.14,2,0
100,0.09,-0.15000000000000002,0,0
100,0.09,-0.15000000000000002,1,9928
100,0.09,-0.15000000000000002,2,0
100,0.09,-0.16000000000000003,0,0
100,0.09,-0.16000000000000003,1,9914
100,0.09,-0.16000000000000003,2,0
100,0.09,-0.17000000000000004,0,0
100,0.09,-0.17000000000000004,1,9920
100,0.09,-0.17000000000000004,2,0
100,0.09,-0.18000000000000005,0,0
100,0.09,-0.18000000000000005,1,470
100,0.09,-0.18000000000000005,2,0
100,0.09,-0.19000000000000006,0,0
100,0.09,-0.19000000000000006,1,0
100,0.09,-0.19000000000000006,2,0
100,0.09,-0.20000000000000007,0,0
100,0.09,-0.20000000000000007,1,9993
100,0.09,-0.20000000000000007,2,0
100,0.09,-0.21000000000000008,0,0
100,0.09,-0.21000000000000008,1,9969
100,0.09,-0.21000000000000008,2,0
100,0.09,-0.22000000000000008,0,0
100,0.09,-0.22000000000000008,1,5680
100,0.09,-0.22000000000000008,2,0
100,0.09,-0.22999999999999998,0,0
100,0.09,-0.22999999999999998,1,0
100,0.09,-0.22999999999999998,2,0
100,0.09,-0.24,0,0
100,0.09,-0.24,1,0
100,0.09,-0.24,2,0
100,0.09,-0.25,0,0
100,0.09,-0.25,1,0
100,0.09,-0.25,2,0
100,0.09,-0.26,0,0
100,0.09,-0.26,1,0
100,0.09,-0.26,2,0
100,0.09,-0.27,0,0
100,0.09,-0.27,1,0
100,0.09,-0.27,2,0
100,0.09,-0.28,0,0
100,0.09,-0.28,1,0
100,0.09,-0.28,2,0
100,0.09,-0.29000000000000004,0,0
100,0.09,-0.29000000000000004,1,0
100,0.09,-0.29000000000000004,2,0
100,0.09,-0.30000000000000004,0,0
100,0.09,-0.30000000000000004,1,0
100,0.09,-0.30000000000000004,2,0
100,0.09,-0.31000000000000005,0,0
100,0.09,-0.31000000000000005,1,0
100,0.09,-0.31000000000000005,2,0
100,0.09,-0.32000000000000006,0,0
100,0.09,-0.32000000000000006,1,0
100,0.09,-0.32000000000000006,2,0
100,0.09,-0.33,0,0
100,0.09,-0.33,1,0
100,0.09,-0.33,2,0
100,0.09,-0.34,0,0
100,0.09,-0.34,1,0
100,0.09,-0.34,2,0
100,0.09,-0.35000000000000003,0,0
100,0.09,-0.35000000000000003,1,0
100,0.09,-0.35000000000000003,2,0
100,0.09,-0.36000000000000004,0,0
100,0.09,-0.36000000000000004,1,0
100,0.09,-0.36000000000000004,2,0
100,0.09,-0.37000000000000005,0,0
100,0.09,-0.37000000000000005,1,0
100,0.09,-0.37000000000000005,2,0
100,0.09,-0.38000000000000006,0,0
100,0.09,-0.38000000000000006,1,0
100,0.09,-0.38000000000000006,2,0
100,0.09,-0.39,0,0
100,0.09,-0.39,1,0
100,0.09,-0.39,2,0
100,0.09,-0.41000000000000003,0,0
100,0.09,-0.41000000000000003,1,0
100,0.09,-0.41000000000000003,2,0
100,0.09,-0.42000000000000004,0,0
100,0.09,-0.42000000000000004,1,0
100,0.09,-0.42000000000000004,2,0
100,0.09,-0.43000000000000005,0,0
100,0.09,-0.43000000000000005,1,0
100,0.09,-0.43000000000000005,2,0
100,0.09,-0.44000000000000006,0,0
100,0.09,-0.44000000000000006,1,0
100,0.09,-0.44000000000000006,2,0
100,0.09,-0.45,0,0
100,0.09,-0.45,1,0
100,0.09,-0.45,2,0
100,0.09,-0.46,0,0
100,0.09,-0.46,1,0
100,0.09,-0.46,2,0
100,0.09,-0.47000000000000003,0,0
100,0.09,-0.47000000000000003,1,0
100,0.09,-0.47000000000000003,2,0
100,0.09,-0.48000000000000004,0,0
100,0.09,-0.48000000000000004,1,0
100,0.09,-0.48000000000000004,2,0
100,0.09,-0.49000000000000005,0,0
100,0.09,-0.49000000000000005,1,0
100,0.09,-0.49000000000000005,2,0
100,0.09,-0.4,0,0
100,0.09,-0.4,1,0
100,0.09,-0.4,2,0
100,0.09,-0.51,0,0
100,0.09,-0.51,1,0
100,0.09,-0.51,2,0
100,0.09,-0.52,0,0
100,0.09,-0.52,1,0
100,0.09,-0.52,2,0
100,0.09,-0.53,0,0
100,0.09,-0.53,1,0
100,0.09,-0.53,2,0
100,0.09,-0.54,0,0
100,0.09,-0.54,1,0
100,0.09,-0.54,2,0
100,0.09,-0.55,0,0
100,0.09,-0.55,1,0
100,0.09,-0.55,2,0
100,0.09,-0.56,0,0
100,0.09,-0.56,1,9955
100,0.09,-0.56,2,0
100,0.09,-0.5700000000000001,0,0
100,0.09,-0.5700000000000001,1,0
100,0.09,-0.5700000000000001,2,0
100,0.09,-0.5800000000000001,0,0
100,0.09,-0.5800000000000001,1,0
100,0.09,-0.5800000000000001,2,0
100,0.09,-0.5900000000000001,0,0
100,0.09,-0.5900000000000001,1,0
100,0.09,-0.5900000000000001,2,0
100,0.09,-0.5,0,0
100,0.09,-0.5,1,0
100,0.09,-0.5,2,0
100,0.09,-0.6000000000000001,0,0
100,0.09,-0.6000000000000001,1,0
100,0.09,-0.6000000000000001,2,0
100,0.09,-0.6100000000000001,0,0
100,0.09,-0.6100000000000001,1,0
100,0.09,-0.6100000000000001,2,0
100,0.09,-0.6200000000000001,0,0
100,0.09,-0.6200000000000001,1,0
100,0.09,-0.6200000000000001,2,0
100,0.09,-0.63,0,0
100,0.09,-0.63,1,0
100,0.09,-0.63,2,0
100,0.09,-0.64,0,0
100,0.09,-0.64,1,0
100,0.09,-0.64,2,0
100,0.09,-0.65,0,0
100,0.09,-0.65,1,0
100,0.09,-0.65,2,0
100,0.09,-0.66,0,0
100,0.09,-0.66,1,0
100,0.09,-0.66,2,0
100,0.09,-0.67,0,0
100,0.09,-0.67,1,0
100,0.09,-0.67,2,0
100,0.09,-0.68,0,0
100,0.09,-0.68,1,0
100,0.09,-0.68,2,0
100,0.09,-0.6900000000000001,0,0
100,0.09,-0.6900000000000001,1,0
100,0.09,-0.6900000000000001,2,0
100,0.09,-0.7000000000000001,0,0
100,0.09,-0.7000000000000001,1,0
100,0.09,-0.7000000000000001,2,0
100,0.09,-0.7100000000000001,0,0
100,0.09,-0.7100000000000001,1,0
100,0.09,-0.7100000000000001,2,0
100,0.09,-0.7200000000000001,0,0
100,0.09,-0.7200000000000001,1,0
100,0.09,-0.7200000000000001,2,0
100,0.09,-0.73,0,0
100,0.09,-0.73,1,0
100,0.09,-0.73,2,0
100,0.09,-0.74,0,0
100,0.09,-0.74,1,0
100,0.09,-0.74,2,0
100,0.09,-0.75,0,0
100,0.09,-0.75,1,0
100,0.09,-0.75,2,0
100,0.09,-0.76,0,0
100,0.09,-0.76,1,0
100,0.09,-0.76,2,0
100,0.09,-0.77,0,0
100,0.09,-0.77,1,0
100,0.09,-0.77,2,0
100,0.09,-0.78,0,0
100,0.09,-0.78,1,0
100,0.09,-0.78,2,0
100,0.09,-0.79,0,0
100,0.09,-0.79,1,0
100,0.09,-0.79,2,0
100,0.09,-0.8,0,0
100,0.09,-0.8,1,0
100,0.09,-0.8,2,0
100,0.09,0.010000000000000009,0,4630
100,0.09,0.010000000000000009,1,5130
100,0.09,0.010000000000000009,2,1270
100,0.09,0.020000000000000018,0,2240
100,0.09,0.020000000000000018,1,1300
100,0.09,0.020000000000000018,2,190
100,0.09,0.030000000000000027,0,1380
100,0.09,0.030000000000000027,1,780
100,0.09,0.030000000000000027,2,40
100,0.09,0.039999999999999925,0,780
100,0.09,0.039999999999999925,1,440
100,0.09,0.039999999999999925,2,10
100,0.09,0.04999999999999993,0,560
100,0.09,0.04999999999999993,1,330
100,0.09,0.04999999999999993,2,0
100,0.09,0.05999999999999994,0,420
100,0.09,0.05999999999999994,1,260
100,0.09,0.05999999999999994,2,0
100,0.09,0.06999999999999995,0,340
100,0.09,0.06999999999999995,1,210
100,0.09,0.06999999999999995,2,0
100,0.09,0.07999999999999996,0,280
100,0.09,0.07999999999999996,1,180
100,0.09,0.07999999999999996,2,0
100,0.09,0.08999999999999997,0,240
100,0.09,0.08999999999999997,1,150
100,0.09,0.08999999999999997,2,0
100,0.09,0.09999999999999998,0,200
100,0.09,0.09999999999999998,1,130
100,0.09,0.09999999999999998,2,0
100,0.09,0.0,0,9991
100,0.09,0.0,1,0
100,0.09,0.0,2,0
100,0.09,0.10999999999999999,0,170
100,0.09,0.10999999999999999,1,110
100,0.09,0.10999999999999999,2,0
100,0.09,0.12,0,150
100,0.09,0.12,1,100
100,0.09,0.12,2,0
100,0.09,0.13,0,130
100,0.09,0.13,1,90
100,0.09,0.13,2,0
100,0.09,0.14,0,110
100,0.09,0.14,1,80
100,0.09,0.14,2,0
100,0.09,0.15000000000000002,0,100
100,0.09,0.15000000000000002,1,70
100,0.09,0.15000000000000002,2,0
100,0.09,0.15999999999999992,0,90
100,0.09,0.15999999999999992,1,60
100,0.09,0.15999999999999992,2,0
100,0.09,0.16999999999999993,0,70
100,0.09,0.16999999999999993,1,60
100,0.09,0.16999999999999993,2,0
100,0.09,0.17999999999999994,0,70
100,0.09,0.17999999999999994,1,50
100,0.09,0.17999999999999994,2,0
100,0.09,0.18999999999999995,0,10
100,0.09,0.18999999999999995,1,50
100,0.09,0.18999999999999995,2,0
100,0.09,0.2,0,10
100,0.09,0.2,1,50
100,0.09,0.2,2,0
100,0.0,-0.010000000000000009,0,9817
100,0.0,-0.010000000000000009,1,9783
100,0.0,-0.010000000000000009,2,0
100,0.0,-0.020000000000000018,0,9944
100,0.0,-0.020000000000000018,1,9892
100,0.0,-0.020000000000000018,2,0
100,0.0,-0.030000000000000027,0,0
100,0.0,-0.030000000000000027,1,9992
100,0.0,-0.030000000000000027,2,0
100,0.0,-0.040000000000000036,0,0
100,0.0,-0.040000000000000036,1,0
100,0.0,-0.040000000000000036,2,0
100,0.0,-0.050000000000000044,0,0
100,0.0,-0.050000000000000044,1,9807
100,0.0,-0.050000000000000044,2,0
100,0.0,-0.06000000000000005,0,0
100,0.0,-0.06000000000000005,1,9657
100,0.0,-0.06000000000000005,2,0
100,0.0,-0.07000000000000006,0,0
100,0.0,-0.07000000000000006,1,9579
100,0.0,-0.07000000000000006,2,0
100,0.0,-0.08000000000000007,0,0
100,0.0,-0.08000000000000007,1,9641
100,0.0,-0.08000000000000007,2,0
100,0.0,-0.09000000000000008,0,0
100,0.0,-0.09000000000000008,1,3010
100,0.0,-0.09000000000000008,2,0
100,0.0,-0.09999999999999998,0,0
100,0.0,-0.09999999999999998,1,2590
100,0.0,-0.09999999999999998,2,0
100,0.0,-0.10999999999999999,0,0
100,0.0,-0.10999999999999999,1,2280
100,0.0,-0.10999999999999999,2,0
100,0.0,-0.12,0,0
100,0.0,-0.12,1,2070
100,0.0,-0.12,2,0
100,0.0,-0.13,0,0
100,0.0,-0.13,1,1900
100,0.0,-0.13,2,0
100,0.0,-0.14,0,0
100,0.0,-0.14,1,1790
100,0.0,-0.14,2,0
100,0.0,-0.15000000000000002,0,0
100,0.0,-0.15000000000000002,1,1700
100,0.0,-0.15000000000000002,2,0
100,0.0,-0.16000000000000003,0,0
100,0.0,-0.16000000000000003,1,1630
100,0.0,-0.16000000000000003,2,0
100,0.0,-0.17000000000000004,0,0
100,0.0,-0.17000000000000004,1,1580
100,0.0,-0.17000000000000004,2,0
100,0.0,-0.18000000000000005,0,0
100,0.0,-0.18000000000000005,1,1530
100,0.0,-0.18000000000000005,2,0
100,0.0,-0.19000000000000006,0,0
100,0.0,-0.19000000000000006,1,1480
100,0.0,-0.19000000000000006,2,0
100,0.0,-0.20000000000000007,0,0
100,0.0,-0.20000000000000007,1,1440
100,0.0,-0.20000000000000007,2,0
100,0.0,-0.21000000000000008,0,0
100,0.0,-0.21000000000000008,1,1400
100,0.0,-0.21000000000000008,2,0
100,0.0,-0.22000000000000008,0,0
100,0.0,-0.22000000000000008,1,1370
100,0.0,-0.22000000000000008,2,0
100,0.0,-0.22999999999999998,0,0
100,0.0,-0.22999999999999998,1,1330
100,0.0,-0.22999999999999998,2,0
100,0.0,-0.24,0,0
100,0.0,-0.24,1,1290
100,0.0,-0.24,2,0
100,0.0,-0.25,0,0
100,0.0,-0.25,1,1260
100,0.0,-0.25,2,0
100,0.0,-0.26,0,0
100,0.0,-0.26,1,1220
100,0.0,-0.26,2,0
100,0.0,-0.27,0,0
100,0.0,-0.27,1,1180
100,0.0,-0.27,2,0
100,0.0,-0.28,0,0
100,0.0,-0.28,1,1130
100,0.0,-0.28,2,0
100,0.0,-0.29000000000000004,0,0
100,0.0,-0.29000000000000004,1,1070
100,0.0,-0.29000000000000004,2,0
100,0.0,-0.30000000000000004,0,0
100,0.0,-0.30000000000000004,1,940
100,0.0,-0.30000000000000004,2,0
100,0.0,-0.31000000000000005,0,0
100,0.0,-0.31000000000000005,1,780
100,0.0,-0.31000000000000005,2,0
100,0.0,-0.32000000000000006,0,0
100,0.0,-0.32000000000000006,1,0
100,0.0,-0.32000000000000006,2,0
100,0.0,-0.33,0,0
100,0.0,-0.33,1,0
100,0.0,-0.33,2,0
100,0.0,-0.34,0,0
100,0.0,-0.34,1,0
100,0.0,-0.34,2,0
100,0.0,-0.35000000000000003,0,0
100,0.0,-0.35000000000000003,1,0
100,0.0,-0.35000000000000003,2,0
100,0.0,-0.36000000000000004,0,0
100,0.0,-0.36000000000000004,1,0
100,0.0,-0.36000000000000004,2,0
100,0.0,-0.37000000000000005,0,0
100,0.0,-0.37000000000000005,1,0
100,0.0,-0.37000000000000005,2,0
100,0.0,-0.38000000000000006,0,0
100,0.0,-0.38000000000000006,1,0
100,0.0,-0.38000000000000006,2,0
100,0.0,-0.39,0,0
100,0.0,-0.39,1,0
100,0.0,-0.39,2,0
100,0.0,-0.41000000000000003,0,0
100,0.0,-0.41000000000000003,1,0
100,0.0,-0.41000000000000003,2,0
100,0.0,-0.42000000000000004,0,0
100,0.0,-0.42000000000000004,1,0
100,0.0,-0.42000000000000004,2,0
100,0.0,-0.43000000000000005,0,0
100,0.0,-0.43000000000000005,1,9979
100,0.0,-0.43000000000000005,2,0
100,0.0,-0.44000000000000006,0,0
100,0.0,-0.44000000000000006,1,9960
100,0.0,-0.44000000000000006,2,0
100,0.0,-0.45,0,0
100,0.0,-0.45,1,9950
100,0.0,-0.45,2,0
100,0.0,-0.46,0,0
100,0.0,-0.46,1,9945
100,0.0,-0.46,2,0
100,0.0,-0.47000000000000003,0,0
100,0.0,-0.47000000000000003,1,9946
100,0.0,-0.47000000000000003,2,0
100,0.0,-0.48000000000000004,0,0
100,0.0,-0.48000000000000004,1,9952
100,0.0,-0.48000000000000004,2,0
100,0.0,-0.49000000000000005,0,0
100,0.0,-0.49000000000000005,1,9980
100,0.0,-0.49000000000000005,2,0
100,0.0,-0.4,0,0
100,0.0,-0.4,1,0
100,0.0,-0.4,2,0
100,0.0,-0.51,0,0
100,0.0,-0.51,1,0
100,0.0,-0.51,2,0
100,0.0,-0.52,0,0
100,0.0,-0.52,1,0
100,0.0,-0.52,2,0
100,0.0,-0.53,0,0
100,0.0,-0.53,1,0
100,0.0,-0.53,2,0
100,0.0,-0.54,0,0
100,0.0,-0.54,1,0
100,0.0,-0.54,2,0
100,0.0,-0.55,0,0
100,0.0,-0.55,1,0
100,0.0,-0.55,2,0
100,0.0,-0.56,0,0
100,0.0,-0.56,1,0
100,0.0,-0.56,2,0
100,0.0,-0.5700000000000001,0,0
100,0.0,-0.5700000000000001,1,0
100,0.0,-0.5700000000000001,2,0
100,0.0,-0.5800000000000001,0,0
100,0.0,-0.5800000000000001,1,0
100,0.0,-0.5800000000000001,2,0
100,0.0,-0.5900000000000001,0,0
100,0.0,-0.5900000000000001,1,0
100,0.0,-0.5900000000000001,2,0
100,0.0,-0.5,0,0
100,0.0,-0.5,1,0
100,0.0,-0.5,2,0
100,0.0,-0.6000000000000001,0,0
100,0.0,-0.6000000000000001,1,0
100,0.0,-0.6000000000000001,2,0
100,0.0,-0.6100000000000001,0,0
100,0.0,-0.6100000000000001,1,0
100,0.0,-0.6100000000000001,2,0
100,0.0,-0.6200000000000001,0,0
100,0.0,-0.6200000000000001,1,0
100,0.0,-0.6200000000000001,2,0
100,0.0,-0.63,0,0
100,0.0,-0.63,1,0
100,0.0,-0.63,2,0
100,0.0,-0.64,0,0
100,0.0,-0.64,1,0
100,0.0,-0.64,2,0
100,0.0,-0.65,0,0
100,0.0,-0.65,1,0
100,0.0,-0.65,2,0
100,0.0,-0.66,0,0
100,0.0,-0.66,1,0
100,0.0,-0.66,2,0
100,0.0,-0.67,0,0
100,0.0,-0.67,1,0
100,0.0,-0.67,2,0
100,0.0,-0.68,0,0
100,0.0,-0.68,1,0
100,0.0,-0.68,2,0
100,0.0,-0.6900000000000001,0,0
100,0.0,-0.6900000000000001,1,0
100,0.0,-0.6900000000000001,2,0
100,0.0,-0.7000000000000001,0,0
100,0.0,-0.7000000000000001,1,0
100,0.0,-0.7000000000000001,2,0
100,0.0,-0.7100000000000001,0,0
100,0.0,-0.7100000000000001,1,9959
100,0.0,-0.7100000000000001,2,0
100,0.0,-0.7200000000000001,0,0
100,0.0,-0.7200000000000001,1,0
100,0.0,-0.7200000000000001,2,0
100,0.0,-0.73,0,0
100,0.0,-0.73,1,0
100,0.0,-0.73,2,0
100,0.0,-0.74,0,0
100,0.0,-0.74,1,0
100,0.0,-0.74,2,0
100,0.0,-0.75,0,0
100,0.0,-0.75,1,0
100,0.0,-0.75,2,0
100,0.0,-0.76,0,0
100,0.0,-0.76,1,0
100,0.0,-0.76,2,0
100,0.0,-0.77,0,0
100,0.0,-0.77,1,0
100,0.0,-0.77,2,0
100,0.0,-0.78,0,0
100,0.0,-0.78,1,0
100,0.0,-0.78,2,0
100,0.0,-0.79,0,0
100,0.0,-0.79,1,0
100,0.0,-0.79,2,0
100,0.0,-0.8,0,0
100,0.0,-0.8,1,0
100,0.0,-0.8,2,0
100,0.0,0.010000000000000009,0,7330
100,0.0,0.010000000000000009,1,3810
100,0.0,0.010000000000000009,2,1110
100,0.0,0.020000000000000018,0,2540
100,0.0,0.020000000000000018,1,1440
100,0.0,0.020000000000000018,2,220
100,0.0,0.030000000000000027,0,1410
100,0.0,0.030000000000000027,1,830
100,0.0,0.030000000000000027,2,0
100,0.0,0.039999999999999925,0,940
100,0.0,0.039999999999999925,1,560
100,0.0,0.039999999999999925,2,0
100,0.0,0.04999999999999993,0,690
100,0.0,0.04999999999999993,1,410
100,0.0,0.04999999999999993,2,0
100,0.0,0.05999999999999994,0,540
100,0.0,0.05999999999999994,1,320
100,0.0,0.05999999999999994,2,0
100,0.0,0.06999999999999995,0,430
100,0.0,0.06999999999999995,1,250
100,0.0,0.06999999999999995,2,0
100,0.0,0.07999999999999996,0,350
100,0.0,0.07999999999999996,1,210
100,0.0,0.07999999999999996,2,0
100,0.0,0.08999999999999997,0,300
100,0.0,0.08999999999999997,1,170
100,0.0,0.08999999999999997,2,0
100,0.0,0.09999999999999998,0,250
100,0.0,0.09999999999999998,1,150
100,0.0,0.09999999999999998,2,0
100,0.0,0.0,0,0
100,0.0,0.0,1,2910
100,0.0,0.0,2,9817
100,0.0,0.10999999999999999,0,220
100,0.0,0.10999999999999999,1,130
100,0.0,0.10999999999999999,2,0
100,0.0,0.12,0,190
100,0.0,0.12,1,110
100,0.0,0.12,2,0
100,0.0,0.13,0,170
100,0.0,0.13,1,100
100,0.0,0.13,2,0
100,0.0,0.14,0,150
100,0.0,0.14,1,90
100,0.0,0.14,2,0
100,0.0,0.15000000000000002,0,130
100,0.0,0.15000000000000002,1,80
100,0.0,0.15000000000000002,2,0
100,0.0,0.15999999999999992,0,120
100,0.0,0.15999999999999992,1,70
100,0.0,0.15999999999999992,2,0
100,0.0,0.16999999999999993,0,100
100,0.0,0.16999999999999993,1,70
100,0.0,0.16999999999999993,2,0
100,0.0,0.17999999999999994,0,90
100,0.0,0.17999999999999994,1,60
100,0.0,0.17999999999999994,2,0
100,0.0,0.18999999999999995,0,80
100,0.0,0.18999999999999995,1,50
100,0.0,0.18999999999999995,2,0
100,0.0,0.2,0,70
100,0.0,0.2,1,50
100,0.0,0.2,2,0
100,0.11,-0.010000000000000009,0,1080
100,0.11,-0.010000000000000009,1,2060
100,0.11,-0.010000000000000009,2,0
100,0.11,-0.020000000000000018,0,10
100,0.11,-0.020000000000000018,1,4630
100,0.11,-0.020000000000000018,2,9674
100,0.11,-0.030000000000000027,0,8940
100,0.11,-0.030000000000000027,1,8130
100,0.11,-0.030000000000000027,2,8130
100,0.11,-0.040000000000000036,0,8460
100,0.11,-0.040000000000000036,1,8510
100,0.11,-0.040000000000000036,2,9930
100,0.11,-0.050000000000000044,0,9754
100,0.11,-0.050000000000000044,1,9916
100,0.11,-0.050000000000000044,2,9830
100,0.11,-0.06000000000000005,0,0
100,0.11,-0.06000000000000005,1,9902
100,0.11,-0.06000000000000005,2,9577
100,0.11,-0.07000000000000006,0,0
100,0.11,-0.07000000000000006,1,570
100,0.11,-0.07000000000000006,2,0
100,0.11,-0.08000000000000007,0,0
100,0.11,-0.08000000000000007,1,620
100,0.11,-0.08000000000000007,2,0
100,0.11,-0.09000000000000008,0,0
100,0.11,-0.09000000000000008,1,9820
100,0.11,-0.09000000000000008,2,0
100,0.11,-0.09999999999999998,0,0
100,0.11,-0.09999999999999998,1,510
100,0.11,-0.09999999999999998,2,0
100,0.11,-0.10999999999999999,0,0
100,0.11,-0.10999999999999999,1,1750
100,0.11,-0.10999999999999999,2,0
100,0.11,-0.12,0,0
100,0.11,-0.12,1,9856
100,0.11,-0.12,2,0
100,0.11,-0.13,0,0
100,0.11,-0.13,1,9670
100,0.11,-0.13,2,0
100,0.11,-0.14,0,0
100,0.11,-0.14,1,9897
100,0.11,-0.14,2,0
100,0.11,-0.15000000000000002,0,0
100,0.11,-0.15000000000000002,1,9867
100,0.11,-0.15000000000000002,2,0
100,0.11,-0.16000000000000003,0,0
100,0.11,-0.16000000000000003,1,9781
100,0.11,-0.16000000000000003,2,0
100,0.11,-0.17000000000000004,0,0
100,0.11,-0.17000000000000004,1,9884
100,0.11,-0.17000000000000004,2,0
100,0.11,-0.18000000000000005,0,0
100,0.11,-0.18000000000000005,1,300
100,0.11,-0.18000000000000005,2,0
100,0.11,-0.19000000000000006,0,0
100,0.11,-0.19000000000000006,1,280
100,0.11,-0.19000000000000006,2,0
100,0.11,-0.20000000000000007,0,0
100,0.11,-0.20000000000000007,1,9925
100,0.11,-0.20000000000000007,2,0
100,0.11,-0.21000000000000008,0,0
100,0.11,-0.21000000000000008,1,9930
100,0.11,-0.21000000000000008,2,0
100,0.11,-0.22000000000000008,0,0
100,0.11,-0.22000000000000008,1,9880
100,0.11,-0.22000000000000008,2,0
100,0.11,-0.22999999999999998,0,0
100,0.11,-0.22999999999999998,1,9805
100,0.11,-0.22999999999999998,2,0
100,0.11,-0.24,0,0
100,0.11,-0.24,1,9766
100,0.11,-0.24,2,0
100,0.11,-0.25,0,0
100,0.11,-0.25,1,9780
100,0.11,-0.25,2,0
100,0.11,-0.26,0,0
100,0.11,-0.26,1,9797
100,0.11,-0.26,2,0
100,0.11,-0.27,0,0
100,0.11,-0.27,1,9789
100,0.11,-0.27,2,0
100,0.11,-0.28,0,0
100,0.11,-0.28,1,0
100,0.11,-0.28,2,0
100,0.11,-0.29000000000000004,0,0
100,0.11,-0.29000000000000004,1,0
100,0.11,-0.29000000000000004,2,0
100,0.11,-0.30000000000000004,0,0
100,0.11,-0.30000000000000004,1,0
100,0.11,-0.30000000000000004,2,0
100,0.11,-0.31000000000000005,0,0
100,0.11,-0.31000000000000005,1,0
100,0.11,-0.31000000000000005,2,0
100,0.11,-0.32000000000000006,0,0
100,0.11,-0.32000000000000006,1,0
100,0.11,-0.32000000000000006,2,0
100,0.11,-0.33,0,0
100,0.11,-0.33,1,0
100,0.11,-0.33,2,0
100,0.11,-0.34,0,0
100,0.11,-0.34,1,0
100,0.11,-0.34,2,0
100,0.11,-0.35000000000000003,0,0
100,0.11,-0.35000000000000003,1,0
100,0.11,-0.35000000000000003,2,0
100,0.11,-0.36000000000000004,0,0
100,0.11,-0.36000000000000004,1,0
100,0.11,-0.36000000000000004,2,0
100,0.11,-0.37000000000000005,0,0
100,0.11,-0.37000000000000005,1,0
100,0.11,-0.37000000000000005,2,0
100,0.11,-0.38000000000000006,0,0
100,0.11,-0.38000000000000006,1,0
100,0.11,-0.38000000000000006,2,0
100,0.11,-0.39,0,0
100,0.11,-0.39,1,0
100,0.11,-0.39,2,0
100,0.11,-0.41000000000000003,0,0
100,0.11,-0.41000000000000003,1,0
100,0.11,-0.41000000000000003,2,0
100,0.11,-0.42000000000000004,0,0
100,0.11,-0.42000000000000004,1,0
100,0.11,-0.42000000000000004,2,0
100,0.11,-0.43000000000000005,0,0
100,0.11,-0.43000000000000005,1,0
100,0.11,-0.43000000000000005,2,0
100,0.11,-0.44000000000000006,0,0
100,0.11,-0.44000000000000006,1,0
100,0.11,-0.44000000000000006,2,0
100,0.11,-0.45,0,0
100,0.11,-0.45,1,0
100,0.11,-0.45,2,0
100,0.11,-0.46,0,0
100,0.11,-0.46,1,0
100,0.11,-0.46,2,0
100,0.11,-0.47000000000000003,0,0
100,0.11,-0.47000000000000003,1,0
100,0.11,-0.47000000000000003,2,0
100,0.11,-0.48000000000000004,0,0
100,0.11,-0.48000000000000004,1,0
100,0.11,-0.48000000000000004,2,0
100,0.11,-0.49000000000000005,0,0
100,0.11,-0.49000000000000005,1,0
100,0.11,-0.49000000000000005,2,0
100,0.11,-0.4,0,0
100,0.11,-0.4,1,0
100,0.11,-0.4,2,0
100,0.11,-0.51,0,0
100,0.11,-0.51,1,0
100,0.11,-0.51,2,0
100,0.11,-0.52,0,0
100,0.11,-0.52,1,0
100,0.11,-0.52,2,0
100,0.11,-0.53,0,0
100,0.11,-0.53,1,0
100,0.11,-0.53,2,0
100,0.11,-0.54,0,0
100,0.11,-0.54,1,0
100,0.11,-0.54,2,0
100,0.11,-0.55,0,0
100,0.11,-0.55,1,0
100,0.11,-0.55,2,0
100,0.11,-0.56,0,0
100,0.11,-0.56,1,0
100,0.11,-0.56,2,0
100,0.11,-0.5700000000000001,0,0
100,0.11,-0.5700000000000001,1,0
100,0.11,-0.5700000000000001,2,0
100,0.11,-0.5800000000000001,0,0
100,0.11,-0.5800000000000001,1,0
100,0.11,-0.5800000000000001,2,0
100,0.11,-0.5900000000000001,0,0
100,0.11,-0.5900000000000001,1,0
100,0.11,-0.5900000000000001,2,0
100,0.11,-0.5,0,0
100,0.11,-0.5,1,0
100,0.11,-0.5,2,0
100,0.11,-0.6000000000000001,0,0
100,0.11,-0.6000000000000001,1,0
100,0.11,-0.6000000000000001,2,0
100,0.11,-0.6100000000000001,0,0
100,0.11,-0.6100000000000001,1,0
100,0.11,-0.6100000000000001,2,0
100,0.11,-0.6200000000000001,0,0
100,0.11,-0.6200000000000001,1,0
100,0.11,-0.6200000000000001,2,0
100,0.11,-0.63,0,0
100,0.11,-0.63,1,0
100,0.11,-0.63,2,0
100,0.11,-0.64,0,0
100,0.11,-0.64,1,0
100,0.11,-0.64,2,0
100,0.11,-0.65,0,0
100,0.11,-0.65,1,0
100,0.11,-0.65,2,0
100,0.11,-0.66,0,0
100,0.11,-0.66,1,0
100,0.11,-0.66,2,0
100,0.11,-0.67,0,0
100,0.11,-0.67,1,0
100,0.11,-0.67,2,0
100,0.11,-0.68,0,0
100,0.11,-0.68,1,0
100,0.11,-0.68,2,0
100,0.11,-0.6900000000000001,0,0
100,0.11,-0.6900000000000001,1,0
100,0.11,-0.6900000000000001,2,0
100,0.11,-0.7000000000000001,0,0
100,0.11,-0.7000000000000001,1,0
100,0.11,-0.7000000000000001,2,0
100,0.11,-0.7100000000000001,0,0
100,0.11,-0.7100000000000001,1,0
100,0.11,-0.7100000000000001,2,0
100,0.11,-0.7200000000000001,0,0
100,0.11,-0.7200000000000001,1,0
100,0.11,-0.7200000000000001,2,0
100,0.11,-0.73,0,0
100,0.11,-0.73,1,0
100,0.11,-0.73,2,0
100,0.11,-0.74,0,0
100,0.11,-0.74,1,0
100,0.11,-0.74,2,0
100,0.11,-0.75,0,0
100,0.11,-0.75,1,0
100,0.11,-0.75,2,0
100,0.11,-0.76,0,0
100,0.11,-0.76,1,0
100,0.11,-0.76,2,0
100,0.11,-0.77,0,0
100,0.11,-0.77,1,0
100,0.11,-0.77,2,0
100,0.11,-0.78,0,0
100,0.11,-0.78,1,0
100,0.11,-0.78,2,0
100,0.11,-0.79,0,0
100,0.11,-0.79,1,0
100,0.11,-0.79,2,0
100,0.11,-0.8,0,0
100,0.11,-0.8,1,0
100,0.11,-0.8,2,0
100,0.11,0.010000000000000009,0,4100
100,0.11,0.010000000000000009,1,5490
100,0.11,0.010000000000000009,2,1530
100,0.11,0.020000000000000018,0,2100
100,0.11,0.020000000000000018,1,1350
100,0.11,0.020000000000000018,2,200
100,0.11,0.030000000000000027,0,1370
100,0.11,0.030000000000000027,1,780
100,0.11,0.030000000000000027,2,60
100,0.11,0.039999999999999925,0,830
100,0.11,0.039999999999999925,1,560
100,0.11,0.039999999999999925,2,20
100,0.11,0.04999999999999993,0,530
100,0.11,0.04999999999999993,1,320
100,0.11,0.04999999999999993,2,10
100,0.11,0.05999999999999994,0,410
100,0.11,0.05999999999999994,1,250
100,0.11,0.05999999999999994,2,0
100,0.11,0.06999999999999995,0,340
100,0.11,0.06999999999999995,1,210
100,0.11,0.06999999999999995,2,0
100,0.11,0.07999999999999996,0,270
100,0.11,0.07999999999999996,1,170
100,0.11,0.07999999999999996,2,0
100,0.11,0.08999999999999997,0,230
100,0.11,0.08999999999999997,1,150
100,0.11,0.08999999999999997,2,0
100,0.11,0.09999999999999998,0,200
100,0.11,0.09999999999999998,1,130
100,0.11,0.09999999999999998,2,0
100,0.11,0.0,0,9997
100,0.11,0.0,1,0
100,0.11,0.0,2,0
100,0.11,0.10999999999999999,0,170
100,0.11,0.10999999999999999,1,110
100,0.11,0.10999999999999999,2,0
100,0.11,0.12,0,150
100,0.11,0.12,1,100
100,0.11,0.12,2,0
100,0.11,0.13,0,130
100,0.11,0.13,1,90
100,0.11,0.13,2,0
100,0.11,0.14,0,110
100,0.11,0.14,1,80
100,0.11,0.14,2,0
100,0.11,0.15000000000000002,0,100
100,0.11,0.15000000000000002,1,70
100,0.11,0.15000000000000002,2,0
100,0.11,0.15999999999999992,0,90
100,0.11,0.15999999999999992,1,60
100,0.11,0.15999999999999992,2,0
100,0.11,0.16999999999999993,0,70
100,0.11,0.16999999999999993,1,60
100,0.11,0.16999999999999993,2,0
100,0.11,0.17999999999999994,0,60
100,0.11,0.17999999999999994,1,50
100,0.11,0.17999999999999994,2,0
100,0.11,0.18999999999999995,0,10
100,0.11,0.18999999999999995,1,50
100,0.11,0.18999999999999995,2,0
100,0.11,0.2,0,10
100,0.11,0.2,1,40
100,0.11,0.2,2,0
100,0.12,-0.010000000000000009,0,830
100,0.12,-0.010000000000000009,1,1740
100,0.12,-0.010000000000000009,2,0
100,0.12,-0.020000000000000018,0,8670
100,0.12,-0.020000000000000018,1,8920
100,0.12,-0.020000000000000018,2,0
100,0.12,-0.030000000000000027,0,9550
100,0.12,-0.030000000000000027,1,9860
100,0.12,-0.030000000000000027,2,9120
100,0.12,-0.040000000000000036,0,9900
100,0.12,-0.040000000000000036,1,7610
100,0.12,-0.040000000000000036,2,9300
100,0.12,-0.050000000000000044,0,9750
100,0.12,-0.050000000000000044,1,9930
100,0.12,-0.050000000000000044,2,9920
100,0.12,-0.06000000000000005,0,0
100,0.12,-0.06000000000000005,1,1670
100,0.12,-0.06000000000000005,2,190
100,0.12,-0.07000000000000006,0,0
100,0.12,-0.07000000000000006,1,9711
100,0.12,-0.07000000000000006,2,540
100,0.12,-0.08000000000000007,0,0
100,0.12,-0.08000000000000007,1,9986
100,0.12,-0.08000000000000007,2,0
100,0.12,-0.09000000000000008,0,0
100,0.12,-0.09000000000000008,1,400
100,0.12,-0.09000000000000008,2,0
100,0.12,-0.09999999999999998,0,0
100,0.12,-0.09999999999999998,1,560
100,0.12,-0.09999999999999998,2,0
100,0.12,-0.10999999999999999,0,0
100,0.12,-0.10999999999999999,1,430
100,0.12,-0.10999999999999999,2,0
100,0.12,-0.12,0,0
100,0.12,-0.12,1,390
100,0.12,-0.12,2,0
100,0.12,-0.13,0,0
100,0.12,-0.13,1,9868
100,0.12,-0.13,2,0
100,0.12,-0.14,0,0
100,0.12,-0.14,1,9986
100,0.12,-0.14,2,0
100,0.12,-0.15000000000000002,0,0
100,0.12,-0.15000000000000002,1,830
100,0.12,-0.15000000000000002,2,0
100,0.12,-0.16000000000000003,0,0
100,0.12,-0.16000000000000003,1,830
100,0.12,-0.16000000000000003,2,0
100,0.12,-0.17000000000000004,0,0
100,0.12,-0.17000000000000004,1,9951
100,0.12,-0.17000000000000004,2,0
100,0.12,-0.18000000000000005,0,0
100,0.12,-0.18000000000000005,1,9962
100,0.12,-0.18000000000000005,2,0
100,0.12,-0.19000000000000006,0,0
100,0.12,-0.19000000000000006,1,7100
100,0.12,-0.19000000000000006,2,0
100,0.12,-0.20000000000000007,0,0
100,0.12,-0.20000000000000007,1,7170
100,0.12,-0.20000000000000007,2,0
100,0.12,-0.21000000000000008,0,0
100,0.12,-0.21000000000000008,1,6890
100,0.12,-0.21000000000000008,2,0
100,0.12,-0.22000000000000008,0,0
100,0.12,-0.22000000000000008,1,250
100,0.12,-0.22000000000000008,2,0
100,0.12,-0.22999999999999998,0,0
100,0.12,-0.22999999999999998,1,0
100,0.12,-0.22999999999999998,2,0
100,0.12,-0.24,0,0
100,0.12,-0.24,1,9762
100,0.12,-0.24,2,0
100,0.12,-0.25,0,0
100,0.12,-0.25,1,9825
100,0.12,-0.25,2,0
100,0.12,-0.26,0,0
100,0.12,-0.26,1,9794
100,0.12,-0.26,2,0
100,0.12,-0.27,0,0
100,0.12,-0.27,1,9788
100,0.12,-0.27,2,0
100,0.12,-0.28,0,0
100,0.12,-0.28,1,9777
100,0.12,-0.28,2,0
100,0.12,-0.29000000000000004,0,0
100,0.12,-0.29000000000000004,1,9859
100,0.12,-0.29000000000000004,2,0
100,0.12,-0.30000000000000004,0,0
100,0.12,-0.30000000000000004,1,0
100,0.12,-0.30000000000000004,2,0
100,0.12,-0.31000000000000005,0,0
100,0.12,-0.31000000000000005,1,0
100,0.12,-0.31000000000000005,2,0
100,0.12,-0.32000000000000006,0,0
100,0.12,-0.32000000000000006,1,0
100,0.12,-0.32000000000000006,2,0
100,0.12,-0.33,0,0
100,0.12,-0.33,1,0
100,0.12,-0.33,2,0
100,0.12,-0.34,0,0
100,0.12,-0.34,1,0
100,0.12,-0.34,2,0
100,0.12,-0.35000000000000003,0,0
100,0.12,-0.35000000000000003,1,0
100,0.12,-0.35000000000000003,2,0
100,0.12,-0.36000000000000004,0,0
100,0.12,-0.36000000000000004,1,0
100,0.12,-0.36000000000000004,2,0
100,0.12,-0.37000000000000005,0,9915
100,0.12,-0.37000000000000005,1,0
100,0.12,-0.37000000000000005,2,0
100,0.12,-0.38000000000000006,0,0
100,0.12,-0.38000000000000006,1,0
100,0.12,-0.38000000000000006,2,0
100,0.12,-0.39,0,0
100,0.12,-0.39,1,0
100,0.12,-0.39,2,0
100,0.12,-0.41000000000000003,0,0
100,0.12,-0.41000000000000003,1,0
100,0.12,-0.41000000000000003,2,0
100,0.12,-0.42000000000000004,0,0
100,0.12,-0.42000000000000004,1,0
100,0.12,-0.42000000000000004,2,0
100,0.12,-0.43000000000000005,0,0
100,0.12,-0.43000000000000005,1,0
100,0.12,-0.43000000000000005,2,0
100,0.12,-0.44000000000000006,0,0
100,0.12,-0.44000000000000006,1,0
100,0.12,-0.44000000000000006,2,0
100,0.12,-0.45,0,0
100,0.12,-0.45,1,0
100,0.12,-0.45,2,0
100,0.12,-0.46,0,0
100,0.12,-0.46,1,0
100,0.12,-0.46,2,0
100,0.12,-0.47000000000000003,0,0
100,0.12,-0.47000000000000003,1,0
100,0.12,-0.47000000000000003,2,0
100,0.12,-0.48000000000000004,0,0
100,0.12,-0.48000000000000004,1,0
100,0.12,-0.48000000000000004,2,0
100,0.12,-0.49000000000000005,0,0
100,0.12,-0.49000000000000005,1,0
100,0.12,-0.49000000000000005,2,0
100,0.12,-0.4,0,0
100,0.12,-0.4,1,0
100,0.12,-0.4,2,0
100,0.12,-0.51,0,0
100,0.12,-0.51,1,0
100,0.12,-0.51,2,0
100,0.12,-0.52,0,0
100,0.12,-0.52,1,0
100,0.12,-0.52,2,0
100,0.12,-0.53,0,0
100,0.12,-0.53,1,0
100,0.12,-0.53,2,0
100,0.12,-0.54,0,0
100,0.12,-0.54,1,0
100,0.12,-0.54,2,0
100,0.12,-0.55,0,0
100,0.12,-0.55,1,0
100,0.12,-0.55,2,0
100,0.12,-0.56,0,0
100,0.12,-0.56,1,0
100,0.12,-0.56,2,0
100,0.12,-0.5700000000000001,0,0
100,0.12,-0.5700000000000001,1,0
100,0.12,-0.5700000000000001,2,0
100,0.12,-0.5800000000000001,0,0
100,0.12,-0.5800000000000001,1,0
100,0.12,-0.5800000000000001,2,0
100,0.12,-0.5900000000000001,0,0
100,0.12,-0.5900000000000001,1,0
100,0.12,-0.5900000000000001,2,0
100,0.12,-0.5,0,0
100,0.12,-0.5,1,0
100,0.12,-0.5,2,0
100,0.12,-0.6000000000000001,0,0
100,0.12,-0.6000000000000001,1,0
100,0.12,-0.6000000000000001,2,0
100,0.12,-0.6100000000000001,0,0
100,0.12,-0.6100000000000001,1,0
100,0.12,-0.6100000000000001,2,0
100,0.12,-0.6200000000000001,0,0
100,0.12,-0.6200000000000001,1,0
100,0.12,-0.6200000000000001,2,0
100,0.12,-0.63,0,0
100,0.12,-0.63,1,0
100,0.12,-0.63,2,0
100,0.12,-0.64,0,0
100,0.12,-0.64,1,0
100,0.12,-0.64,2,0
100,0.12,-0.65,0,0
100,0.12,-0.65,1,0
100,0.12,-0.65,2,0
100,0.12,-0.66,0,0
100,0.12,-0.66,1,0
100,0.12,-0.66,2,0
100,0.12,-0.67,0,0
100,0.12,-0.67,1,0
100,0.12,-0.67,2,0
100,0.12,-0.68,0,0
100,0.12,-0.68,1,0
100,0.12,-0.68,2,0
100,0.12,-0.6900000000000001,0,0
100,0.12,-0.6900000000000001,1,0
100,0.12,-0.6900000000000001,2,0
100,0.12,-0.7000000000000001,0,0
100,0.12,-0.7000000000000001,1,0
100,0.12,-0.7000000000000001,2,0
100,0.12,-0.7100000000000001,0,0
100,0.12,-0.7100000000000001,1,0
100,0.12,-0.7100000000000001,2,0
100,0.12,-0.7200000000000001,0,0
100,0.12,-0.7200000000000001,1,0
100,0.12,-0.7200000000000001,2,0
100,0.12,-0.73,0,0
100,0.12,-0.73,1,0
100,0.12,-0.73,2,0
100,0.12,-0.74,0,0
100,0.12,-0.74,1,0
100,0.12,-0.74,2,0
100,0.12,-0.75,0,0
100,0.12,-0.75,1,0
100,0.12,-0.75,2,0
100,0.12,-0.76,0,0
100,0.12,-0.76,1,0
100,0.12,-0.76,2,0
100,0.12,-0.77,0,0
100,0.12,-0.77,1,0
100,0.12,-0.77,2,0
100,0.12,-0.78,0,0
100,0.12,-0.78,1,0
100,0.12,-0.78,2,0
100,0.12,-0.79,0,0
100,0.12,-0.79,1,0
100,0.12,-0.79,2,0
100,0.12,-0.8,0,0
100,0.12,-0.8,1,0
100,0.12,-0.8,2,0
100,0.12,0.010000000000000009,0,4290
100,0.12,0.010000000000000009,1,5340
100,0.12,0.010000000000000009,2,1600
100,0.12,0.020000000000000018,0,2100
100,0.12,0.020000000000000018,1,1300
100,0.12,0.020000000000000018,2,200
100,0.12,0.030000000000000027,0,1330
100,0.12,0.030000000000000027,1,780
100,0.12,0.030000000000000027,2,60
100,0.12,0.039999999999999925,0,890
100,0.12,0.039999999999999925,1,550
100,0.12,0.039999999999999925,2,20
100,0.12,0.04999999999999993,0,480
100,0.12,0.04999999999999993,1,310
100,0.12,0.04999999999999993,2,10
100,0.12,0.05999999999999994,0,390
100,0.12,0.05999999999999994,1,250
100,0.12,0.05999999999999994,2,0
100,0.12,0.06999999999999995,0,320
100,0.12,0.06999999999999995,1,200
100,0.12,0.06999999999999995,2,0
100,0.12,0.07999999999999996,0,260
100,0.12,0.07999999999999996,1,170
100,0.12,0.07999999999999996,2,0
100,0.12,0.08999999999999997,0,220
100,0.12,0.08999999999999997,1,140
100,0.12,0.08999999999999997,2,0
100,0.12,0.09999999999999998,0,190
100,0.12,0.09999999999999998,1,120
100,0.12,0.09999999999999998,2,0
100,0.12,0.0,0,0
100,0.12,0.0,1,0
100,0.12,0.0,2,0
100,0.12,0.10999999999999999,0,160
100,0.12,0.10999999999999999,1,110
100,0.12,0.10999999999999999,2,0
100,0.12,0.12,0,140
100,0.12,0.12,1,100
100,0.12,0.12,2,0
100,0.12,0.13,0,120
100,0.12,0.13,1,80
100,0.12,0.13,2,0
100,0.12,0.14,0,110
100,0.12,0.14,1,80
100,0.12,0.14,2,0
100,0.12,0.15000000000000002,0,100
100,0.12,0.15000000000000002,1,70
100,0.12,0.15000000000000002,2,0
100,0.12,0.15999999999999992,0,80
100,0.12,0.15999999999999992,1,60
100,0.12,0.15999999999999992,2,0
100,0.12,0.16999999999999993,0,70
100,0.12,0.16999999999999993,1,60
100,0.12,0.16999999999999993,2,0
100,0.12,0.17999999999999994,0,60
100,0.12,0.17999999999999994,1,50
100,0.12,0.17999999999999994,2,0
100,0.12,0.18999999999999995,0,10
100,0.12,0.18999999999999995,1,50
100,0.12,0.18999999999999995,2,0
100,0.12,0.2,0,10
100,0.12,0.2,1,40
100,0.12,0.2,2,0
100,0.13,-0.010000000000000009,0,860
100,0.13,-0.010000000000000009,1,1470
100,0.13,-0.010000000000000009,2,0
100,0.13,-0.020000000000000018,0,930
100,0.13,-0.020000000000000018,1,9130
100,0.13,-0.020000000000000018,2,0
100,0.13,-0.030000000000000027,0,490
100,0.13,-0.030000000000000027,1,9580
100,0.13,-0.030000000000000027,2,7700
100,0.13,-0.040000000000000036,0,9580
100,0.13,-0.040000000000000036,1,6980
100,0.13,-0.040000000000000036,2,510
100,0.13,-0.050000000000000044,0,9600
100,0.13,-0.050000000000000044,1,9820
100,0.13,-0.050000000000000044,2,9930
100,0.13,-0.06000000000000005,0,0
100,0.13,-0.06000000000000005,1,9670
100,0.13,-0.06000000000000005,2,9050
100,0.13,-0.07000000000000006,0,0
100,0.13,-0.07000000000000006,1,1450
100,0.13,-0.07000000000000006,2,9630
100,0.13,-0.08000000000000007,0,0
100,0.13,-0.08000000000000007,1,9983
100,0.13,-0.08000000000000007,2,520
100,0.13,-0.09000000000000008,0,0
100,0.13,-0.09000000000000008,1,9803
100,0.13,-0.09000000000000008,2,0
100,0.13,-0.09999999999999998,0,0
100,0.13,-0.09999999999999998,1,330
100,0.13,-0.09999999999999998,2,0
100,0.13,-0.10999999999999999,0,0
100,0.13,-0.10999999999999999,1,480
100,0.13,-0.10999999999999999,2,0
100,0.13,-0.12,0,0
100,0.13,-0.12,1,500
100,0.13,-0.12,2,0
100,0.13,-0.13,0,0
100,0.13,-0.13,1,360
100,0.13,-0.13,2,0
100,0.13,-0.14,0,0
100,0.13,-0.14,1,320
100,0.13,-0.14,2,0
100,0.13,-0.15000000000000002,0,0
100,0.13,-0.15000000000000002,1,300
100,0.13,-0.15000000000000002,2,0
100,0.13,-0.16000000000000003,0,0
100,0.13,-0.16000000000000003,1,300
100,0.13,-0.16000000000000003,2,0
100,0.13,-0.17000000000000004,0,0
100,0.13,-0.17000000000000004,1,9783
100,0.13,-0.17000000000000004,2,0
100,0.13,-0.18000000000000005,0,0
100,0.13,-0.18000000000000005,1,9815
100,0.13,-0.18000000000000005,2,0
100,0.13,-0.19000000000000006,0,0
100,0.13,-0.19000000000000006,1,280
100,0.13,-0.19000000000000006,2,0
100,0.13,-0.20000000000000007,0,0
100,0.13,-0.20000000000000007,1,240
100,0.13,-0.20000000000000007,2,0
100,0.13,-0.21000000000000008,0,0
100,0.13,-0.21000000000000008,1,4090
100,0.13,-0.21000000000000008,2,0
100,0.13,-0.22000000000000008,0,0
100,0.13,-0.22000000000000008,1,9777
100,0.13,-0.22000000000000008,2,0
100,0.13,-0.22999999999999998,0,0
100,0.13,-0.22999999999999998,1,0
100,0.13,-0.22999999999999998,2,0
100,0.13,-0.24,0,0
100,0.13,-0.24,1,6260
100,0.13,-0.24,2,0
100,0.13,-0.25,0,0
100,0.13,-0.25,1,0
100,0.13,-0.25,2,0
100,0.13,-0.26,0,0
100,0.13,-0.26,1,0
100,0.13,-0.26,2,0
100,0.13,-0.27,0,0
100,0.13,-0.27,1,0
100,0.13,-0.27,2,0
100,0.13,-0.28,0,0
100,0.13,-0.28,1,0
100,0.13,-0.28,2,0
100,0.13,-0.29000000000000004,0,0
100,0.13,-0.29000000000000004,1,0
100,0.13,-0.29000000000000004,2,0
100,0.13,-0.30000000000000004,0,0
100,0.13,-0.30000000000000004,1,0
100,0.13,-0.30000000000000004,2,0
100,0.13,-0.31000000000000005,0,0
100,0.13,-0.31000000000000005,1,0
100,0.13,-0.31000000000000005,2,0
100,0.13,-0.32000000000000006,0,0
100,0.13,-0.32000000000000006,1,9978
100,0.13,-0.32000000000000006,2,0
100,0.13,-0.33,0,0
100,0.13,-0.33,1,0
100,0.13,-0.33,2,0
100,0.13,-0.34,0,0
100,0.13,-0.34,1,0
100,0.13,-0.34,2,0
100,0.13,-0.35000000000000003,0,0
100,0.13,-0.35000000000000003,1,0
100,0.13,-0.35000000000000003,2,0
100,0.13,-0.36000000000000004,0,0
100,0.13,-0.36000000000000004,1,0
100,0.13,-0.36000000000000004,2,0
100,0.13,-0.37000000000000005,0,0
100,0.13,-0.37000000000000005,1,0
100,0.13,-0.37000000000000005,2,0
100,0.13,-0.38000000000000006,0,0
100,0.13,-0.38000000000000006,1,0
100,0.13,-0.38000000000000006,2,0
100,0.13,-0.39,0,0
100,0.13,-0.39,1,0
100,0.13,-0.39,2,0
100,0.13,-0.41000000000000003,0,0
100,0.13,-0.41000000000000003,1,0
100,0.13,-0.41000000000000003,2,0
100,0.13,-0.42000000000000004,0,0
100,0.13,-0.42000000000000004,1,0
100,0.13,-0.42000000000000004,2,0
100,0.13,-0.43000000000000005,0,0
100,0.13,-0.43000000000000005,1,0
100,0.13,-0.43000000000000005,2,0
100,0.13,-0.44000000000000006,0,0
100,0.13,-0.44000000000000006,1,0
100,0.13,-0.44000000000000006,2,0
100,0.13,-0.45,0,0
100,0.13,-0.45,1,0
100,0.13,-0.45,2,0
100,0.13,-0.46,0,0
100,0.13,-0.46,1,0
100,0.13,-0.46,2,0
100,0.13,-0.47000000000000003,0,0
100,0.13,-0.47000000000000003,1,0
100,0.13,-0.47000000000000003,2,0
100,0.13,-0.48000000000000004,0,0
100,0.13,-0.48000000000000004,1,0
100,0.13,-0.48000000000000004,2,0
100,0.13,-0.49000000000000005,0,0
100,0.13,-0.49000000000000005,1,0
100,0.13,-0.49000000000000005,2,0
100,0.13,-0.4,0,0
100,0.13,-0.4,1,0
100,0.13,-0.4,2,0
100,0.13,-0.51,0,0
100,0.13,-0.51,1,0
100,0.13,-0.51,2,0
100,0.13,-0.52,0,0
100,0.13,-0.52,1,0
100,0.13,-0.52,2,0
100,0.13,-0.53,0,0
100,0.13,-0.53,1,0
100,0.13,-0.53,2,0
100,0.13,-0.54,0,0
100,0.13,-0.54,1,0
100,0.13,-0.54,2,0
100,0.13,-0.55,0,0
100,0.13,-0.55,1,0
100,0.13,-0.55,2,0
100,0.13,-0.56,0,0
100,0.13,-0.56,1,0
100,0.13,-0.56,2,0
100,0.13,-0.5700000000000001,0,0
100,0.13,-0.5700000000000001,1,0
100,0.13,-0.5700000000000001,2,0
100,0.13,-0.5800000000000001,0,0
100,0.13,-0.5800000000000001,1,0
100,0.13,-0.5800000000000001,2,0
100,0.13,-0.5900000000000001,0,0
100,0.13,-0.5900000000000001,1,0
100,0.13,-0.5900000000000001,2,0
100,0.13,-0.5,0,0
100,0.13,-0.5,1,0
100,0.13,-0.5,2,0
100,0.13,-0.6000000000000001,0,0
100,0.13,-0.6000000000000001,1,0
100,0.13,-0.6000000000000001,2,0
100,0.13,-0.6100000000000001,0,0
100,0.13,-0.6100000000000001,1,0
100,0.13,-0.6100000000000001,2,0
100,0.13,-0.6200000000000001,0,0
100,0.13,-0.6200000000000001,1,0
100,0.13,-0.6200000000000001,2,0
100,0.13,-0.63,0,0
100,0.13,-0.63,1,0
100,0.13,-0.63,2,0
100,0.13,-0.64,0,0
100,0.13,-0.64,1,0
100,0.13,-0.64,2,0
100,0.13,-0.65,0,0
100,0.13,-0.65,1,0
100,0.13,-0.65,2,0
100,0.13,-0.66,0,0
100,0.13,-0.66,1,0
100,0.13,-0.66,2,0
100,0.13,-0.67,0,0
100,0.13,-0.67,1,0
100,0.13,-0.67,2,0
100,0.13,-0.68,0,0
100,0.13,-0.68,1,0
100,0.13,-0.68,2,0
100,0.13,-0.6900000000000001,0,0
100,0.13,-0.6900000000000001,1,0
100,0.13,-0.6900000000000001,2,0
100,0.13,-0.7000000000000001,0,0
100,0.13,-0.7000000000000001,1,0
100,0.13,-0.7000000000000001,2,0
100,0.13,-0.7100000000000001,0,0
100,0.13,-0.7100000000000001,1,0
100,0.13,-0.7100000000000001,2,0
100,0.13,-0.7200000000000001,0,0
100,0.13,-0.7200000000000001,1,0
100,0.13,-0.7200000000000001,2,0
100,0.13,-0.73,0,0
100,0.13,-0.73,1,0
100,0.13,-0.73,2,0
100,0.13,-0.74,0,0
100,0.13,-0.74,1,0
100,0.13,-0.74,2,0
100,0.13,-0.75,0,0
100,0.13,-0.75,1,0
100,0.13,-0.75,2,0
100,0.13,-0.76,0,5060
100,0.13,-0.76,1,0
100,0.13,-0.76,2,0
100,0.13,-0.77,0,0
100,0.13,-0.77,1,0
100,0.13,-0.77,2,0
100,0.13,-0.78,0,0
100,0.13,-0.78,1,0
100,0.13,-0.78,2,0
100,0.13,-0.79,0,0
100,0.13,-0.79,1,0
100,0.13,-0.79,2,0
100,0.13,-0.8,0,0
100,0.13,-0.8,1,0
100,0.13,-0.8,2,0
100,0.13,0.010000000000000009,0,4300
100,0.13,0.010000000000000009,1,5380
100,0.13,0.010000000000000009,2,1640
100,0.13,0.020000000000000018,0,2100
100,0.13,0.020000000000000018,1,1240
100,0.13,0.020000000000000018,2,190
100,0.13,0.030000000000000027,0,1400
100,0.13,0.030000000000000027,1,790
100,0.13,0.030000000000000027,2,70
100,0.13,0.039999999999999925,0,930
100,0.13,0.039999999999999925,1,540
100,0.13,0.039999999999999925,2,20
100,0.13,0.04999999999999993,0,490
100,0.13,0.04999999999999993,1,300
100,0.13,0.04999999999999993,2,10
100,0.13,0.05999999999999994,0,380
100,0.13,0.05999999999999994,1,240
100,0.13,0.05999999999999994,2,0
100,0.13,0.06999999999999995,0,310
100,0.13,0.06999999999999995,1,200
100,0.13,0.06999999999999995,2,0
100,0.13,0.07999999999999996,0,260
100,0.13,0.07999999999999996,1,170
100,0.13,0.07999999999999996,2,0
100,0.13,0.08999999999999997,0,220
100,0.13,0.08999999999999997,1,140
100,0.13,0.08999999999999997,2,0
100,0.13,0.09999999999999998,0,180
100,0.13,0.09999999999999998,1,120
100,0.13,0.09999999999999998,2,0
100,0.13,0.0,0,9705
100,0.13,0.0,1,0
100,0.13,0.0,2,0
100,0.13,0.10999999999999999,0,160
100,0.13,0.10999999999999999,1,110
100,0.13,0.10999999999999999,2,0
100,0.13,0.12,0,140
100,0.13,0.12,1,90
100,0.13,0.12,2,0
100,0.13,0.13,0,120
100,0.13,0.13,1,80
100,0.13,0.13,2,0
100,0.13,0.14,0,110
100,0.13,0.14,1,70
100,0.13,0.14,2,0
100,0.13,0.15000000000000002,0,100
100,0.13,0.15000000000000002,1,70
100,0.13,0.15000000000000002,2,0
100,0.13,0.15999999999999992,0,80
100,0.13,0.15999999999999992,1,60
100,0.13,0.15999999999999992,2,0
100,0.13,0.16999999999999993,0,70
100,0.13,0.16999999999999993,1,60
100,0.13,0.16999999999999993,2,0
100,0.13,0.17999999999999994,0,60
100,0.13,0.17999999999999994,1,50
100,0.13,0.17999999999999994,2,0
100,0.13,0.18999999999999995,0,10
100,0.13,0.18999999999999995,1,50
100,0.13,0.18999999999999995,2,0
100,0.13,0.2,0,10
100,0.13,0.2,1,40
100,0.13,0.2,2,0
100,0.14,-0.010000000000000009,0,590
100,0.14,-0.010000000000000009,1,1250
100,0.14,-0.010000000000000009,2,0
100,0.14,-0.020000000000000018,0,7540
100,0.14,-0.020000000000000018,1,1700
100,0.14,-0.020000000000000018,2,0
100,0.14,-0.030000000000000027,0,9860
100,0.14,-0.030000000000000027,1,8900
100,0.14,-0.030000000000000027,2,9840
100,0.14,-0.040000000000000036,0,9870
100,0.14,-0.040000000000000036,1,9940
100,0.14,-0.040000000000000036,2,9360
100,0.14,-0.050000000000000044,0,9650
100,0.14,-0.050000000000000044,1,7590
100,0.14,-0.050000000000000044,2,9930
100,0.14,-0.06000000000000005,0,9820
100,0.14,-0.06000000000000005,1,9890
100,0.14,-0.06000000000000005,2,9920
100,0.14,-0.07000000000000006,0,150
100,0.14,-0.07000000000000006,1,8910
100,0.14,-0.07000000000000006,2,9870
100,0.14,-0.08000000000000007,0,0
100,0.14,-0.08000000000000007,1,1020
100,0.14,-0.08000000000000007,2,8510
100,0.14,-0.09000000000000008,0,0
100,0.14,-0.09000000000000008,1,1180
100,0.14,-0.09000000000000008,2,10
100,0.14,-0.09999999999999998,0,0
100,0.14,-0.09999999999999998,1,1030
100,0.14,-0.09999999999999998,2,0
100,0.14,-0.10999999999999999,0,0
100,0.14,-0.10999999999999999,1,540
100,0.14,-0.10999999999999999,2,0
100,0.14,-0.12,0,0
100,0.14,-0.12,1,430
100,0.14,-0.12,2,0
100,0.14,-0.13,0,0
100,0.14,-0.13,1,9855
100,0.14,-0.13,2,0
100,0.14,-0.14,0,0
100,0.14,-0.14,1,420
100,0.14,-0.14,2,0
100,0.14,-0.15000000000000002,0,0
100,0.14,-0.15000000000000002,1,310
100,0.14,-0.15000000000000002,2,0
100,0.14,-0.16000000000000003,0,0
100,0.14,-0.16000000000000003,1,280
100,0.14,-0.16000000000000003,2,0
100,0.14,-0.17000000000000004,0,0
100,0.14,-0.17000000000000004,1,9906
100,0.14,-0.17000000000000004,2,0
100,0.14,-0.18000000000000005,0,0
100,0.14,-0.18000000000000005,1,9995
100,0.14,-0.18000000000000005,2,0
100,0.14,-0.19000000000000006,0,0
100,0.14,-0.19000000000000006,1,0
100,0.14,-0.19000000000000006,2,0
100,0.14,-0.20000000000000007,0,0
100,0.14,-0.20000000000000007,1,640
100,0.14,-0.20000000000000007,2,0
100,0.14,-0.21000000000000008,0,0
100,0.14,-0.21000000000000008,1,270
100,0.14,-0.21000000000000008,2,0
100,0.14,-0.22000000000000008,0,0
100,0.14,-0.22000000000000008,1,9934
100,0.14,-0.22000000000000008,2,0
100,0.14,-0.22999999999999998,0,0
100,0.14,-0.22999999999999998,1,0
100,0.14,-0.22999999999999998,2,0
100,0.14,-0.24,0,0
100,0.14,-0.24,1,230
100,0.14,-0.24,2,0
100,0.14,-0.25,0,0
100,0.14,-0.25,1,9916
100,0.14,-0.25,2,0
100,0.14,-0.26,0,0
100,0.14,-0.26,1,0
100,0.14,-0.26,2,0
100,0.14,-0.27,0,0
100,0.14,-0.27,1,220
100,0.14,-0.27,2,0
100,0.14,-0.28,0,0
100,0.14,-0.28,1,210
100,0.14,-0.28,2,0
100,0.14,-0.29000000000000004,0,0
100,0.14,-0.29000000000000004,1,0
100,0.14,-0.29000000000000004,2,0
100,0.14,-0.30000000000000004,0,0
100,0.14,-0.30000000000000004,1,0
100,0.14,-0.30000000000000004,2,0
100,0.14,-0.31000000000000005,0,0
100,0.14,-0.31000000000000005,1,9878
100,0.14,-0.31000000000000005,2,0
100,0.14,-0.32000000000000006,0,0
100,0.14,-0.32000000000000006,1,9963
100,0.14,-0.32000000000000006,2,0
100,0.14,-0.33,0,0
100,0.14,-0.33,1,0
100,0.14,-0.33,2,0
100,0.14,-0.34,0,0
100,0.14,-0.34,1,0
100,0.14,-0.34,2,0
100,0.14,-0.35000000000000003,0,0
100,0.14,-0.35000000000000003,1,0
100,0.14,-0.35000000000000003,2,0
100,0.14,-0.36000000000000004,0,0
100,0.14,-0.36000000000000004,1,0
100,0.14,-0.36000000000000004,2,0
100,0.14,-0.37000000000000005,0,0
100,0.14,-0.37000000000000005,1,0
100,0.14,-0.37000000000000005,2,0
100,0.14,-0.38000000000000006,0,0
100,0.14,-0.38000000000000006,1,0
100,0.14,-0.38000000000000006,2,0
100,0.14,-0.39,0,0
100,0.14,-0.39,1,0
100,0.14,-0.39,2,0
100,0.14,-0.41000000000000003,0,0
100,0.14,-0.41000000000000003,1,0
100,0.14,-0.41000000000000003,2,0
100,0.14,-0.42000000000000004,0,0
100,0.14,-0.42000000000000004,1,0
100,0.14,-0.42000000000000004,2,0
100,0.14,-0.43000000000000005,0,0
100,0.14,-0.43000000000000005,1,0
100,0.14,-0.43000000000000005,2,0
100,0.14,-0.44000000000000006,0,0
100,0.14,-0.44000000000000006,1,0
100,0.14,-0.44000000000000006,2,0
100,0.14,-0.45,0,0
100,0.14,-0.45,1,0
100,0.14,-0.45,2,0
100,0.14,-0.46,0,0
100,0.14,-0.46,1,0
100,0.14,-0.46,2,0
100,0.14,-0.47000000000000003,0,0
100,0.14,-0.47000000000000003,1,0
100,0.14,-0.47000000000000003,2,0
100,0.14,-0.48000000000000004,0,0
100,0.14,-0.48000000000000004,1,0
100,0.14,-0.48000000000000004,2,0
100,0.14,-0.49000000000000005,0,0
100,0.14,-0.49000000000000005,1,0
100,0.14,-0.49000000000000005,2,0
100,0.14,-0.4,0,0
100,0.14,-0.4,1,0
100,0.14,-0.4,2,0
100,0.14,-0.51,0,0
100,0.14,-0.51,1,0
100,0.14,-0.51,2,0
100,0.14,-0.52,0,0
100,0.14,-0.52,1,0
100,0.14,-0.52,2,0
100,0.14,-0.53,0,0
100,0.14,-0.53,1,0
100,0.14,-0.53,2,0
100,0.14,-0.54,0,0
100,0.14,-0.54,1,0
100,0.14,-0.54,2,0
100,0.14,-0.55,0,0
100,0.14,-0.55,1,0
100,0.14,-0.55,2,0
100,0.14,-0.56,0,0
100,0.14,-0.56,1,0
100,0.14,-0.56,2,0
100,0.14,-0.5700000000000001,0,0
100,0.14,-0.5700000000000001,1,0
100,0.14,-0.5700000000000001,2,0
100,0.14,-0.5800000000000001,0,0
100,0.14,-0.5800000000000001,1,0
100,0.14,-0.5800000000000001,2,0
100,0.14,-0.5900000000000001,0,0
100,0.14,-0.5900000000000001,1,0
100,0.14,-0.5900000000000001,2,0
100,0.14,-0.5,0,0
100,0.14,-0.5,1,0
100,0.14,-0.5,2,0
100,0.14,-0.6000000000000001,0,0
100,0.14,-0.6000000000000001,1,0
100,0.14,-0.6000000000000001,2,0
100,0.14,-0.6100000000000001,0,0
100,0.14,-0.6100000000000001,1,0
100,0.14,-0.6100000000000001,2,0
100,0.14,-0.6200000000000001,0,0
100,0.14,-0.6200000000000001,1,0
100,0.14,-0.6200000000000001,2,0
100,0.14,-0.63,0,0
100,0.14,-0.63,1,0
100,0.14,-0.63,2,0
100,0.14,-0.64,0,0
100,0.14,-0.64,1,0
100,0.14,-0.64,2,0
100,0.14,-0.65,0,0
100,0.14,-0.65,1,0
100,0.14,-0.65,2,0
100,0.14,-0.66,0,0
100,0.14,-0.66,1,0
100,0.14,-0.66,2,0
100,0.14,-0.67,0,0
100,0.14,-0.67,1,0
100,0.14,-0.67,2,0
100,0.14,-0.68,0,0
100,0.14,-0.68,1,0
100,0.14,-0.68,2,0
100,0.14,-0.6900000000000001,0,0
100,0.14,-0.6900000000000001,1,0
100,0.14,-0.6900000000000001,2,0
100,0.14,-0.7000000000000001,0,0
100,0.14,-0.7000000000000001,1,0
100,0.14,-0.7000000000000001,2,0
100,0.14,-0.7100000000000001,0,0
100,0.14,-0.7100000000000001,1,0
100,0.14,-0.7100000000000001,2,0
100,0.14,-0.7200000000000001,0,0
100,0.14,-0.7200000000000001,1,0
100,0.14,-0.7200000000000001,2,0
100,0.14,-0.73,0,0
100,0.14,-0.73,1,0
100,0.14,-0.73,2,0
100,0.14,-0.74,0,0
100,0.14,-0.74,1,0
100,0.14,-0.74,2,0
100,0.14,-0.75,0,0
100,0.14,-0.75,1,0
100,0.14,-0.75,2,0
100,0.14,-0.76,0,0
100,0.14,-0.76,1,0
100,0.14,-0.76,2,0
100,0.14,-0.77,0,0
100,0.14,-0.77,1,0
100,0.14,-0.77,2,0
100,0.14,-0.78,0,0
100,0.14,-0.78,1,0
100,0.14,-0.78,2,0
100,0.14,-0.79,0,0
100,0.14,-0.79,1,0
100,0.14,-0.79,2,0
100,0.14,-0.8,0,0
100,0.14,-0.8,1,0
100,0.14,-0.8,2,0
100,0.14,0.010000000000000009,0,4230
100,0.14,0.010000000000000009,1,5290
100,0.14,0.010000000000000009,2,1700
100,0.14,0.020000000000000018,0,2060
100,0.14,0.020000000000000018,1,1160
100,0.14,0.020000000000000018,2,190
100,0.14,0.030000000000000027,0,1360
100,0.14,0.030000000000000027,1,780
100,0.14,0.030000000000000027,2,80
100,0.14,0.039999999999999925,0,970
100,0.14,0.039999999999999925,1,540
100,0.14,0.039999999999999925,2,20
100,0.14,0.04999999999999993,0,470
100,0.14,0.04999999999999993,1,420
100,0.14,0.04999999999999993,2,10
100,0.14,0.05999999999999994,0,360
100,0.14,0.05999999999999994,1,240
100,0.14,0.05999999999999994,2,10
100,0.14,0.06999999999999995,0,300
100,0.14,0.06999999999999995,1,190
100,0.14,0.06999999999999995,2,0
100,0.14,0.07999999999999996,0,250
100,0.14,0.07999999999999996,1,160
100,0.14,0.07999999999999996,2,0
100,0.14,0.08999999999999997,0,210
100,0.14,0.08999999999999997,1,140
100,0.14,0.08999999999999997,2,0
100,0.14,0.09999999999999998,0,180
100,0.14,0.09999999999999998,1,120
100,0.14,0.09999999999999998,2,0
100,0.14,0.0,0,0
100,0.14,0.0,1,0
100,0.14,0.0,2,0
100,0.14,0.10999999999999999,0,160
100,0.14,0.10999999999999999,1,100
100,0.14,0.10999999999999999,2,0
100,0.14,0.12,0,130
100,0.14,0.12,1,90
100,0.14,0.12,2,0
100,0.14,0.13,0,120
100,0.14,0.13,1,80
100,0.14,0.13,2,0
100,0.14,0.14,0,110
100,0.14,0.14,1,70
100,0.14,0.14,2,0
100,0.14,0.15000000000000002,0,90
100,0.14,0.15000000000000002,1,70
100,0.14,0.15000000000000002,2,0
100,0.14,0.15999999999999992,0,80
100,0.14,0.15999999999999992,1,60
100,0.14,0.15999999999999992,2,0
100,0.14,0.16999999999999993,0,70
100,0.14,0.16999999999999993,1,50
100,0.14,0.16999999999999993,2,0
100,0.14,0.17999999999999994,0,60
100,0.14,0.17999999999999994,1,50
100,0.14,0.17999999999999994,2,0
100,0.14,0.18999999999999995,0,10
100,0.14,0.18999999999999995,1,50
100,0.14,0.18999999999999995,2,0
100,0.14,0.2,0,10
100,0.14,0.2,1,40
100,0.14,0.2,2,0
100,0.15,-0.010000000000000009,0,520
100,0.15,-0.010000000000000009,1,1000
100,0.15,-0.010000000000000009,2,0
100,0.15,-0.020000000000000018,0,9870
100,0.15,-0.020000000000000018,1,10
100,0.15,-0.020000000000000018,2,0
100,0.15,-0.030000000000000027,0,9040
100,0.15,-0.030000000000000027,1,6040
100,0.15,-0.030000000000000027,2,0
100,0.15,-0.040000000000000036,0,9490
100,0.15,-0.040000000000000036,1,9740
100,0.15,-0.040000000000000036,2,9880
100,0.15,-0.050000000000000044,0,8800
100,0.15,-0.050000000000000044,1,9050
100,0.15,-0.050000000000000044,2,8260
100,0.15,-0.06000000000000005,0,9940
100,0.15,-0.06000000000000005,1,9830
100,0.15,-0.06000000000000005,2,9740
100,0.15,-0.07000000000000006,0,2860
100,0.15,-0.07000000000000006,1,8470
100,0.15,-0.07000000000000006,2,9530
100,0.15,-0.08000000000000007,0,0
100,0.15,-0.08000000000000007,1,2230
100,0.15,-0.08000000000000007,2,9940
100,0.15,-0.09000000000000008,0,0
100,0.15,-0.09000000000000008,1,2090
100,0.15,-0.09000000000000008,2,9770
100,0.15,-0.09999999999999998,0,0
100,0.15,-0.09999999999999998,1,9955
100,0.15,-0.09999999999999998,2,0
100,0.15,-0.10999999999999999,0,0
100,0.15,-0.10999999999999999,1,9846
100,0.15,-0.10999999999999999,2,0
100,0.15,-0.12,0,0
100,0.15,-0.12,1,430
100,0.15,-0.12,2,0
100,0.15,-0.13,0,0
100,0.15,-0.13,1,520
100,0.15,-0.13,2,0
100,0.15,-0.14,0,0
100,0.15,-0.14,1,320
100,0.15,-0.14,2,0
100,0.15,-0.15000000000000002,0,0
100,0.15,-0.15000000000000002,1,400
100,0.15,-0.15000000000000002,2,0
100,0.15,-0.16000000000000003,0,0
100,0.15,-0.16000000000000003,1,9985
100,0.15,-0.16000000000000003,2,0
100,0.15,-0.17000000000000004,0,0
100,0.15,-0.17000000000000004,1,270
100,0.15,-0.17000000000000004,2,0
100,0.15,-0.18000000000000005,0,0
100,0.15,-0.18000000000000005,1,250
100,0.15,-0.18000000000000005,2,0
100,0.15,-0.19000000000000006,0,0
100,0.15,-0.19000000000000006,1,240
100,0.15,-0.19000000000000006,2,0
100,0.15,-0.20000000000000007,0,0
100,0.15,-0.20000000000000007,1,220
100,0.15,-0.20000000000000007,2,0
100,0.15,-0.21000000000000008,0,0
100,0.15,-0.21000000000000008,1,0
100,0.15,-0.21000000000000008,2,0
100,0.15,-0.22000000000000008,0,0
100,0.15,-0.22000000000000008,1,9859
100,0.15,-0.22000000000000008,2,0
100,0.15,-0.22999999999999998,0,0
100,0.15,-0.22999999999999998,1,270
100,0.15,-0.22999999999999998,2,0
100,0.15,-0.24,0,0
100,0.15,-0.24,1,220
100,0.15,-0.24,2,0
100,0.15,-0.25,0,0
100,0.15,-0.25,1,210
100,0.15,-0.25,2,0
100,0.15,-0.26,0,0
100,0.15,-0.26,1,0
100,0.15,-0.26,2,0
100,0.15,-0.27,0,0
100,0.15,-0.27,1,0
100,0.15,-0.27,2,0
100,0.15,-0.28,0,0
100,0.15,-0.28,1,5960
100,0.15,-0.28,2,0
100,0.15,-0.29000000000000004,0,0
100,0.15,-0.29000000000000004,1,210
100,0.15,-0.29000000000000004,2,0
100,0.15,-0.30000000000000004,0,0
100,0.15,-0.30000000000000004,1,0
100,0.15,-0.30000000000000004,2,0
100,0.15,-0.31000000000000005,0,0
100,0.15,-0.31000000000000005,1,0
100,0.15,-0.31000000000000005,2,0
100,0.15,-0.32000000000000006,0,0
100,0.15,-0.32000000000000006,1,0
100,0.15,-0.32000000000000006,2,0
100,0.15,-0.33,0,0
100,0.15,-0.33,1,0
100,0.15,-0.33,2,0
100,0.15,-0.34,0,0
100,0.15,-0.34,1,0
100,0.15,-0.34,2,0
100,0.15,-0.35000000000000003,0,0
100,0.15,-0.35000000000000003,1,9955
100,0.15,-0.35000000000000003,2,0
100,0.15,-0.36000000000000004,0,0
100,0.15,-0.36000000000000004,1,0
100,0.15,-0.36000000000000004,2,0
100,0.15,-0.37000000000000005,0,0
100,0.15,-0.37000000000000005,1,0
100,0.15,-0.37000000000000005,2,0
100,0.15,-0.38000000000000006,0,0
100,0.15,-0.38000000000000006,1,0
100,0.15,-0.38000000000000006,2,0
100,0.15,-0.39,0,0
100,0.15,-0.39,1,0
100,0.15,-0.39,2,0
100,0.15,-0.41000000000000003,0,0
100,0.15,-0.41000000000000003,1,0
100,0.15,-0.41000000000000003,2,0
100,0.15,-0.42000000000000004,0,0
100,0.15,-0.42000000000000004,1,0
100,0.15,-0.42000000000000004,2,0
100,0.15,-0.43000000000000005,0,0
100,0.15,-0.43000000000000005,1,0
100,0.15,-0.43000000000000005,2,0
100,0.15,-0.44000000000000006,0,0
100,0.15,-0.44000000000000006,1,0
100,0.15,-0.44000000000000006,2,0
100,0.15,-0.45,0,0
100,0.15,-0.45,1,0
100,0.15,-0.45,2,0
100,0.15,-0.46,0,0
100,0.15,-0.46,1,0
100,0.15,-0.46,2,0
100,0.15,-0.47000000000000003,0,0
100,0.15,-0.47000000000000003,1,0
100,0.15,-0.47000000000000003,2,0
100,0.15,-0.48000000000000004,0,0
100,0.15,-0.48000000000000004,1,0
100,0.15,-0.48000000000000004,2,0
100,0.15,-0.49000000000000005,0,0
100,0.15,-0.49000000000000005,1,0
100,0.15,-0.49000000000000005,2,0
100,0.15,-0.4,0,0
100,0.15,-0.4,1,0
100,0.15,-0.4,2,0
100,0.15,-0.51,0,0
100,0.15,-0.51,1,0
100,0.15,-0.51,2,0
100,0.15,-0.52,0,0
100,0.15,-0.52,1,0
100,0.15,-0.52,2,0
100,0.15,-0.53,0,0
100,0.15,-0.53,1,0
100,0.15,-0.53,2,0
100,0.15,-0.54,0,0
100,0.15,-0.54,1,0
100,0.15,-0.54,2,0
100,0.15,-0.55,0,0
100,0.15,-0.55,1,0
100,0.15,-0.55,2,0
100,0.15,-0.56,0,0
100,0.15,-0.56,1,0
100,0.15,-0.56,2,0
100,0.15,-0.5700000000000001,0,0
100,0.15,-0.5700000000000001,1,0
100,0.15,-0.5700000000000001,2,0
100,0.15,-0.5800000000000001,0,0
100,0.15,-0.5800000000000001,1,0
100,0.15,-0.5800000000000001,2,0
100,0.15,-0.5900000000000001,0,0
100,0.15,-0.5900000000000001,1,0
100,0.15,-0.5900000000000001,2,0
100,0.15,-0.5,0,0
100,0.15,-0.5,1,0
100,0.15,-0.5,2,0
100,0.15,-0.6000000000000001,0,0
100,0.15,-0.6000000000000001,1,0
100,0.15,-0.6000000000000001,2,0
100,0.15,-0.6100000000000001,0,0
100,0.15,-0.6100000000000001,1,0
100,0.15,-0.6100000000000001,2,0
100,0.15,-0.6200000000000001,0,0
100,0.15,-0.6200000000000001,1,0
100,0.15,-0.6200000000000001,2,0
100,0.15,-0.63,0,0
100,0.15,-0.63,1,0
100,0.15,-0.63,2,0
100,0.15,-0.64,0,0
100,0.15,-0.64,1,0
100,0.15,-0.64,2,0
100,0.15,-0.65,0,0
100,0.15,-0.65,1,0
100,0.15,-0.65,2,0
100,0.15,-0.66,0,0
100,0.15,-0.66,1,0
100,0.15,-0.66,2,0
100,0.15,-0.67,0,0
100,0.15,-0.67,1,0
100,0.15,-0.67,2,0
100,0.15,-0.68,0,0
100,0.15,-0.68,1,0
100,0.15,-0.68,2,0
100,0.15,-0.6900000000000001,0,0
100,0.15,-0.6900000000000001,1,0
100,0.15,-0.6900000000000001,2,0
100,0.15,-0.7000000000000001,0,0
100,0.15,-0.7000000000000001,1,0
100,0.15,-0.7000000000000001,2,0
100,0.15,-0.7100000000000001,0,0
100,0.15,-0.7100000000000001,1,0
100,0.15,-0.7100000000000001,2,0
100,0.15,-0.7200000000000001,0,0
100,0.15,-0.7200000000000001,1,0
100,0.15,-0.7200000000000001,2,0
100,0.15,-0.73,0,0
100,0.15,-0.73,1,0
100,0.15,-0.73,2,0
100,0.15,-0.74,0,0
100,0.15,-0.74,1,0
100,0.15,-0.74,2,0
100,0.15,-0.75,0,0
100,0.15,-0.75,1,0
100,0.15,-0.75,2,0
100,0.15,-0.76,0,0
100,0.15,-0.76,1,0
100,0.15,-0.76,2,0
100,0.15,-0.77,0,0
100,0.15,-0.77,1,0
100,0.15,-0.77,2,0
100,0.15,-0.78,0,0
100,0.15,-0.78,1,0
100,0.15,-0.78,2,0
100,0.15,-0.79,0,0
100,0.15,-0.79,1,0
100,0.15,-0.79,2,0
100,0.15,-0.8,0,0
100,0.15,-0.8,1,0
100,0.15,-0.8,2,0
100,0.15,0.010000000000000009,0,4180
100,0.15,0.010000000000000009,1,5290
100,0.15,0.010000000000000009,2,1740
100,0.15,0.020000000000000018,0,1980
100,0.15,0.020000000000000018,1,1090
100,0.15,0.020000000000000018,2,190
100,0.15,0.030000000000000027,0,1310
100,0.15,0.030000000000000027,1,780
100,0.15,0.030000000000000027,2,80
100,0.15,0.039999999999999925,0,960
100,0.15,0.039999999999999925,1,560
100,0.15,0.039999999999999925,2,30
100,0.15,0.04999999999999993,0,450
100,0.15,0.04999999999999993,1,420
100,0.15,0.04999999999999993,2,10
100,0.15,0.05999999999999994,0,350
100,0.15,0.05999999999999994,1,230
100,0.15,0.05999999999999994,2,10
100,0.15,0.06999999999999995,0,290
100,0.15,0.06999999999999995,1,190
100,0.15,0.06999999999999995,2,0
100,0.15,0.07999999999999996,0,240
100,0.15,0.07999999999999996,1,160
100,0.15,0.07999999999999996,2,0
100,0.15,0.08999999999999997,0,200
100,0.15,0.08999999999999997,1,140
100,0.15,0.08999999999999997,2,0
100,0.15,0.09999999999999998,0,170
100,0.15,0.09999999999999998,1,120
100,0.15,0.09999999999999998,2,0
100,0.15,0.0,0,0
100,0.15,0.0,1,0
100,0.15,0.0,2,0
100,0.15,0.10999999999999999,0,150
100,0.15,0.10999999999999999,1,100
100,0.15,0.10999999999999999,2,0
100,0.15,0.12,0,130
100,0.15,0.12,1,90
100,0.15,0.12,2,0
100,0.15,0.13,0,110
100,0.15,0.13,1,80
100,0.15,0.13,2,0
100,0.15,0.14,0,100
100,0.15,0.14,1,70
100,0.15,0.14,2,0
100,0.15,0.15000000000000002,0,90
100,0.15,0.15000000000000002,1,70
100,0.15,0.15000000000000002,2,0
100,0.15,0.15999999999999992,0,80
100,0.15,0.15999999999999992,1,60
100,0.15,0.15999999999999992,2,0
100,0.15,0.16999999999999993,0,70
100,0.15,0.16999999999999993,1,50
100,0.15,0.16999999999999993,2,0
100,0.15,0.17999999999999994,0,60
100,0.15,0.17999999999999994,1,50
100,0.15,0.17999999999999994,2,0
100,0.15,0.18999999999999995,0,10
100,0.15,0.18999999999999995,1,50
100,0.15,0.18999999999999995,2,0
100,0.15,0.2,0,10
100,0.15,0.2,1,40
100,0.15,0.2,2,0
100,0.16,-0.010000000000000009,0,500
100,0.16,-0.010000000000000009,1,850
100,0.16,-0.010000000000000009,2,0
100,0.16,-0.020000000000000018,0,7910
100,0.16,-0.020000000000000018,1,1140
100,0.16,-0.020000000000000018,2,0
100,0.16,-0.030000000000000027,0,9760
100,0.16,-0.030000000000000027,1,10
100,0.16,-0.030000000000000027,2,0
100,0.16,-0.040000000000000036,0,9280
100,0.16,-0.040000000000000036,1,9630
100,0.16,-0.040000000000000036,2,9810
100,0.16,-0.050000000000000044,0,9280
100,0.16,-0.050000000000000044,1,9920
100,0.16,-0.050000000000000044,2,9570
100,0.16,-0.06000000000000005,0,9250
100,0.16,-0.06000000000000005,1,8160
100,0.16,-0.06000000000000005,2,8790
100,0.16,-0.07000000000000006,0,9910
100,0.16,-0.07000000000000006,1,9410
100,0.16,-0.07000000000000006,2,9870
100,0.16,-0.08000000000000007,0,9810
100,0.16,-0.08000000000000007,1,9210
100,0.16,-0.08000000000000007,2,9940
100,0.16,-0.09000000000000008,0,0
100,0.16,-0.09000000000000008,1,9750
100,0.16,-0.09000000000000008,2,9910
100,0.16,-0.09999999999999998,0,0
100,0.16,-0.09999999999999998,1,2030
100,0.16,-0.09999999999999998,2,9480
100,0.16,-0.10999999999999999,0,0
100,0.16,-0.10999999999999999,1,9977
100,0.16,-0.10999999999999999,2,1470
100,0.16,-0.12,0,0
100,0.16,-0.12,1,870
100,0.16,-0.12,2,0
100,0.16,-0.13,0,0
100,0.16,-0.13,1,660
100,0.16,-0.13,2,0
100,0.16,-0.14,0,0
100,0.16,-0.14,1,490
100,0.16,-0.14,2,0
100,0.16,-0.15000000000000002,0,0
100,0.16,-0.15000000000000002,1,300
100,0.16,-0.15000000000000002,2,0
100,0.16,-0.16000000000000003,0,0
100,0.16,-0.16000000000000003,1,280
100,0.16,-0.16000000000000003,2,0
100,0.16,-0.17000000000000004,0,0
100,0.16,-0.17000000000000004,1,300
100,0.16,-0.17000000000000004,2,0
100,0.16,-0.18000000000000005,0,0
100,0.16,-0.18000000000000005,1,280
100,0.16,-0.18000000000000005,2,0
100,0.16,-0.19000000000000006,0,0
100,0.16,-0.19000000000000006,1,250
100,0.16,-0.19000000000000006,2,0
100,0.16,-0.20000000000000007,0,0
100,0.16,-0.20000000000000007,1,230
100,0.16,-0.20000000000000007,2,0
100,0.16,-0.21000000000000008,0,0
100,0.16,-0.21000000000000008,1,230
100,0.16,-0.21000000000000008,2,0
100,0.16,-0.22000000000000008,0,0
100,0.16,-0.22000000000000008,1,210
100,0.16,-0.22000000000000008,2,0
100,0.16,-0.22999999999999998,0,0
100,0.16,-0.22999999999999998,1,0
100,0.16,-0.22999999999999998,2,0
100,0.16,-0.24,0,0
100,0.16,-0.24,1,300
100,0.16,-0.24,2,0
100,0.16,-0.25,0,0
100,0.16,-0.25,1,260
100,0.16,-0.25,2,0
100,0.16,-0.26,0,0
100,0.16,-0.26,1,0
100,0.16,-0.26,2,0
100,0.16,-0.27,0,0
100,0.16,-0.27,1,190
100,0.16,-0.27,2,0
100,0.16,-0.28,0,0
100,0.16,-0.28,1,0
100,0.16,-0.28,2,0
100,0.16,-0.29000000000000004,0,0
100,0.16,-0.29000000000000004,1,0
100,0.16,-0.29000000000000004,2,0
100,0.16,-0.30000000000000004,0,0
100,0.16,-0.30000000000000004,1,4990
100,0.16,-0.30000000000000004,2,0
100,0.16,-0.31000000000000005,0,0
100,0.16,-0.31000000000000005,1,5910
100,0.16,-0.31000000000000005,2,0
100,0.16,-0.32000000000000006,0,0
100,0.16,-0.32000000000000006,1,0
100,0.16,-0.32000000000000006,2,0
100,0.16,-0.33,0,0
100,0.16,-0.33,1,0
100,0.16,-0.33,2,0
100,0.16,-0.34,0,0
100,0.16,-0.34,1,0
100,0.16,-0.34,2,0
100,0.16,-0.35000000000000003,0,0
100,0.16,-0.35000000000000003,1,0
100,0.16,-0.35000000000000003,2,0
100,0.16,-0.36000000000000004,0,0
100,0.16,-0.36000000000000004,1,0
100,0.16,-0.36000000000000004,2,0
100,0.16,-0.37000000000000005,0,0
100,0.16,-0.37000000000000005,1,0
100,0.16,-0.37000000000000005,2,0
100,0.16,-0.38000000000000006,0,0
100,0.16,-0.38000000000000006,1,3120
100,0.16,-0.38000000000000006,2,0
100,0.16,-0.39,0,0
100,0.16,-0.39,1,0
100,0.16,-0.39,2,0
100,0.16,-0.41000000000000003,0,0
100,0.16,-0.41000000000000003,1,0
100,0.16,-0.41000000000000003,2,0
100,0.16,-0.42000000000000004,0,0
100,0.16,-0.42000000000000004,1,0
100,0.16,-0.42000000000000004,2,0
100,0.16,-0.43000000000000005,0,0
100,0.16,-0.43000000000000005,1,0
100,0.16,-0.43000000000000005,2,0
100,0.16,-0.44000000000000006,0,0
100,0.16,-0.44000000000000006,1,0
100,0.16,-0.44000000000000006,2,0
100,0.16,-0.45,0,0
100,0.16,-0.45,1,0
100,0.16,-0.45,2,0
100,0.16,-0.46,0,0
100,0.16,-0.46,1,0
100,0.16,-0.46,2,0
100,0.16,-0.47000000000000003,0,0
100,0.16,-0.47000000000000003,1,0
100,0.16,-0.47000000000000003,2,0
100,0.16,-0.48000000000000004,0,0
100,0.16,-0.48000000000000004,1,0
100,0.16,-0.48000000000000004,2,0
100,0.16,-0.49000000000000005,0,0
100,0.16,-0.49000000000000005,1,0
100,0.16,-0.49000000000000005,2,0
100,0.16,-0.4,0,0
100,0.16,-0.4,1,0
100,0.16,-0.4,2,0
100,0.16,-0.51,0,0
100,0.16,-0.51,1,0
100,0.16,-0.51,2,0
100,0.16,-0.52,0,0
100,0.16,-0.52,1,0
100,0.16,-0.52,2,0
100,0.16,-0.53,0,0
100,0.16,-0.53,1,0
100,0.16,-0.53,2,0
100,0.16,-0.54,0,0
100,0.16,-0.54,1,0
100,0.16,-0.54,2,0
100,0.16,-0.55,0,0
100,0.16,-0.55,1,0
100,0.16,-0.55,2,0
100,0.16,-0.56,0,0
100,0.16,-0.56,1,0
100,0.16,-0.56,2,0
100,0.16,-0.5700000000000001,0,0
100,0.16,-0.5700000000000001,1,0
100,0.16,-0.5700000000000001,2,0
100,0.16,-0.5800000000000001,0,0
100,0.16,-0.5800000000000001,1,0
100,0.16,-0.5800000000000001,2,0
100,0.16,-0.5900000000000001,0,0
100,0.16,-0.5900000000000001,1,0
100,0.16,-0.5900000000000001,2,0
100,0.16,-0.5,0,0
100,0.16,-0.5,1,0
100,0.16,-0.5,2,0
100,0.16,-0.6000000000000001,0,0
100,0.16,-0.6000000000000001,1,0
100,0.16,-0.6000000000000001,2,0
100,0.16,-0.6100000000000001,0,0
100,0.16,-0.6100000000000001,1,0
100,0.16,-0.6100000000000001,2,0
100,0.16,-0.6200000000000001,0,0
100,0.16,-0.6200000000000001,1,0
100,0.16,-0.6200000000000001,2,0
100,0.16,-0.63,0,0
100,0.16,-0.63,1,0
100,0.16,-0.63,2,0
100,0.16,-0.64,0,0
100,0.16,-0.64,1,0
100,0.16,-0.64,2,0
100,0.16,-0.65,0,0
100,0.16,-0.65,1,0
100,0.16,-0.65,2,0
100,0.16,-0.66,0,0
100,0.16,-0.66,1,0
100,0.16,-0.66,2,0
100,0.16,-0.67,0,0
100,0.16,-0.67,1,0
100,0.16,-0.67,2,0
100,0.16,-0.68,0,0
100,0.16,-0.68,1,0
100,0.16,-0.68,2,0
100,0.16,-0.6900000000000001,0,0
100,0.16,-0.6900000000000001,1,0
100,0.16,-0.6900000000000001,2,0
100,0.16,-0.7000000000000001,0,0
100,0.16,-0.7000000000000001,1,0
100,0.16,-0.7000000000000001,2,0
100,0.16,-0.7100000000000001,0,0
100,0.16,-0.7100000000000001,1,0
100,0.16,-0.7100000000000001,2,0
100,0.16,-0.7200000000000001,0,0
100,0.16,-0.7200000000000001,1,0
100,0.16,-0.7200000000000001,2,0
100,0.16,-0.73,0,0
100,0.16,-0.73,1,0
100,0.16,-0.73,2,0
100,0.16,-0.74,0,0
100,0.16,-0.74,1,0
100,0.16,-0.74,2,0
100,0.16,-0.75,0,0
100,0.16,-0.75,1,0
100,0.16,-0.75,2,0
100,0.16,-0.76,0,0
100,0.16,-0.76,1,0
100,0.16,-0.76,2,0
100,0.16,-0.77,0,0
100,0.16,-0.77,1,0
100,0.16,-0.77,2,0
100,0.16,-0.78,0,0
100,0.16,-0.78,1,0
100,0.16,-0.78,2,0
100,0.16,-0.79,0,0
100,0.16,-0.79,1,0
100,0.16,-0.79,2,0
100,0.16,-0.8,0,0
100,0.16,-0.8,1,0
100,0.16,-0.8,2,0
100,0.16,0.010000000000000009,0,4160
100,0.16,0.010000000000000009,1,5520
100,0.16,0.010000000000000009,2,1730
100,0.16,0.020000000000000018,0,2130
100,0.16,0.020000000000000018,1,1820
100,0.16,0.020000000000000018,2,200
100,0.16,0.030000000000000027,0,1400
100,0.16,0.030000000000000027,1,770
100,0.16,0.030000000000000027,2,80
100,0.16,0.039999999999999925,0,950
100,0.16,0.039999999999999925,1,540
100,0.16,0.039999999999999925,2,30
100,0.16,0.04999999999999993,0,430
100,0.16,0.04999999999999993,1,430
100,0.16,0.04999999999999993,2,10
100,0.16,0.05999999999999994,0,340
100,0.16,0.05999999999999994,1,220
100,0.16,0.05999999999999994,2,10
100,0.16,0.06999999999999995,0,280
100,0.16,0.06999999999999995,1,190
100,0.16,0.06999999999999995,2,0
100,0.16,0.07999999999999996,0,230
100,0.16,0.07999999999999996,1,160
100,0.16,0.07999999999999996,2,0
100,0.16,0.08999999999999997,0,200
100,0.16,0.08999999999999997,1,130
100,0.16,0.08999999999999997,2,0
100,0.16,0.09999999999999998,0,170
100,0.16,0.09999999999999998,1,120
100,0.16,0.09999999999999998,2,0
100,0.16,0.0,0,0
100,0.16,0.0,1,0
100,0.16,0.0,2,0
100,0.16,0.10999999999999999,0,150
100,0.16,0.10999999999999999,1,100
100,0.16,0.10999999999999999,2,0
100,0.16,0.12,0,130
100,0.16,0.12,1,90
100,0.16,0.12,2,0
100,0.16,0.13,0,110
100,0.16,0.13,1,80
100,0.16,0.13,2,0
100,0.16,0.14,0,100
100,0.16,0.14,1,70
100,0.16,0.14,2,0
100,0.16,0.15000000000000002,0,90
100,0.16,0.15000000000000002,1,60
100,0.16,0.15000000000000002,2,0
100,0.16,0.15999999999999992,0,80
100,0.16,0.15999999999999992,1,60
100,0.16,0.15999999999999992,2,0
100,0.16,0.16999999999999993,0,70
100,0.16,0.16999999999999993,1,50
100,0.16,0.16999999999999993,2,0
100,0.16,0.17999999999999994,0,60
100,0.16,0.17999999999999994,1,50
100,0.16,0.17999999999999994,2,0
100,0.16,0.18999999999999995,0,20
100,0.16,0.18999999999999995,1,40
100,0.16,0.18999999999999995,2,0
100,0.16,0.2,0,10
100,0.16,0.2,1,40
100,0.16,0.2,2,0
100,0.17,-0.010000000000000009,0,440
100,0.17,-0.010000000000000009,1,730
100,0.17,-0.010000000000000009,2,0
100,0.17,-0.020000000000000018,0,8260
100,0.17,-0.020000000000000018,1,7110
100,0.17,-0.020000000000000018,2,0
100,0.17,-0.030000000000000027,0,560
100,0.17,-0.030000000000000027,1,9050
100,0.17,-0.030000000000000027,2,0
100,0.17,-0.040000000000000036,0,8740
100,0.17,-0.040000000000000036,1,9560
100,0.17,-0.040000000000000036,2,9200
100,0.17,-0.050000000000000044,0,9590
100,0.17,-0.050000000000000044,1,9930
100,0.17,-0.050000000000000044,2,9013
100,0.17,-0.06000000000000005,0,9900
100,0.17,-0.06000000000000005,1,9920
100,0.17,-0.06000000000000005,2,9230
100,0.17,-0.07000000000000006,0,9940
100,0.17,-0.07000000000000006,1,9350
100,0.17,-0.07000000000000006,2,9370
100,0.17,-0.08000000000000007,0,9760
100,0.17,-0.08000000000000007,1,9770
100,0.17,-0.08000000000000007,2,9940
100,0.17,-0.09000000000000008,0,9620
100,0.17,-0.09000000000000008,1,9785
100,0.17,-0.09000000000000008,2,9120
100,0.17,-0.09999999999999998,0,0
100,0.17,-0.09999999999999998,1,2070
100,0.17,-0.09999999999999998,2,9670
100,0.17,-0.10999999999999999,0,0
100,0.17,-0.10999999999999999,1,1020
100,0.17,-0.10999999999999999,2,9590
100,0.17,-0.12,0,0
100,0.17,-0.12,1,4290
100,0.17,-0.12,2,0
100,0.17,-0.13,0,0
100,0.17,-0.13,1,700
100,0.17,-0.13,2,9808
100,0.17,-0.14,0,0
100,0.17,-0.14,1,700
100,0.17,-0.14,2,0
100,0.17,-0.15000000000000002,0,0
100,0.17,-0.15000000000000002,1,540
100,0.17,-0.15000000000000002,2,0
100,0.17,-0.16000000000000003,0,0
100,0.17,-0.16000000000000003,1,270
100,0.17,-0.16000000000000003,2,0
100,0.17,-0.17000000000000004,0,0
100,0.17,-0.17000000000000004,1,280
100,0.17,-0.17000000000000004,2,0
100,0.17,-0.18000000000000005,0,0
100,0.17,-0.18000000000000005,1,280
100,0.17,-0.18000000000000005,2,0
100,0.17,-0.19000000000000006,0,0
100,0.17,-0.19000000000000006,1,310
100,0.17,-0.19000000000000006,2,0
100,0.17,-0.20000000000000007,0,0
100,0.17,-0.20000000000000007,1,260
100,0.17,-0.20000000000000007,2,0
100,0.17,-0.21000000000000008,0,0
100,0.17,-0.21000000000000008,1,230
100,0.17,-0.21000000000000008,2,0
100,0.17,-0.22000000000000008,0,0
100,0.17,-0.22000000000000008,1,220
100,0.17,-0.22000000000000008,2,0
100,0.17,-0.22999999999999998,0,0
100,0.17,-0.22999999999999998,1,9942
100,0.17,-0.22999999999999998,2,0
100,0.17,-0.24,0,0
100,0.17,-0.24,1,3390
100,0.17,-0.24,2,0
100,0.17,-0.25,0,0
100,0.17,-0.25,1,340
100,0.17,-0.25,2,0
100,0.17,-0.26,0,0
100,0.17,-0.26,1,0
100,0.17,-0.26,2,0
100,0.17,-0.27,0,0
100,0.17,-0.27,1,220
100,0.17,-0.27,2,0
100,0.17,-0.28,0,0
100,0.17,-0.28,1,210
100,0.17,-0.28,2,0
100,0.17,-0.29000000000000004,0,0
100,0.17,-0.29000000000000004,1,0
100,0.17,-0.29000000000000004,2,0
100,0.17,-0.30000000000000004,0,0
100,0.17,-0.30000000000000004,1,0
100,0.17,-0.30000000000000004,2,0
100,0.17,-0.31000000000000005,0,0
100,0.17,-0.31000000000000005,1,0
100,0.17,-0.31000000000000005,2,0
100,0.17,-0.32000000000000006,0,0
100,0.17,-0.32000000000000006,1,9788
100,0.17,-0.32000000000000006,2,0
100,0.17,-0.33,0,0
100,0.17,-0.33,1,4470
100,0.17,-0.33,2,0
100,0.17,-0.34,0,0
100,0.17,-0.34,1,7840
100,0.17,-0.34,2,0
100,0.17,-0.35000000000000003,0,0
100,0.17,-0.35000000000000003,1,0
100,0.17,-0.35000000000000003,2,0
100,0.17,-0.36000000000000004,0,0
100,0.17,-0.36000000000000004,1,0
100,0.17,-0.36000000000000004,2,0
100,0.17,-0.37000000000000005,0,0
100,0.17,-0.37000000000000005,1,0
100,0.17,-0.37000000000000005,2,0
100,0.17,-0.38000000000000006,0,0
100,0.17,-0.38000000000000006,1,9956
100,0.17,-0.38000000000000006,2,0
100,0.17,-0.39,0,0
100,0.17,-0.39,1,0
100,0.17,-0.39,2,0
100,0.17,-0.41000000000000003,0,0
100,0.17,-0.41000000000000003,1,0
100,0.17,-0.41000000000000003,2,0
100,0.17,-0.42000000000000004,0,0
100,0.17,-0.42000000000000004,1,4940
100,0.17,-0.42000000000000004,2,0
100,0.17,-0.43000000000000005,0,0
100,0.17,-0.43000000000000005,1,0
100,0.17,-0.43000000000000005,2,0
100,0.17,-0.44000000000000006,0,0
100,0.17,-0.44000000000000006,1,0
100,0.17,-0.44000000000000006,2,0
100,0.17,-0.45,0,0
100,0.17,-0.45,1,0
100,0.17,-0.45,2,0
100,0.17,-0.46,0,0
100,0.17,-0.46,1,0
100,0.17,-0.46,2,0
100,0.17,-0.47000000000000003,0,0
100,0.17,-0.47000000000000003,1,0
100,0.17,-0.47000000000000003,2,0
100,0.17,-0.48000000000000004,0,0
100,0.17,-0.48000000000000004,1,0
100,0.17,-0.48000000000000004,2,0
100,0.17,-0.49000000000000005,0,0
100,0.17,-0.49000000000000005,1,0
100,0.17,-0.49000000000000005,2,0
100,0.17,-0.4,0,0
100,0.17,-0.4,1,0
100,0.17,-0.4,2,0
100,0.17,-0.51,0,0
100,0.17,-0.51,1,0
100,0.17,-0.51,2,0
100,0.17,-0.52,0,0
100,0.17,-0.52,1,0
100,0.17,-0.52,2,0
100,0.17,-0.53,0,0
100,0.17,-0.53,1,0
100,0.17,-0.53,2,0
100,0.17,-0.54,0,0
100,0.17,-0.54,1,0
100,0.17,-0.54,2,0
100,0.17,-0.55,0,0
100,0.17,-0.55,1,0
100,0.17,-0.55,2,0
100,0.17,-0.56,0,0
100,0.17,-0.56,1,0
100,0.17,-0.56,2,0
100,0.17,-0.5700000000000001,0,0
100,0.17,-0.5700000000000001,1,0
100,0.17,-0.5700000000000001,2,0
100,0.17,-0.5800000000000001,0,0
100,0.17,-0.5800000000000001,1,0
100,0.17,-0.5800000000000001,2,0
100,0.17,-0.5900000000000001,0,0
100,0.17,-0.5900000000000001,1,0
100,0.17,-0.5900000000000001,2,0
100,0.17,-0.5,0,0
100,0.17,-0.5,1,0
100,0.17,-0.5,2,0
100,0.17,-0.6000000000000001,0,0
100,0.17,-0.6000000000000001,1,0
100,0.17,-0.6000000000000001,2,0
100,0.17,-0.6100000000000001,0,0
100,0.17,-0.6100000000000001,1,0
100,0.17,-0.6100000000000001,2,0
100,0.17,-0.6200000000000001,0,0
100,0.17,-0.6200000000000001,1,0
100,0.17,-0.6200000000000001,2,0
100,0.17,-0.63,0,0
100,0.17,-0.63,1,0
100,0.17,-0.63,2,0
100,0.17,-0.64,0,0
100,0.17,-0.64,1,0
100,0.17,-0.64,2,0
100,0.17,-0.65,0,0
100,0.17,-0.65,1,0
100,0.17,-0.65,2,0
100,0.17,-0.66,0,0
100,0.17,-0.66,1,0
100,0.17,-0.66,2,0
100,0.17,-0.67,0,0
100,0.17,-0.67,1,0
100,0.17,-0.67,2,0
100,0.17,-0.68,0,0
100,0.17,-0.68,1,0
100,0.17,-0.68,2,0
100,0.17,-0.6900000000000001,0,0
100,0.17,-0.6900000000000001,1,0
100,0.17,-0.6900000000000001,2,0
100,0.17,-0.7000000000000001,0,0
100,0.17,-0.7000000000000001,1,0
100,0.17,-0.7000000000000001,2,0
100,0.17,-0.7100000000000001,0,0
100,0.17,-0.7100000000000001,1,0
100,0.17,-0.7100000000000001,2,0
100,0.17,-0.7200000000000001,0,0
100,0.17,-0.7200000000000001,1,0
100,0.17,-0.7200000000000001,2,0
100,0.17,-0.73,0,0
100,0.17,-0.73,1,0
100,0.17,-0.73,2,0
100,0.17,-0.74,0,0
100,0.17,-0.74,1,0
100,0.17,-0.74,2,0
100,0.17,-0.75,0,0
100,0.17,-0.75,1,0
100,0.17,-0.75,2,0
100,0.17,-0.76,0,0
100,0.17,-0.76,1,0
100,0.17,-0.76,2,0
100,0.17,-0.77,0,0
100,0.17,-0.77,1,0
100,0.17,-0.77,2,0
100,0.17,-0.78,0,0
100,0.17,-0.78,1,0
100,0.17,-0.78,2,0
100,0.17,-0.79,0,0
100,0.17,-0.79,1,0
100,0.17,-0.79,2,0
100,0.17,-0.8,0,0
100,0.17,-0.8,1,0
100,0.17,-0.8,2,0
100,0.17,0.010000000000000009,0,4820
100,0.17,0.010000000000000009,1,5470
100,0.17,0.010000000000000009,2,1790
100,0.17,0.020000000000000018,0,2130
100,0.17,0.020000000000000018,1,1730
100,0.17,0.020000000000000018,2,200
100,0.17,0.030000000000000027,0,1370
100,0.17,0.030000000000000027,1,760
100,0.17,0.030000000000000027,2,80
100,0.17,0.039999999999999925,0,1030
100,0.17,0.039999999999999925,1,550
100,0.17,0.039999999999999925,2,40
100,0.17,0.04999999999999993,0,430
100,0.17,0.04999999999999993,1,430
100,0.17,0.04999999999999993,2,10
100,0.17,0.05999999999999994,0,320
100,0.17,0.05999999999999994,1,350
100,0.17,0.05999999999999994,2,10
100,0.17,0.06999999999999995,0,270
100,0.17,0.06999999999999995,1,180
100,0.17,0.06999999999999995,2,0
100,0.17,0.07999999999999996,0,230
100,0.17,0.07999999999999996,1,150
100,0.17,0.07999999999999996,2,0
100,0.17,0.08999999999999997,0,190
100,0.17,0.08999999999999997,1,130
100,0.17,0.08999999999999997,2,0
100,0.17,0.09999999999999998,0,160
100,0.17,0.09999999999999998,1,110
100,0.17,0.09999999999999998,2,0
100,0.17,0.0,0,0
100,0.17,0.0,1,0
100,0.17,0.0,2,0
100,0.17,0.10999999999999999,0,140
100,0.17,0.10999999999999999,1,100
100,0.17,0.10999999999999999,2,0
100,0.17,0.12,0,130
100,0.17,0.12,1,90
100,0.17,0.12,2,0
100,0.17,0.13,0,110
100,0.17,0.13,1,80
100,0.17,0.13,2,0
100,0.17,0.14,0,100
100,0.17,0.14,1,70
100,0.17,0.14,2,0
100,0.17,0.15000000000000002,0,90
100,0.17,0.15000000000000002,1,60
100,0.17,0.15000000000000002,2,0
100,0.17,0.15999999999999992,0,70
100,0.17,0.15999999999999992,1,60
100,0.17,0.15999999999999992,2,0
100,0.17,0.16999999999999993,0,70
100,0.17,0.16999999999999993,1,50
100,0.17,0.16999999999999993,2,0
100,0.17,0.17999999999999994,0,60
100,0.17,0.17999999999999994,1,50
100,0.17,0.17999999999999994,2,0
100,0.17,0.18999999999999995,0,20
100,0.17,0.18999999999999995,1,40
100,0.17,0.18999999999999995,2,0
100,0.17,0.2,0,20
100,0.17,0.2,1,40
100,0.17,0.2,2,0
100,0.18,-0.010000000000000009,0,390
100,0.18,-0.010000000000000009,1,640
100,0.18,-0.010000000000000009,2,0
100,0.18,-0.020000000000000018,0,430
100,0.18,-0.020000000000000018,1,860
100,0.18,-0.020000000000000018,2,0
100,0.18,-0.030000000000000027,0,9110
100,0.18,-0.030000000000000027,1,9600
100,0.18,-0.030000000000000027,2,0
100,0.18,-0.040000000000000036,0,9530
100,0.18,-0.040000000000000036,1,9890
100,0.18,-0.040000000000000036,2,0
100,0.18,-0.050000000000000044,0,9890
100,0.18,-0.050000000000000044,1,9160
100,0.18,-0.050000000000000044,2,8790
100,0.18,-0.06000000000000005,0,9900
100,0.18,-0.06000000000000005,1,9770
100,0.18,-0.06000000000000005,2,9790
100,0.18,-0.07000000000000006,0,9760
100,0.18,-0.07000000000000006,1,9720
100,0.18,-0.07000000000000006,2,9950
100,0.18,-0.08000000000000007,0,9810
100,0.18,-0.08000000000000007,1,9180
100,0.18,-0.08000000000000007,2,9940
100,0.18,-0.09000000000000008,0,9800
100,0.18,-0.09000000000000008,1,9660
100,0.18,-0.09000000000000008,2,9710
100,0.18,-0.09999999999999998,0,9830
100,0.18,-0.09999999999999998,1,9930
100,0.18,-0.09999999999999998,2,9730
100,0.18,-0.10999999999999999,0,4880
100,0.18,-0.10999999999999999,1,9900
100,0.18,-0.10999999999999999,2,9900
100,0.18,-0.12,0,0
100,0.18,-0.12,1,9570
100,0.18,-0.12,2,7740
100,0.18,-0.13,0,0
100,0.18,-0.13,1,630
100,0.18,-0.13,2,7370
100,0.18,-0.14,0,0
100,0.18,-0.14,1,690
100,0.18,-0.14,2,0
100,0.18,-0.15000000000000002,0,0
100,0.18,-0.15000000000000002,1,610
100,0.18,-0.15000000000000002,2,0
100,0.18,-0.16000000000000003,0,0
100,0.18,-0.16000000000000003,1,570
100,0.18,-0.16000000000000003,2,0
100,0.18,-0.17000000000000004,0,0
100,0.18,-0.17000000000000004,1,310
100,0.18,-0.17000000000000004,2,0
100,0.18,-0.18000000000000005,0,0
100,0.18,-0.18000000000000005,1,270
100,0.18,-0.18000000000000005,2,0
100,0.18,-0.19000000000000006,0,0
100,0.18,-0.19000000000000006,1,250
100,0.18,-0.19000000000000006,2,0
100,0.18,-0.20000000000000007,0,0
100,0.18,-0.20000000000000007,1,230
100,0.18,-0.20000000000000007,2,0
100,0.18,-0.21000000000000008,0,0
100,0.18,-0.21000000000000008,1,4110
100,0.18,-0.21000000000000008,2,0
100,0.18,-0.22000000000000008,0,0
100,0.18,-0.22000000000000008,1,230
100,0.18,-0.22000000000000008,2,0
100,0.18,-0.22999999999999998,0,0
100,0.18,-0.22999999999999998,1,220
100,0.18,-0.22999999999999998,2,0
100,0.18,-0.24,0,0
100,0.18,-0.24,1,220
100,0.18,-0.24,2,0
100,0.18,-0.25,0,0
100,0.18,-0.25,1,0
100,0.18,-0.25,2,0
100,0.18,-0.26,0,0
100,0.18,-0.26,1,0
100,0.18,-0.26,2,0
100,0.18,-0.27,0,0
100,0.18,-0.27,1,9869
100,0.18,-0.27,2,0
100,0.18,-0.28,0,0
100,0.18,-0.28,1,0
100,0.18,-0.28,2,0
100,0.18,-0.29000000000000004,0,0
100,0.18,-0.29000000000000004,1,0
100,0.18,-0.29000000000000004,2,0
100,0.18,-0.30000000000000004,0,0
100,0.18,-0.30000000000000004,1,3670
100,0.18,-0.30000000000000004,2,0
100,0.18,-0.31000000000000005,0,0
100,0.18,-0.31000000000000005,1,0
100,0.18,-0.31000000000000005,2,0
100,0.18,-0.32000000000000006,0,0
100,0.18,-0.32000000000000006,1,0
100,0.18,-0.32000000000000006,2,0
100,0.18,-0.33,0,0
100,0.18,-0.33,1,0
100,0.18,-0.33,2,0
100,0.18,-0.34,0,0
100,0.18,-0.34,1,0
100,0.18,-0.34,2,0
100,0.18,-0.35000000000000003,0,0
100,0.18,-0.35000000000000003,1,9703
100,0.18,-0.35000000000000003,2,0
100,0.18,-0.36000000000000004,0,0
100,0.18,-0.36000000000000004,1,0
100,0.18,-0.36000000000000004,2,0
100,0.18,-0.37000000000000005,0,0
100,0.18,-0.37000000000000005,1,5390
100,0.18,-0.37000000000000005,2,0
100,0.18,-0.38000000000000006,0,0
100,0.18,-0.38000000000000006,1,5320
100,0.18,-0.38000000000000006,2,0
100,0.18,-0.39,0,0
100,0.18,-0.39,1,5460
100,0.18,-0.39,2,0
100,0.18,-0.41000000000000003,0,0
100,0.18,-0.41000000000000003,1,0
100,0.18,-0.41000000000000003,2,0
100,0.18,-0.42000000000000004,0,0
100,0.18,-0.42000000000000004,1,0
100,0.18,-0.42000000000000004,2,0
100,0.18,-0.43000000000000005,0,0
100,0.18,-0.43000000000000005,1,0
100,0.18,-0.43000000000000005,2,0
100,0.18,-0.44000000000000006,0,0
100,0.18,-0.44000000000000006,1,0
100,0.18,-0.44000000000000006,2,0
100,0.18,-0.45,0,0
100,0.18,-0.45,1,0
100,0.18,-0.45,2,0
100,0.18,-0.46,0,0
100,0.18,-0.46,1,4610
100,0.18,-0.46,2,0
100,0.18,-0.47000000000000003,0,0
100,0.18,-0.47000000000000003,1,0
100,0.18,-0.47000000000000003,2,0
100,0.18,-0.48000000000000004,0,0
100,0.18,-0.48000000000000004,1,0
100,0.18,-0.48000000000000004,2,0
100,0.18,-0.49000000000000005,0,0
100,0.18,-0.49000000000000005,1,0
100,0.18,-0.49000000000000005,2,0
100,0.18,-0.4,0,0
100,0.18,-0.4,1,0
100,0.18,-0.4,2,0
100,0.18,-0.51,0,0
100,0.18,-0.51,1,0
100,0.18,-0.51,2,0
100,0.18,-0.52,0,0
100,0.18,-0.52,1,0
100,0.18,-0.52,2,0
100,0.18,-0.53,0,0
100,0.18,-0.53,1,0
100,0.18,-0.53,2,0
100,0.18,-0.54,0,0
100,0.18,-0.54,1,0
100,0.18,-0.54,2,0
100,0.18,-0.55,0,0
100,0.18,-0.55,1,0
100,0.18,-0.55,2,0
100,0.18,-0.56,0,0
100,0.18,-0.56,1,0
100,0.18,-0.56,2,0
100,0.18,-0.5700000000000001,0,0
100,0.18,-0.5700000000000001,1,0
100,0.18,-0.5700000000000001,2,0
100,0.18,-0.5800000000000001,0,0
100,0.18,-0.5800000000000001,1,0
100,0.18,-0.5800000000000001,2,0
100,0.18,-0.5900000000000001,0,0
100,0.18,-0.5900000000000001,1,0
100,0.18,-0.5900000000000001,2,0
100,0.18,-0.5,0,0
100,0.18,-0.5,1,0
100,0.18,-0.5,2,0
100,0.18,-0.6000000000000001,0,0
100,0.18,-0.6000000000000001,1,0
100,0.18,-0.6000000000000001,2,0
100,0.18,-0.6100000000000001,0,0
100,0.18,-0.6100000000000001,1,0
100,0.18,-0.6100000000000001,2,0
100,0.18,-0.6200000000000001,0,0
100,0.18,-0.6200000000000001,1,0
100,0.18,-0.6200000000000001,2,0
100,0.18,-0.63,0,0
100,0.18,-0.63,1,0
100,0.18,-0.63,2,0
100,0.18,-0.64,0,0
100,0.18,-0.64,1,0
100,0.18,-0.64,2,0
100,0.18,-0.65,0,0
100,0.18,-0.65,1,0
100,0.18,-0.65,2,0
100,0.18,-0.66,0,0
100,0.18,-0.66,1,0
100,0.18,-0.66,2,0
100,0.18,-0.67,0,0
100,0.18,-0.67,1,0
100,0.18,-0.67,2,0
100,0.18,-0.68,0,0
100,0.18,-0.68,1,0
100,0.18,-0.68,2,0
100,0.18,-0.6900000000000001,0,0
100,0.18,-0.6900000000000001,1,0
100,0.18,-0.6900000000000001,2,0
100,0.18,-0.7000000000000001,0,0
100,0.18,-0.7000000000000001,1,0
100,0.18,-0.7000000000000001,2,0
100,0.18,-0.7100000000000001,0,0
100,0.18,-0.7100000000000001,1,0
100,0.18,-0.7100000000000001,2,0
100,0.18,-0.7200000000000001,0,0
100,0.18,-0.7200000000000001,1,0
100,0.18,-0.7200000000000001,2,0
100,0.18,-0.73,0,0
100,0.18,-0.73,1,0
100,0.18,-0.73,2,0
100,0.18,-0.74,0,0
100,0.18,-0.74,1,0
100,0.18,-0.74,2,0
100,0.18,-0.75,0,0
100,0.18,-0.75,1,0
100,0.18,-0.75,2,0
100,0.18,-0.76,0,0
100,0.18,-0.76,1,0
100,0.18,-0.76,2,0
100,0.18,-0.77,0,0
100,0.18,-0.77,1,0
100,0.18,-0.77,2,0
100,0.18,-0.78,0,0
100,0.18,-0.78,1,0
100,0.18,-0.78,2,0
100,0.18,-0.79,0,0
100,0.18,-0.79,1,0
100,0.18,-0.79,2,0
100,0.18,-0.8,0,0
100,0.18,-0.8,1,0
100,0.18,-0.8,2,0
100,0.18,0.010000000000000009,0,4590
100,0.18,0.010000000000000009,1,5410
100,0.18,0.010000000000000009,2,1780
100,0.18,0.020000000000000018,0,2150
100,0.18,0.020000000000000018,1,1850
100,0.18,0.020000000000000018,2,200
100,0.18,0.030000000000000027,0,1410
100,0.18,0.030000000000000027,1,750
100,0.18,0.030000000000000027,2,90
100,0.18,0.039999999999999925,0,1030
100,0.18,0.039999999999999925,1,550
100,0.18,0.039999999999999925,2,40
100,0.18,0.04999999999999993,0,660
100,0.18,0.04999999999999993,1,420
100,0.18,0.04999999999999993,2,20
100,0.18,0.05999999999999994,0,310
100,0.18,0.05999999999999994,1,350
100,0.18,0.05999999999999994,2,10
100,0.18,0.06999999999999995,0,260
100,0.18,0.06999999999999995,1,180
100,0.18,0.06999999999999995,2,10
100,0.18,0.07999999999999996,0,230
100,0.18,0.07999999999999996,1,150
100,0.18,0.07999999999999996,2,0
100,0.18,0.08999999999999997,0,190
100,0.18,0.08999999999999997,1,130
100,0.18,0.08999999999999997,2,0
100,0.18,0.09999999999999998,0,160
100,0.18,0.09999999999999998,1,110
100,0.18,0.09999999999999998,2,0
100,0.18,0.0,0,0
100,0.18,0.0,1,0
100,0.18,0.0,2,0
100,0.18,0.10999999999999999,0,140
100,0.18,0.10999999999999999,1,100
100,0.18,0.10999999999999999,2,0
100,0.18,0.12,0,120
100,0.18,0.12,1,90
100,0.18,0.12,2,0
100,0.18,0.13,0,110
100,0.18,0.13,1,80
100,0.18,0.13,2,0
100,0.18,0.14,0,100
100,0.18,0.14,1,70
100,0.18,0.14,2,0
100,0.18,0.15000000000000002,0,90
100,0.18,0.15000000000000002,1,60
100,0.18,0.15000000000000002,2,0
100,0.18,0.15999999999999992,0,80
100,0.18,0.15999999999999992,1,60
100,0.18,0.15999999999999992,2,0
100,0.18,0.16999999999999993,0,60
100,0.18,0.16999999999999993,1,50
100,0.18,0.16999999999999993,2,0
100,0.18,0.17999999999999994,0,60
100,0.18,0.17999999999999994,1,50
100,0.18,0.17999999999999994,2,0
100,0.18,0.18999999999999995,0,20
100,0.18,0.18999999999999995,1,40
100,0.18,0.18999999999999995,2,0
100,0.18,0.2,0,20
100,0.18,0.2,1,0
100,0.18,0.2,2,0
100,0.19,-0.010000000000000009,0,370
100,0.19,-0.010000000000000009,1,570
100,0.19,-0.010000000000000009,2,0
100,0.19,-0.020000000000000018,0,6630
100,0.19,-0.020000000000000018,1,750
100,0.19,-0.020000000000000018,2,0
100,0.19,-0.030000000000000027,0,8570
100,0.19,-0.030000000000000027,1,8710
100,0.19,-0.030000000000000027,2,0
100,0.19,-0.040000000000000036,0,9390
100,0.19,-0.040000000000000036,1,9770
100,0.19,-0.040000000000000036,2,8990
100,0.19,-0.050000000000000044,0,9700
100,0.19,-0.050000000000000044,1,9870
100,0.19,-0.050000000000000044,2,9800
100,0.19,-0.06000000000000005,0,9830
100,0.19,-0.06000000000000005,1,9520
100,0.19,-0.06000000000000005,2,9930
100,0.19,-0.07000000000000006,0,9910
100,0.19,-0.07000000000000006,1,9500
100,0.19,-0.07000000000000006,2,9860
100,0.19,-0.08000000000000007,0,9820
100,0.19,-0.08000000000000007,1,9890
100,0.19,-0.08000000000000007,2,9930
100,0.19,-0.09000000000000008,0,9800
100,0.19,-0.09000000000000008,1,9810
100,0.19,-0.09000000000000008,2,9950
100,0.19,-0.09999999999999998,0,9280
100,0.19,-0.09999999999999998,1,9850
100,0.19,-0.09999999999999998,2,9630
100,0.19,-0.10999999999999999,0,9833
100,0.19,-0.10999999999999999,1,9820
100,0.19,-0.10999999999999999,2,9830
100,0.19,-0.12,0,0
100,0.19,-0.12,1,9810
100,0.19,-0.12,2,9880
100,0.19,-0.13,0,0
100,0.19,-0.13,1,9360
100,0.19,-0.13,2,2790
100,0.19,-0.14,0,0
100,0.19,-0.14,1,9955
100,0.19,-0.14,2,0
100,0.19,-0.15000000000000002,0,0
100,0.19,-0.15000000000000002,1,770
100,0.19,-0.15000000000000002,2,0
100,0.19,-0.16000000000000003,0,0
100,0.19,-0.16000000000000003,1,590
100,0.19,-0.16000000000000003,2,0
100,0.19,-0.17000000000000004,0,0
100,0.19,-0.17000000000000004,1,590
100,0.19,-0.17000000000000004,2,0
100,0.19,-0.18000000000000005,0,0
100,0.19,-0.18000000000000005,1,410
100,0.19,-0.18000000000000005,2,0
100,0.19,-0.19000000000000006,0,0
100,0.19,-0.19000000000000006,1,310
100,0.19,-0.19000000000000006,2,0
100,0.19,-0.20000000000000007,0,0
100,0.19,-0.20000000000000007,1,240
100,0.19,-0.20000000000000007,2,0
100,0.19,-0.21000000000000008,0,0
100,0.19,-0.21000000000000008,1,250
100,0.19,-0.21000000000000008,2,0
100,0.19,-0.22000000000000008,0,0
100,0.19,-0.22000000000000008,1,300
100,0.19,-0.22000000000000008,2,0
100,0.19,-0.22999999999999998,0,0
100,0.19,-0.22999999999999998,1,230
100,0.19,-0.22999999999999998,2,0
100,0.19,-0.24,0,0
100,0.19,-0.24,1,230
100,0.19,-0.24,2,0
100,0.19,-0.25,0,0
100,0.19,-0.25,1,9835
100,0.19,-0.25,2,0
100,0.19,-0.26,0,0
100,0.19,-0.26,1,210
100,0.19,-0.26,2,0
100,0.19,-0.27,0,0
100,0.19,-0.27,1,0
100,0.19,-0.27,2,0
100,0.19,-0.28,0,0
100,0.19,-0.28,1,9907
100,0.19,-0.28,2,0
100,0.19,-0.29000000000000004,0,0
100,0.19,-0.29000000000000004,1,190
100,0.19,-0.29000000000000004,2,0
100,0.19,-0.30000000000000004,0,0
100,0.19,-0.30000000000000004,1,0
100,0.19,-0.30000000000000004,2,0
100,0.19,-0.31000000000000005,0,0
100,0.19,-0.31000000000000005,1,0
100,0.19,-0.31000000000000005,2,0
100,0.19,-0.32000000000000006,0,0
100,0.19,-0.32000000000000006,1,9934
100,0.19,-0.32000000000000006,2,0
100,0.19,-0.33,0,0
100,0.19,-0.33,1,0
100,0.19,-0.33,2,0
100,0.19,-0.34,0,0
100,0.19,-0.34,1,0
100,0.19,-0.34,2,0
100,0.19,-0.35000000000000003,0,0
100,0.19,-0.35000000000000003,1,9992
100,0.19,-0.35000000000000003,2,0
100,0.19,-0.36000000000000004,0,0
100,0.19,-0.36000000000000004,1,0
100,0.19,-0.36000000000000004,2,0
100,0.19,-0.37000000000000005,0,0
100,0.19,-0.37000000000000005,1,0
100,0.19,-0.37000000000000005,2,0
100,0.19,-0.38000000000000006,0,0
100,0.19,-0.38000000000000006,1,0
100,0.19,-0.38000000000000006,2,0
100,0.19,-0.39,0,0
100,0.19,-0.39,1,5280
100,0.19,-0.39,2,0
100,0.19,-0.41000000000000003,0,0
100,0.19,-0.41000000000000003,1,4930
100,0.19,-0.41000000000000003,2,0
100,0.19,-0.42000000000000004,0,0
100,0.19,-0.42000000000000004,1,4940
100,0.19,-0.42000000000000004,2,0
100,0.19,-0.43000000000000005,0,0
100,0.19,-0.43000000000000005,1,4820
100,0.19,-0.43000000000000005,2,0
100,0.19,-0.44000000000000006,0,0
100,0.19,-0.44000000000000006,1,4550
100,0.19,-0.44000000000000006,2,0
100,0.19,-0.45,0,0
100,0.19,-0.45,1,0
100,0.19,-0.45,2,0
100,0.19,-0.46,0,0
100,0.19,-0.46,1,0
100,0.19,-0.46,2,0
100,0.19,-0.47000000000000003,0,0
100,0.19,-0.47000000000000003,1,0
100,0.19,-0.47000000000000003,2,0
100,0.19,-0.48000000000000004,0,0
100,0.19,-0.48000000000000004,1,0
100,0.19,-0.48000000000000004,2,0
100,0.19,-0.49000000000000005,0,0
100,0.19,-0.49000000000000005,1,4010
100,0.19,-0.49000000000000005,2,0
100,0.19,-0.4,0,0
100,0.19,-0.4,1,5060
100,0.19,-0.4,2,0
100,0.19,-0.51,0,0
100,0.19,-0.51,1,0
100,0.19,-0.51,2,0
100,0.19,-0.52,0,0
100,0.19,-0.52,1,0
100,0.19,-0.52,2,0
100,0.19,-0.53,0,0
100,0.19,-0.53,1,0
100,0.19,-0.53,2,0
100,0.19,-0.54,0,0
100,0.19,-0.54,1,0
100,0.19,-0.54,2,0
100,0.19,-0.55,0,0
100,0.19,-0.55,1,0
100,0.19,-0.55,2,0
100,0.19,-0.56,0,0
100,0.19,-0.56,1,0
100,0.19,-0.56,2,0
100,0.19,-0.5700000000000001,0,0
100,0.19,-0.5700000000000001,1,0
100,0.19,-0.5700000000000001,2,0
100,0.19,-0.5800000000000001,0,0
100,0.19,-0.5800000000000001,1,0
100,0.19,-0.5800000000000001,2,0
100,0.19,-0.5900000000000001,0,0
100,0.19,-0.5900000000000001,1,0
100,0.19,-0.5900000000000001,2,0
100,0.19,-0.5,0,0
100,0.19,-0.5,1,4530
100,0.19,-0.5,2,0
100,0.19,-0.6000000000000001,0,0
100,0.19,-0.6000000000000001,1,9727
100,0.19,-0.6000000000000001,2,0
100,0.19,-0.6100000000000001,0,0
100,0.19,-0.6100000000000001,1,0
100,0.19,-0.6100000000000001,2,0
100,0.19,-0.6200000000000001,0,0
100,0.19,-0.6200000000000001,1,0
100,0.19,-0.6200000000000001,2,0
100,0.19,-0.63,0,0
100,0.19,-0.63,1,0
100,0.19,-0.63,2,0
100,0.19,-0.64,0,0
100,0.19,-0.64,1,0
100,0.19,-0.64,2,0
100,0.19,-0.65,0,0
100,0.19,-0.65,1,0
100,0.19,-0.65,2,0
100,0.19,-0.66,0,0
100,0.19,-0.66,1,0
100,0.19,-0.66,2,0
100,0.19,-0.67,0,0
100,0.19,-0.67,1,0
100,0.19,-0.67,2,0
100,0.19,-0.68,0,0
100,0.19,-0.68,1,0
100,0.19,-0.68,2,0
100,0.19,-0.6900000000000001,0,0
100,0.19,-0.6900000000000001,1,0
100,0.19,-0.6900000000000001,2,0
100,0.19,-0.7000000000000001,0,0
100,0.19,-0.7000000000000001,1,0
100,0.19,-0.7000000000000001,2,0
100,0.19,-0.7100000000000001,0,0
100,0.19,-0.7100000000000001,1,0
100,0.19,-0.7100000000000001,2,0
100,0.19,-0.7200000000000001,0,0
100,0.19,-0.7200000000000001,1,0
100,0.19,-0.7200000000000001,2,0
100,0.19,-0.73,0,0
100,0.19,-0.73,1,0
100,0.19,-0.73,2,0
100,0.19,-0.74,0,0
100,0.19,-0.74,1,0
100,0.19,-0.74,2,0
100,0.19,-0.75,0,0
100,0.19,-0.75,1,0
100,0.19,-0.75,2,0
100,0.19,-0.76,0,0
100,0.19,-0.76,1,0
100,0.19,-0.76,2,0
100,0.19,-0.77,0,0
100,0.19,-0.77,1,0
100,0.19,-0.77,2,0
100,0.19,-0.78,0,0
100,0.19,-0.78,1,0
100,0.19,-0.78,2,0
100,0.19,-0.79,0,0
100,0.19,-0.79,1,0
100,0.19,-0.79,2,0
100,0.19,-0.8,0,0
100,0.19,-0.8,1,0
100,0.19,-0.8,2,0
100,0.19,0.010000000000000009,0,5040
100,0.19,0.010000000000000009,1,5450
100,0.19,0.010000000000000009,2,1770
100,0.19,0.020000000000000018,0,2200
100,0.19,0.020000000000000018,1,1870
100,0.19,0.020000000000000018,2,190
100,0.19,0.030000000000000027,0,1360
100,0.19,0.030000000000000027,1,720
100,0.19,0.030000000000000027,2,90
100,0.19,0.039999999999999925,0,1000
100,0.19,0.039999999999999925,1,550
100,0.19,0.039999999999999925,2,40
100,0.19,0.04999999999999993,0,720
100,0.19,0.04999999999999993,1,420
100,0.19,0.04999999999999993,2,20
100,0.19,0.05999999999999994,0,300
100,0.19,0.05999999999999994,1,350
100,0.19,0.05999999999999994,2,10
100,0.19,0.06999999999999995,0,250
100,0.19,0.06999999999999995,1,300
100,0.19,0.06999999999999995,2,10
100,0.19,0.07999999999999996,0,220
100,0.19,0.07999999999999996,1,150
100,0.19,0.07999999999999996,2,0
100,0.19,0.08999999999999997,0,190
100,0.19,0.08999999999999997,1,130
100,0.19,0.08999999999999997,2,0
100,0.19,0.09999999999999998,0,160
100,0.19,0.09999999999999998,1,110
100,0.19,0.09999999999999998,2,0
100,0.19,0.0,0,0
100,0.19,0.0,1,0
100,0.19,0.0,2,0
100,0.19,0.10999999999999999,0,140
100,0.19,0.10999999999999999,1,100
100,0.19,0.10999999999999999,2,0
100,0.19,0.12,0,120
100,0.19,0.12,1,90
100,0.19,0.12,2,0
100,0.19,0.13,0,110
100,0.19,0.13,1,80
100,0.19,0.13,2,0
100,0.19,0.14,0,90
100,0.19,0.14,1,70
100,0.19,0.14,2,0
100,0.19,0.15000000000000002,0,80
100,0.19,0.15000000000000002,1,60
100,0.19,0.15000000000000002,2,0
100,0.19,0.15999999999999992,0,70
100,0.19,0.15999999999999992,1,60
100,0.19,0.15999999999999992,2,0
100,0.19,0.16999999999999993,0,60
100,0.19,0.16999999999999993,1,50
100,0.19,0.16999999999999993,2,0
100,0.19,0.17999999999999994,0,60
100,0.19,0.17999999999999994,1,50
100,0.19,0.17999999999999994,2,0
100,0.19,0.18999999999999995,0,20
100,0.19,0.18999999999999995,1,40
100,0.19,0.18999999999999995,2,0
100,0.19,0.2,0,20
100,0.19,0.2,1,0
100,0.19,0.2,2,0
100,0.1,-0.010000000000000009,0,7290
100,0.1,-0.010000000000000009,1,10
100,0.1,-0.010000000000000009,2,0
100,0.1,-0.020000000000000018,0,8690
100,0.1,-0.020000000000000018,1,5240
100,0.1,-0.020000000000000018,2,0
100,0.1,-0.030000000000000027,0,9910
100,0.1,-0.030000000000000027,1,9070
100,0.1,-0.030000000000000027,2,8980
100,0.1,-0.040000000000000036,0,9792
100,0.1,-0.040000000000000036,1,5190
100,0.1,-0.040000000000000036,2,6030
100,0.1,-0.050000000000000044,0,0
100,0.1,-0.050000000000000044,1,9673
100,0.1,-0.050000000000000044,2,9450
100,0.1,-0.06000000000000005,0,0
100,0.1,-0.06000000000000005,1,640
100,0.1,-0.06000000000000005,2,9944
100,0.1,-0.07000000000000006,0,0
100,0.1,-0.07000000000000006,1,560
100,0.1,-0.07000000000000006,2,0
100,0.1,-0.08000000000000007,0,0
100,0.1,-0.08000000000000007,1,9704
100,0.1,-0.08000000000000007,2,0
100,0.1,-0.09000000000000008,0,0
100,0.1,-0.09000000000000008,1,490
100,0.1,-0.09000000000000008,2,0
100,0.1,-0.09999999999999998,0,0
100,0.1,-0.09999999999999998,1,3420
100,0.1,-0.09999999999999998,2,0
100,0.1,-0.10999999999999999,0,0
100,0.1,-0.10999999999999999,1,1060
100,0.1,-0.10999999999999999,2,0
100,0.1,-0.12,0,0
100,0.1,-0.12,1,410
100,0.1,-0.12,2,0
100,0.1,-0.13,0,0
100,0.1,-0.13,1,4710
100,0.1,-0.13,2,0
100,0.1,-0.14,0,0
100,0.1,-0.14,1,9999
100,0.1,-0.14,2,0
100,0.1,-0.15000000000000002,0,0
100,0.1,-0.15000000000000002,1,9896
100,0.1,-0.15000000000000002,2,0
100,0.1,-0.16000000000000003,0,0
100,0.1,-0.16000000000000003,1,350
100,0.1,-0.16000000000000003,2,0
100,0.1,-0.17000000000000004,0,0
100,0.1,-0.17000000000000004,1,9922
100,0.1,-0.17000000000000004,2,0
100,0.1,-0.18000000000000005,0,0
100,0.1,-0.18000000000000005,1,9897
100,0.1,-0.18000000000000005,2,0
100,0.1,-0.19000000000000006,0,0
100,0.1,-0.19000000000000006,1,9899
100,0.1,-0.19000000000000006,2,0
100,0.1,-0.20000000000000007,0,0
100,0.1,-0.20000000000000007,1,9918
100,0.1,-0.20000000000000007,2,0
100,0.1,-0.21000000000000008,0,0
100,0.1,-0.21000000000000008,1,9907
100,0.1,-0.21000000000000008,2,0
100,0.1,-0.22000000000000008,0,0
100,0.1,-0.22000000000000008,1,9952
100,0.1,-0.22000000000000008,2,0
100,0.1,-0.22999999999999998,0,0
100,0.1,-0.22999999999999998,1,9997
100,0.1,-0.22999999999999998,2,0
100,0.1,-0.24,0,0
100,0.1,-0.24,1,0
100,0.1,-0.24,2,0
100,0.1,-0.25,0,0
100,0.1,-0.25,1,9900
100,0.1,-0.25,2,0
100,0.1,-0.26,0,0
100,0.1,-0.26,1,0
100,0.1,-0.26,2,0
100,0.1,-0.27,0,0
100,0.1,-0.27,1,0
100,0.1,-0.27,2,0
100,0.1,-0.28,0,0
100,0.1,-0.28,1,0
100,0.1,-0.28,2,0
100,0.1,-0.29000000000000004,0,0
100,0.1,-0.29000000000000004,1,0
100,0.1,-0.29000000000000004,2,0
100,0.1,-0.30000000000000004,0,0
100,0.1,-0.30000000000000004,1,0
100,0.1,-0.30000000000000004,2,0
100,0.1,-0.31000000000000005,0,0
100,0.1,-0.31000000000000005,1,0
100,0.1,-0.31000000000000005,2,0
100,0.1,-0.32000000000000006,0,0
100,0.1,-0.32000000000000006,1,0
100,0.1,-0.32000000000000006,2,0
100,0.1,-0.33,0,0
100,0.1,-0.33,1,0
100,0.1,-0.33,2,0
100,0.1,-0.34,0,0
100,0.1,-0.34,1,0
100,0.1,-0.34,2,0
100,0.1,-0.35000000000000003,0,0
100,0.1,-0.35000000000000003,1,0
100,0.1,-0.35000000000000003,2,0
100,0.1,-0.36000000000000004,0,0
100,0.1,-0.36000000000000004,1,0
100,0.1,-0.36000000000000004,2,0
100,0.1,-0.37000000000000005,0,0
100,0.1,-0.37000000000000005,1,0
100,0.1,-0.37000000000000005,2,0
100,0.1,-0.38000000000000006,0,0
100,0.1,-0.38000000000000006,1,0
100,0.1,-0.38000000000000006,2,0
100,0.1,-0.39,0,0
100,0.1,-0.39,1,0
100,0.1,-0.39,2,0
100,0.1,-0.41000000000000003,0,0
100,0.1,-0.41000000000000003,1,0
100,0.1,-0.41000000000000003,2,0
100,0.1,-0.42000000000000004,0,0
100,0.1,-0.42000000000000004,1,0
100,0.1,-0.42000000000000004,2,0
100,0.1,-0.43000000000000005,0,0
100,0.1,-0.43000000000000005,1,0
100,0.1,-0.43000000000000005,2,0
100,0.1,-0.44000000000000006,0,0
100,0.1,-0.44000000000000006,1,0
100,0.1,-0.44000000000000006,2,0
100,0.1,-0.45,0,0
100,0.1,-0.45,1,0
100,0.1,-0.45,2,0
100,0.1,-0.46,0,0
100,0.1,-0.46,1,0
100,0.1,-0.46,2,0
100,0.1,-0.47000000000000003,0,0
100,0.1,-0.47000000000000003,1,0
100,0.1,-0.47000000000000003,2,0
100,0.1,-0.48000000000000004,0,0
100,0.1,-0.48000000000000004,1,0
100,0.1,-0.48000000000000004,2,0
100,0.1,-0.49000000000000005,0,0
100,0.1,-0.49000000000000005,1,0
100,0.1,-0.49000000000000005,2,0
100,0.1,-0.4,0,0
100,0.1,-0.4,1,0
100,0.1,-0.4,2,0
100,0.1,-0.51,0,0
100,0.1,-0.51,1,0
100,0.1,-0.51,2,0
100,0.1,-0.52,0,0
100,0.1,-0.52,1,0
100,0.1,-0.52,2,0
100,0.1,-0.53,0,0
100,0.1,-0.53,1,0
100,0.1,-0.53,2,0
100,0.1,-0.54,0,0
100,0.1,-0.54,1,0
100,0.1,-0.54,2,0
100,0.1,-0.55,0,0
100,0.1,-0.55,1,0
100,0.1,-0.55,2,0
100,0.1,-0.56,0,0
100,0.1,-0.56,1,0
100,0.1,-0.56,2,0
100,0.1,-0.5700000000000001,0,0
100,0.1,-0.5700000000000001,1,0
100,0.1,-0.5700000000000001,2,0
100,0.1,-0.5800000000000001,0,0
100,0.1,-0.5800000000000001,1,0
100,0.1,-0.5800000000000001,2,0
100,0.1,-0.5900000000000001,0,0
100,0.1,-0.5900000000000001,1,0
100,0.1,-0.5900000000000001,2,0
100,0.1,-0.5,0,0
100,0.1,-0.5,1,0
100,0.1,-0.5,2,0
100,0.1,-0.6000000000000001,0,0
100,0.1,-0.6000000000000001,1,0
100,0.1,-0.6000000000000001,2,0
100,0.1,-0.6100000000000001,0,0
100,0.1,-0.6100000000000001,1,0
100,0.1,-0.6100000000000001,2,0
100,0.1,-0.6200000000000001,0,0
100,0.1,-0.6200000000000001,1,0
100,0.1,-0.6200000000000001,2,0
100,0.1,-0.63,0,0
100,0.1,-0.63,1,0
100,0.1,-0.63,2,0
100,0.1,-0.64,0,0
100,0.1,-0.64,1,0
100,0.1,-0.64,2,0
100,0.1,-0.65,0,0
100,0.1,-0.65,1,0
100,0.1,-0.65,2,0
100,0.1,-0.66,0,0
100,0.1,-0.66,1,9997
100,0.1,-0.66,2,0
100,0.1,-0.67,0,0
100,0.1,-0.67,1,0
100,0.1,-0.67,2,0
100,0.1,-0.68,0,0
100,0.1,-0.68,1,0
100,0.1,-0.68,2,0
100,0.1,-0.6900000000000001,0,0
100,0.1,-0.6900000000000001,1,0
100,0.1,-0.6900000000000001,2,0
100,0.1,-0.7000000000000001,0,0
100,0.1,-0.7000000000000001,1,0
100,0.1,-0.7000000000000001,2,0
100,0.1,-0.7100000000000001,0,0
100,0.1,-0.7100000000000001,1,0
100,0.1,-0.7100000000000001,2,0
100,0.1,-0.7200000000000001,0,0
100,0.1,-0.7200000000000001,1,0
100,0.1,-0.7200000000000001,2,0
100,0.1,-0.73,0,0
100,0.1,-0.73,1,0
100,0.1,-0.73,2,0
100,0.1,-0.74,0,0
100,0.1,-0.74,1,0
100,0.1,-0.74,2,0
100,0.1,-0.75,0,0
100,0.1,-0.75,1,0
100,0.1,-0.75,2,0
100,0.1,-0.76,0,0
100,0.1,-0.76,1,0
100,0.1,-0.76,2,0
100,0.1,-0.77,0,0
100,0.1,-0.77,1,0
100,0.1,-0.77,2,0
100,0.1,-0.78,0,0
100,0.1,-0.78,1,0
100,0.1,-0.78,2,0
100,0.1,-0.79,0,0
100,0.1,-0.79,1,0
100,0.1,-0.79,2,0
100,0.1,-0.8,0,0
100,0.1,-0.8,1,0
100,0.1,-0.8,2,0
100,0.1,0.010000000000000009,0,4400
100,0.1,0.010000000000000009,1,5490
100,0.1,0.010000000000000009,2,1510
100,0.1,0.020000000000000018,0,2130
100,0.1,0.020000000000000018,1,1320
100,0.1,0.020000000000000018,2,200
100,0.1,0.030000000000000027,0,1350
100,0.1,0.030000000000000027,1,770
100,0.1,0.030000000000000027,2,50
100,0.1,0.039999999999999925,0,800
100,0.1,0.039999999999999925,1,430
100,0.1,0.039999999999999925,2,10
100,0.1,0.04999999999999993,0,540
100,0.1,0.04999999999999993,1,320
100,0.1,0.04999999999999993,2,0
100,0.1,0.05999999999999994,0,420
100,0.1,0.05999999999999994,1,260
100,0.1,0.05999999999999994,2,0
100,0.1,0.06999999999999995,0,340
100,0.1,0.06999999999999995,1,210
100,0.1,0.06999999999999995,2,0
100,0.1,0.07999999999999996,0,280
100,0.1,0.07999999999999996,1,180
100,0.1,0.07999999999999996,2,0
100,0.1,0.08999999999999997,0,230
100,0.1,0.08999999999999997,1,150
100,0.1,0.08999999999999997,2,0
100,0.1,0.09999999999999998,0,200
100,0.1,0.09999999999999998,1,130
100,0.1,0.09999999999999998,2,0
100,0.1,0.0,0,0
100,0.1,0.0,1,0
100,0.1,0.0,2,0
100,0.1,0.10999999999999999,0,170
100,0.1,0.10999999999999999,1,110
100,0.1,0.10999999999999999,2,0
100,0.1,0.12,0,150
100,0.1,0.12,1,100
100,0.1,0.12,2,0
100,0.1,0.13,0,130
100,0.1,0.13,1,90
100,0.1,0.13,2,0
100,0.1,0.14,0,110
100,0.1,0.14,1,80
100,0.1,0.14,2,0
100,0.1,0.15000000000000002,0,100
100,0.1,0.15000000000000002,1,70
100,0.1,0.15000000000000002,2,0
100,0.1,0.15999999999999992,0,90
100,0.1,0.15999999999999992,1,60
100,0.1,0.15999999999999992,2,0
100,0.1,0.16999999999999993,0,70
100,0.1,0.16999999999999993,1,60
100,0.1,0.16999999999999993,2,0
100,0.1,0.17999999999999994,0,60
100,0.1,0.17999999999999994,1,50
100,0.1,0.17999999999999994,2,0
100,0.1,0.18999999999999995,0,10
100,0.1,0.18999999999999995,1,50
100,0.1,0.18999999999999995,2,0
100,0.1,0.2,0,10
100,0.1,0.2,1,40
100,0.1,0.2,2,0
100,0.21,-0.010000000000000009,0,310
100,0.21,-0.010000000000000009,1,490
100,0.21,-0.010000000000000009,2,0
100,0.21,-0.020000000000000018,0,7900
100,0.21,-0.020000000000000018,1,8830
100,0.21,-0.020000000000000018,2,0
100,0.21,-0.030000000000000027,0,9920
100,0.21,-0.030000000000000027,1,9460
100,0.21,-0.030000000000000027,2,8930
100,0.21,-0.040000000000000036,0,390
100,0.21,-0.040000000000000036,1,9890
100,0.21,-0.040000000000000036,2,8160
100,0.21,-0.050000000000000044,0,9930
100,0.21,-0.050000000000000044,1,9930
100,0.21,-0.050000000000000044,2,9890
100,0.21,-0.06000000000000005,0,9860
100,0.21,-0.06000000000000005,1,9270
100,0.21,-0.06000000000000005,2,9930
100,0.21,-0.07000000000000006,0,8400
100,0.21,-0.07000000000000006,1,9930
100,0.21,-0.07000000000000006,2,6710
100,0.21,-0.08000000000000007,0,9910
100,0.21,-0.08000000000000007,1,9870
100,0.21,-0.08000000000000007,2,9920
100,0.21,-0.09000000000000008,0,9650
100,0.21,-0.09000000000000008,1,9950
100,0.21,-0.09000000000000008,2,9900
100,0.21,-0.09999999999999998,0,9520
100,0.21,-0.09999999999999998,1,9930
100,0.21,-0.09999999999999998,2,9790
100,0.21,-0.10999999999999999,0,9790
100,0.21,-0.10999999999999999,1,9910
100,0.21,-0.10999999999999999,2,9180
100,0.21,-0.12,0,9890
100,0.21,-0.12,1,9650
100,0.21,-0.12,2,9640
100,0.21,-0.13,0,0
100,0.21,-0.13,1,9810
100,0.21,-0.13,2,9860
100,0.21,-0.14,0,0
100,0.21,-0.14,1,6770
100,0.21,-0.14,2,9900
100,0.21,-0.15000000000000002,0,0
100,0.21,-0.15000000000000002,1,9886
100,0.21,-0.15000000000000002,2,4630
100,0.21,-0.16000000000000003,0,0
100,0.21,-0.16000000000000003,1,470
100,0.21,-0.16000000000000003,2,0
100,0.21,-0.17000000000000004,0,0
100,0.21,-0.17000000000000004,1,380
100,0.21,-0.17000000000000004,2,0
100,0.21,-0.18000000000000005,0,0
100,0.21,-0.18000000000000005,1,9933
100,0.21,-0.18000000000000005,2,0
100,0.21,-0.19000000000000006,0,0
100,0.21,-0.19000000000000006,1,440
100,0.21,-0.19000000000000006,2,0
100,0.21,-0.20000000000000007,0,0
100,0.21,-0.20000000000000007,1,470
100,0.21,-0.20000000000000007,2,0
100,0.21,-0.21000000000000008,0,0
100,0.21,-0.21000000000000008,1,360
100,0.21,-0.21000000000000008,2,0
100,0.21,-0.22000000000000008,0,0
100,0.21,-0.22000000000000008,1,240
100,0.21,-0.22000000000000008,2,0
100,0.21,-0.22999999999999998,0,0
100,0.21,-0.22999999999999998,1,210
100,0.21,-0.22999999999999998,2,0
100,0.21,-0.24,0,0
100,0.21,-0.24,1,9875
100,0.21,-0.24,2,0
100,0.21,-0.25,0,0
100,0.21,-0.25,1,230
100,0.21,-0.25,2,0
100,0.21,-0.26,0,0
100,0.21,-0.26,1,200
100,0.21,-0.26,2,0
100,0.21,-0.27,0,0
100,0.21,-0.27,1,200
100,0.21,-0.27,2,0
100,0.21,-0.28,0,0
100,0.21,-0.28,1,210
100,0.21,-0.28,2,0
100,0.21,-0.29000000000000004,0,0
100,0.21,-0.29000000000000004,1,200
100,0.21,-0.29000000000000004,2,0
100,0.21,-0.30000000000000004,0,0
100,0.21,-0.30000000000000004,1,9832
100,0.21,-0.30000000000000004,2,0
100,0.21,-0.31000000000000005,0,0
100,0.21,-0.31000000000000005,1,150
100,0.21,-0.31000000000000005,2,0
100,0.21,-0.32000000000000006,0,0
100,0.21,-0.32000000000000006,1,5360
100,0.21,-0.32000000000000006,2,0
100,0.21,-0.33,0,0
100,0.21,-0.33,1,0
100,0.21,-0.33,2,0
100,0.21,-0.34,0,0
100,0.21,-0.34,1,0
100,0.21,-0.34,2,0
100,0.21,-0.35000000000000003,0,0
100,0.21,-0.35000000000000003,1,6080
100,0.21,-0.35000000000000003,2,0
100,0.21,-0.36000000000000004,0,0
100,0.21,-0.36000000000000004,1,0
100,0.21,-0.36000000000000004,2,0
100,0.21,-0.37000000000000005,0,0
100,0.21,-0.37000000000000005,1,0
100,0.21,-0.37000000000000005,2,0
100,0.21,-0.38000000000000006,0,0
100,0.21,-0.38000000000000006,1,0
100,0.21,-0.38000000000000006,2,0
100,0.21,-0.39,0,0
100,0.21,-0.39,1,0
100,0.21,-0.39,2,0
100,0.21,-0.41000000000000003,0,0
100,0.21,-0.41000000000000003,1,0
100,0.21,-0.41000000000000003,2,0
100,0.21,-0.42000000000000004,0,0
100,0.21,-0.42000000000000004,1,0
100,0.21,-0.42000000000000004,2,0
100,0.21,-0.43000000000000005,0,0
100,0.21,-0.43000000000000005,1,6120
100,0.21,-0.43000000000000005,2,0
100,0.21,-0.44000000000000006,0,0
100,0.21,-0.44000000000000006,1,0
100,0.21,-0.44000000000000006,2,0
100,0.21,-0.45,0,0
100,0.21,-0.45,1,0
100,0.21,-0.45,2,0
100,0.21,-0.46,0,0
100,0.21,-0.46,1,0
100,0.21,-0.46,2,0
100,0.21,-0.47000000000000003,0,0
100,0.21,-0.47000000000000003,1,0
100,0.21,-0.47000000000000003,2,0
100,0.21,-0.48000000000000004,0,0
100,0.21,-0.48000000000000004,1,4030
100,0.21,-0.48000000000000004,2,0
100,0.21,-0.49000000000000005,0,0
100,0.21,-0.49000000000000005,1,3830
100,0.21,-0.49000000000000005,2,0
100,0.21,-0.4,0,0
100,0.21,-0.4,1,0
100,0.21,-0.4,2,0
100,0.21,-0.51,0,0
100,0.21,-0.51,1,3700
100,0.21,-0.51,2,0
100,0.21,-0.52,0,0
100,0.21,-0.52,1,7380
100,0.21,-0.52,2,0
100,0.21,-0.53,0,0
100,0.21,-0.53,1,8350
100,0.21,-0.53,2,0
100,0.21,-0.54,0,0
100,0.21,-0.54,1,0
100,0.21,-0.54,2,0
100,0.21,-0.55,0,0
100,0.21,-0.55,1,0
100,0.21,-0.55,2,0
100,0.21,-0.56,0,0
100,0.21,-0.56,1,3330
100,0.21,-0.56,2,0
100,0.21,-0.5700000000000001,0,0
100,0.21,-0.5700000000000001,1,3540
100,0.21,-0.5700000000000001,2,0
100,0.21,-0.5800000000000001,0,0
100,0.21,-0.5800000000000001,1,9962
100,0.21,-0.5800000000000001,2,0
100,0.21,-0.5900000000000001,0,0
100,0.21,-0.5900000000000001,1,9909
100,0.21,-0.5900000000000001,2,0
100,0.21,-0.5,0,0
100,0.21,-0.5,1,3710
100,0.21,-0.5,2,0
100,0.21,-0.6000000000000001,0,0
100,0.21,-0.6000000000000001,1,9703
100,0.21,-0.6000000000000001,2,0
100,0.21,-0.6100000000000001,0,0
100,0.21,-0.6100000000000001,1,0
100,0.21,-0.6100000000000001,2,0
100,0.21,-0.6200000000000001,0,0
100,0.21,-0.6200000000000001,1,0
100,0.21,-0.6200000000000001,2,0
100,0.21,-0.63,0,0
100,0.21,-0.63,1,1410
100,0.21,-0.63,2,0
100,0.21,-0.64,0,0
100,0.21,-0.64,1,1370
100,0.21,-0.64,2,0
100,0.21,-0.65,0,0
100,0.21,-0.65,1,1330
100,0.21,-0.65,2,0
100,0.21,-0.66,0,0
100,0.21,-0.66,1,1300
100,0.21,-0.66,2,0
100,0.21,-0.67,0,0
100,0.21,-0.67,1,1260
100,0.21,-0.67,2,0
100,0.21,-0.68,0,0
100,0.21,-0.68,1,1230
100,0.21,-0.68,2,0
100,0.21,-0.6900000000000001,0,0
100,0.21,-0.6900000000000001,1,0
100,0.21,-0.6900000000000001,2,0
100,0.21,-0.7000000000000001,0,0
100,0.21,-0.7000000000000001,1,9796
100,0.21,-0.7000000000000001,2,0
100,0.21,-0.7100000000000001,0,0
100,0.21,-0.7100000000000001,1,0
100,0.21,-0.7100000000000001,2,0
100,0.21,-0.7200000000000001,0,0
100,0.21,-0.7200000000000001,1,0
100,0.21,-0.7200000000000001,2,0
100,0.21,-0.73,0,0
100,0.21,-0.73,1,0
100,0.21,-0.73,2,0
100,0.21,-0.74,0,0
100,0.21,-0.74,1,0
100,0.21,-0.74,2,0
100,0.21,-0.75,0,0
100,0.21,-0.75,1,0
100,0.21,-0.75,2,0
100,0.21,-0.76,0,0
100,0.21,-0.76,1,0
100,0.21,-0.76,2,0
100,0.21,-0.77,0,0
100,0.21,-0.77,1,9918
100,0.21,-0.77,2,0
100,0.21,-0.78,0,0
100,0.21,-0.78,1,0
100,0.21,-0.78,2,0
100,0.21,-0.79,0,0
100,0.21,-0.79,1,0
100,0.21,-0.79,2,0
100,0.21,-0.8,0,0
100,0.21,-0.8,1,0
100,0.21,-0.8,2,0
100,0.21,0.010000000000000009,0,5220
100,0.21,0.010000000000000009,1,9997
100,0.21,0.010000000000000009,2,1830
100,0.21,0.020000000000000018,0,2120
100,0.21,0.020000000000000018,1,1910
100,0.21,0.020000000000000018,2,180
100,0.21,0.030000000000000027,0,1370
100,0.21,0.030000000000000027,1,640
100,0.21,0.030000000000000027,2,90
100,0.21,0.039999999999999925,0,1000
100,0.21,0.039999999999999925,1,530
100,0.21,0.039999999999999925,2,40
100,0.21,0.04999999999999993,0,740
100,0.21,0.04999999999999993,1,420
100,0.21,0.04999999999999993,2,20
100,0.21,0.05999999999999994,0,280
100,0.21,0.05999999999999994,1,340
100,0.21,0.05999999999999994,2,10
100,0.21,0.06999999999999995,0,240
100,0.21,0.06999999999999995,1,290
100,0.21,0.06999999999999995,2,10
100,0.21,0.07999999999999996,0,200
100,0.21,0.07999999999999996,1,260
100,0.21,0.07999999999999996,2,0
100,0.21,0.08999999999999997,0,180
100,0.21,0.08999999999999997,1,120
100,0.21,0.08999999999999997,2,0
100,0.21,0.09999999999999998,0,150
100,0.21,0.09999999999999998,1,110
100,0.21,0.09999999999999998,2,0
100,0.21,0.0,0,0
100,0.21,0.0,1,0
100,0.21,0.0,2,0
100,0.21,0.10999999999999999,0,130
100,0.21,0.10999999999999999,1,90
100,0.21,0.10999999999999999,2,0
100,0.21,0.12,0,110
100,0.21,0.12,1,80
100,0.21,0.12,2,0
100,0.21,0.13,0,100
100,0.21,0.13,1,70
100,0.21,0.13,2,0
100,0.21,0.14,0,90
100,0.21,0.14,1,70
100,0.21,0.14,2,0
100,0.21,0.15000000000000002,0,80
100,0.21,0.15000000000000002,1,60
100,0.21,0.15000000000000002,2,0
100,0.21,0.15999999999999992,0,70
100,0.21,0.15999999999999992,1,50
100,0.21,0.15999999999999992,2,0
100,0.21,0.16999999999999993,0,60
100,0.21,0.16999999999999993,1,50
100,0.21,0.16999999999999993,2,0
100,0.21,0.17999999999999994,0,50
100,0.21,0.17999999999999994,1,50
100,0.21,0.17999999999999994,2,0
100,0.21,0.18999999999999995,0,30
100,0.21,0.18999999999999995,1,40
100,0.21,0.18999999999999995,2,0
100,0.21,0.2,0,30
100,0.21,0.2,1,0
100,0.21,0.2,2,0
100,0.22,-0.010000000000000009,0,270
100,0.22,-0.010000000000000009,1,440
100,0.22,-0.010000000000000009,2,0
100,0.22,-0.020000000000000018,0,7420
100,0.22,-0.020000000000000018,1,520
100,0.22,-0.020000000000000018,2,0
100,0.22,-0.030000000000000027,0,330
100,0.22,-0.030000000000000027,1,9460
100,0.22,-0.030000000000000027,2,0
100,0.22,-0.040000000000000036,0,8740
100,0.22,-0.040000000000000036,1,9230
100,0.22,-0.040000000000000036,2,0
100,0.22,-0.050000000000000044,0,9910
100,0.22,-0.050000000000000044,1,9640
100,0.22,-0.050000000000000044,2,8480
100,0.22,-0.06000000000000005,0,9050
100,0.22,-0.06000000000000005,1,9880
100,0.22,-0.06000000000000005,2,9940
100,0.22,-0.07000000000000006,0,9320
100,0.22,-0.07000000000000006,1,8220
100,0.22,-0.07000000000000006,2,9760
100,0.22,-0.08000000000000007,0,9800
100,0.22,-0.08000000000000007,1,9390
100,0.22,-0.08000000000000007,2,9380
100,0.22,-0.09000000000000008,0,9830
100,0.22,-0.09000000000000008,1,9860
100,0.22,-0.09000000000000008,2,9880
100,0.22,-0.09999999999999998,0,9760
100,0.22,-0.09999999999999998,1,9670
100,0.22,-0.09999999999999998,2,9880
100,0.22,-0.10999999999999999,0,9930
100,0.22,-0.10999999999999999,1,9820
100,0.22,-0.10999999999999999,2,9940
100,0.22,-0.12,0,9820
100,0.22,-0.12,1,9480
100,0.22,-0.12,2,9610
100,0.22,-0.13,0,9610
100,0.22,-0.13,1,9840
100,0.22,-0.13,2,9560
100,0.22,-0.14,0,0
100,0.22,-0.14,1,9860
100,0.22,-0.14,2,9900
100,0.22,-0.15000000000000002,0,0
100,0.22,-0.15000000000000002,1,9840
100,0.22,-0.15000000000000002,2,9900
100,0.22,-0.16000000000000003,0,7100
100,0.22,-0.16000000000000003,1,7590
100,0.22,-0.16000000000000003,2,9820
100,0.22,-0.17000000000000004,0,0
100,0.22,-0.17000000000000004,1,780
100,0.22,-0.17000000000000004,2,9060
100,0.22,-0.18000000000000005,0,0
100,0.22,-0.18000000000000005,1,380
100,0.22,-0.18000000000000005,2,0
100,0.22,-0.19000000000000006,0,0
100,0.22,-0.19000000000000006,1,630
100,0.22,-0.19000000000000006,2,0
100,0.22,-0.20000000000000007,0,0
100,0.22,-0.20000000000000007,1,510
100,0.22,-0.20000000000000007,2,0
100,0.22,-0.21000000000000008,0,0
100,0.22,-0.21000000000000008,1,430
100,0.22,-0.21000000000000008,2,0
100,0.22,-0.22000000000000008,0,0
100,0.22,-0.22000000000000008,1,230
100,0.22,-0.22000000000000008,2,0
100,0.22,-0.22999999999999998,0,0
100,0.22,-0.22999999999999998,1,220
100,0.22,-0.22999999999999998,2,0
100,0.22,-0.24,0,0
100,0.22,-0.24,1,220
100,0.22,-0.24,2,0
100,0.22,-0.25,0,0
100,0.22,-0.25,1,200
100,0.22,-0.25,2,0
100,0.22,-0.26,0,0
100,0.22,-0.26,1,210
100,0.22,-0.26,2,0
100,0.22,-0.27,0,0
100,0.22,-0.27,1,9783
100,0.22,-0.27,2,0
100,0.22,-0.28,0,0
100,0.22,-0.28,1,200
100,0.22,-0.28,2,0
100,0.22,-0.29000000000000004,0,0
100,0.22,-0.29000000000000004,1,200
100,0.22,-0.29000000000000004,2,0
100,0.22,-0.30000000000000004,0,0
100,0.22,-0.30000000000000004,1,9937
100,0.22,-0.30000000000000004,2,0
100,0.22,-0.31000000000000005,0,0
100,0.22,-0.31000000000000005,1,200
100,0.22,-0.31000000000000005,2,0
100,0.22,-0.32000000000000006,0,0
100,0.22,-0.32000000000000006,1,190
100,0.22,-0.32000000000000006,2,0
100,0.22,-0.33,0,0
100,0.22,-0.33,1,0
100,0.22,-0.33,2,0
100,0.22,-0.34,0,0
100,0.22,-0.34,1,0
100,0.22,-0.34,2,0
100,0.22,-0.35000000000000003,0,0
100,0.22,-0.35000000000000003,1,9713
100,0.22,-0.35000000000000003,2,0
100,0.22,-0.36000000000000004,0,0
100,0.22,-0.36000000000000004,1,0
100,0.22,-0.36000000000000004,2,0
100,0.22,-0.37000000000000005,0,0
100,0.22,-0.37000000000000005,1,0
100,0.22,-0.37000000000000005,2,0
100,0.22,-0.38000000000000006,0,0
100,0.22,-0.38000000000000006,1,9818
100,0.22,-0.38000000000000006,2,0
100,0.22,-0.39,0,0
100,0.22,-0.39,1,9919
100,0.22,-0.39,2,0
100,0.22,-0.41000000000000003,0,0
100,0.22,-0.41000000000000003,1,0
100,0.22,-0.41000000000000003,2,0
100,0.22,-0.42000000000000004,0,0
100,0.22,-0.42000000000000004,1,0
100,0.22,-0.42000000000000004,2,0
100,0.22,-0.43000000000000005,0,0
100,0.22,-0.43000000000000005,1,0
100,0.22,-0.43000000000000005,2,0
100,0.22,-0.44000000000000006,0,0
100,0.22,-0.44000000000000006,1,0
100,0.22,-0.44000000000000006,2,0
100,0.22,-0.45,0,0
100,0.22,-0.45,1,0
100,0.22,-0.45,2,0
100,0.22,-0.46,0,0
100,0.22,-0.46,1,0
100,0.22,-0.46,2,0
100,0.22,-0.47000000000000003,0,0
100,0.22,-0.47000000000000003,1,0
100,0.22,-0.47000000000000003,2,0
100,0.22,-0.48000000000000004,0,0
100,0.22,-0.48000000000000004,1,0
100,0.22,-0.48000000000000004,2,0
100,0.22,-0.49000000000000005,0,0
100,0.22,-0.49000000000000005,1,0
100,0.22,-0.49000000000000005,2,0
100,0.22,-0.4,0,0
100,0.22,-0.4,1,6700
100,0.22,-0.4,2,0
100,0.22,-0.51,0,0
100,0.22,-0.51,1,0
100,0.22,-0.51,2,0
100,0.22,-0.52,0,0
100,0.22,-0.52,1,0
100,0.22,-0.52,2,0
100,0.22,-0.53,0,0
100,0.22,-0.53,1,0
100,0.22,-0.53,2,0
100,0.22,-0.54,0,0
100,0.22,-0.54,1,5200
100,0.22,-0.54,2,0
100,0.22,-0.55,0,0
100,0.22,-0.55,1,9996
100,0.22,-0.55,2,0
100,0.22,-0.56,0,0
100,0.22,-0.56,1,0
100,0.22,-0.56,2,0
100,0.22,-0.5700000000000001,0,0
100,0.22,-0.5700000000000001,1,0
100,0.22,-0.5700000000000001,2,0
100,0.22,-0.5800000000000001,0,0
100,0.22,-0.5800000000000001,1,0
100,0.22,-0.5800000000000001,2,0
100,0.22,-0.5900000000000001,0,0
100,0.22,-0.5900000000000001,1,0
100,0.22,-0.5900000000000001,2,0
100,0.22,-0.5,0,0
100,0.22,-0.5,1,9817
100,0.22,-0.5,2,0
100,0.22,-0.6000000000000001,0,0
100,0.22,-0.6000000000000001,1,0
100,0.22,-0.6000000000000001,2,0
100,0.22,-0.6100000000000001,0,0
100,0.22,-0.6100000000000001,1,0
100,0.22,-0.6100000000000001,2,0
100,0.22,-0.6200000000000001,0,0
100,0.22,-0.6200000000000001,1,0
100,0.22,-0.6200000000000001,2,0
100,0.22,-0.63,0,0
100,0.22,-0.63,1,0
100,0.22,-0.63,2,0
100,0.22,-0.64,0,0
100,0.22,-0.64,1,0
100,0.22,-0.64,2,0
100,0.22,-0.65,0,0
100,0.22,-0.65,1,0
100,0.22,-0.65,2,0
100,0.22,-0.66,0,0
100,0.22,-0.66,1,9340
100,0.22,-0.66,2,0
100,0.22,-0.67,0,0
100,0.22,-0.67,1,1360
100,0.22,-0.67,2,0
100,0.22,-0.68,0,0
100,0.22,-0.68,1,1320
100,0.22,-0.68,2,0
100,0.22,-0.6900000000000001,0,0
100,0.22,-0.6900000000000001,1,1290
100,0.22,-0.6900000000000001,2,0
100,0.22,-0.7000000000000001,0,0
100,0.22,-0.7000000000000001,1,1250
100,0.22,-0.7000000000000001,2,0
100,0.22,-0.7100000000000001,0,0
100,0.22,-0.7100000000000001,1,0
100,0.22,-0.7100000000000001,2,0
100,0.22,-0.7200000000000001,0,0
100,0.22,-0.7200000000000001,1,0
100,0.22,-0.7200000000000001,2,0
100,0.22,-0.73,0,0
100,0.22,-0.73,1,0
100,0.22,-0.73,2,0
100,0.22,-0.74,0,0
100,0.22,-0.74,1,0
100,0.22,-0.74,2,0
100,0.22,-0.75,0,0
100,0.22,-0.75,1,0
100,0.22,-0.75,2,0
100,0.22,-0.76,0,0
100,0.22,-0.76,1,0
100,0.22,-0.76,2,0
100,0.22,-0.77,0,0
100,0.22,-0.77,1,0
100,0.22,-0.77,2,0
100,0.22,-0.78,0,0
100,0.22,-0.78,1,0
100,0.22,-0.78,2,0
100,0.22,-0.79,0,0
100,0.22,-0.79,1,0
100,0.22,-0.79,2,0
100,0.22,-0.8,0,0
100,0.22,-0.8,1,0
100,0.22,-0.8,2,0
100,0.22,0.010000000000000009,0,5420
100,0.22,0.010000000000000009,1,5610
100,0.22,0.010000000000000009,2,1840
100,0.22,0.020000000000000018,0,2150
100,0.22,0.020000000000000018,1,1950
100,0.22,0.020000000000000018,2,170
100,0.22,0.030000000000000027,0,1380
100,0.22,0.030000000000000027,1,620
100,0.22,0.030000000000000027,2,90
100,0.22,0.039999999999999925,0,1060
100,0.22,0.039999999999999925,1,520
100,0.22,0.039999999999999925,2,50
100,0.22,0.04999999999999993,0,780
100,0.22,0.04999999999999993,1,410
100,0.22,0.04999999999999993,2,20
100,0.22,0.05999999999999994,0,270
100,0.22,0.05999999999999994,1,330
100,0.22,0.05999999999999994,2,10
100,0.22,0.06999999999999995,0,220
100,0.22,0.06999999999999995,1,280
100,0.22,0.06999999999999995,2,10
100,0.22,0.07999999999999996,0,200
100,0.22,0.07999999999999996,1,250
100,0.22,0.07999999999999996,2,10
100,0.22,0.08999999999999997,0,170
100,0.22,0.08999999999999997,1,120
100,0.22,0.08999999999999997,2,0
100,0.22,0.09999999999999998,0,150
100,0.22,0.09999999999999998,1,100
100,0.22,0.09999999999999998,2,0
100,0.22,0.0,0,0
100,0.22,0.0,1,0
100,0.22,0.0,2,0
100,0.22,0.10999999999999999,0,130
100,0.22,0.10999999999999999,1,90
100,0.22,0.10999999999999999,2,0
100,0.22,0.12,0,110
100,0.22,0.12,1,80
100,0.22,0.12,2,0
100,0.22,0.13,0,100
100,0.22,0.13,1,70
100,0.22,0.13,2,0
100,0.22,0.14,0,90
100,0.22,0.14,1,70
100,0.22,0.14,2,0
100,0.22,0.15000000000000002,0,80
100,0.22,0.15000000000000002,1,60
100,0.22,0.15000000000000002,2,0
100,0.22,0.15999999999999992,0,70
100,0.22,0.15999999999999992,1,50
100,0.22,0.15999999999999992,2,0
100,0.22,0.16999999999999993,0,60
100,0.22,0.16999999999999993,1,50
100,0.22,0.16999999999999993,2,0
100,0.22,0.17999999999999994,0,50
100,0.22,0.17999999999999994,1,40
100,0.22,0.17999999999999994,2,0
100,0.22,0.18999999999999995,0,30
100,0.22,0.18999999999999995,1,40
100,0.22,0.18999999999999995,2,0
100,0.22,0.2,0,30
100,0.22,0.2,1,0
100,0.22,0.2,2,0
100,0.23,-0.010000000000000009,0,9816
100,0.23,-0.010000000000000009,1,380
100,0.23,-0.010000000000000009,2,0
100,0.23,-0.020000000000000018,0,290
100,0.23,-0.020000000000000018,1,9792
100,0.23,-0.020000000000000018,2,0
100,0.23,-0.030000000000000027,0,9060
100,0.23,-0.030000000000000027,1,6300
100,0.23,-0.030000000000000027,2,0
100,0.23,-0.040000000000000036,0,9660
100,0.23,-0.040000000000000036,1,8980
100,0.23,-0.040000000000000036,2,0
100,0.23,-0.050000000000000044,0,9850
100,0.23,-0.050000000000000044,1,9530
100,0.23,-0.050000000000000044,2,0
100,0.23,-0.06000000000000005,0,9810
100,0.23,-0.06000000000000005,1,9770
100,0.23,-0.06000000000000005,2,9880
100,0.23,-0.07000000000000006,0,9920
100,0.23,-0.07000000000000006,1,9780
100,0.23,-0.07000000000000006,2,9800
100,0.23,-0.08000000000000007,0,9850
100,0.23,-0.08000000000000007,1,9510
100,0.23,-0.08000000000000007,2,9940
100,0.23,-0.09000000000000008,0,9880
100,0.23,-0.09000000000000008,1,9870
100,0.23,-0.09000000000000008,2,8270
100,0.23,-0.09999999999999998,0,9740
100,0.23,-0.09999999999999998,1,9880
100,0.23,-0.09999999999999998,2,9860
100,0.23,-0.10999999999999999,0,9880
100,0.23,-0.10999999999999999,1,9920
100,0.23,-0.10999999999999999,2,9800
100,0.23,-0.12,0,9920
100,0.23,-0.12,1,9950
100,0.23,-0.12,2,9790
100,0.23,-0.13,0,9940
100,0.23,-0.13,1,9930
100,0.23,-0.13,2,9600
100,0.23,-0.14,0,9760
100,0.23,-0.14,1,9900
100,0.23,-0.14,2,9850
100,0.23,-0.15000000000000002,0,0
100,0.23,-0.15000000000000002,1,9880
100,0.23,-0.15000000000000002,2,9910
100,0.23,-0.16000000000000003,0,0
100,0.23,-0.16000000000000003,1,1810
100,0.23,-0.16000000000000003,2,9810
100,0.23,-0.17000000000000004,0,0
100,0.23,-0.17000000000000004,1,9240
100,0.23,-0.17000000000000004,2,0
100,0.23,-0.18000000000000005,0,0
100,0.23,-0.18000000000000005,1,7350
100,0.23,-0.18000000000000005,2,1580
100,0.23,-0.19000000000000006,0,0
100,0.23,-0.19000000000000006,1,5040
100,0.23,-0.19000000000000006,2,0
100,0.23,-0.20000000000000007,0,0
100,0.23,-0.20000000000000007,1,520
100,0.23,-0.20000000000000007,2,0
100,0.23,-0.21000000000000008,0,0
100,0.23,-0.21000000000000008,1,510
100,0.23,-0.21000000000000008,2,0
100,0.23,-0.22000000000000008,0,0
100,0.23,-0.22000000000000008,1,9837
100,0.23,-0.22000000000000008,2,0
100,0.23,-0.22999999999999998,0,0
100,0.23,-0.22999999999999998,1,220
100,0.23,-0.22999999999999998,2,0
100,0.23,-0.24,0,0
100,0.23,-0.24,1,210
100,0.23,-0.24,2,0
100,0.23,-0.25,0,0
100,0.23,-0.25,1,210
100,0.23,-0.25,2,0
100,0.23,-0.26,0,0
100,0.23,-0.26,1,200
100,0.23,-0.26,2,0
100,0.23,-0.27,0,0
100,0.23,-0.27,1,200
100,0.23,-0.27,2,0
100,0.23,-0.28,0,0
100,0.23,-0.28,1,9917
100,0.23,-0.28,2,0
100,0.23,-0.29000000000000004,0,0
100,0.23,-0.29000000000000004,1,190
100,0.23,-0.29000000000000004,2,0
100,0.23,-0.30000000000000004,0,0
100,0.23,-0.30000000000000004,1,190
100,0.23,-0.30000000000000004,2,0
100,0.23,-0.31000000000000005,0,0
100,0.23,-0.31000000000000005,1,190
100,0.23,-0.31000000000000005,2,0
100,0.23,-0.32000000000000006,0,0
100,0.23,-0.32000000000000006,1,0
100,0.23,-0.32000000000000006,2,0
100,0.23,-0.33,0,0
100,0.23,-0.33,1,0
100,0.23,-0.33,2,0
100,0.23,-0.34,0,0
100,0.23,-0.34,1,180
100,0.23,-0.34,2,0
100,0.23,-0.35000000000000003,0,0
100,0.23,-0.35000000000000003,1,220
100,0.23,-0.35000000000000003,2,0
100,0.23,-0.36000000000000004,0,0
100,0.23,-0.36000000000000004,1,0
100,0.23,-0.36000000000000004,2,0
100,0.23,-0.37000000000000005,0,0
100,0.23,-0.37000000000000005,1,170
100,0.23,-0.37000000000000005,2,0
100,0.23,-0.38000000000000006,0,0
100,0.23,-0.38000000000000006,1,9873
100,0.23,-0.38000000000000006,2,0
100,0.23,-0.39,0,0
100,0.23,-0.39,1,9660
100,0.23,-0.39,2,0
100,0.23,-0.41000000000000003,0,0
100,0.23,-0.41000000000000003,1,9755
100,0.23,-0.41000000000000003,2,0
100,0.23,-0.42000000000000004,0,0
100,0.23,-0.42000000000000004,1,0
100,0.23,-0.42000000000000004,2,0
100,0.23,-0.43000000000000005,0,0
100,0.23,-0.43000000000000005,1,0
100,0.23,-0.43000000000000005,2,0
100,0.23,-0.44000000000000006,0,0
100,0.23,-0.44000000000000006,1,0
100,0.23,-0.44000000000000006,2,0
100,0.23,-0.45,0,0
100,0.23,-0.45,1,9787
100,0.23,-0.45,2,0
100,0.23,-0.46,0,0
100,0.23,-0.46,1,4100
100,0.23,-0.46,2,0
100,0.23,-0.47000000000000003,0,0
100,0.23,-0.47000000000000003,1,0
100,0.23,-0.47000000000000003,2,0
100,0.23,-0.48000000000000004,0,0
100,0.23,-0.48000000000000004,1,0
100,0.23,-0.48000000000000004,2,0
100,0.23,-0.49000000000000005,0,0
100,0.23,-0.49000000000000005,1,0
100,0.23,-0.49000000000000005,2,0
100,0.23,-0.4,0,0
100,0.23,-0.4,1,9791
100,0.23,-0.4,2,0
100,0.23,-0.51,0,0
100,0.23,-0.51,1,9952
100,0.23,-0.51,2,0
100,0.23,-0.52,0,0
100,0.23,-0.52,1,0
100,0.23,-0.52,2,0
100,0.23,-0.53,0,0
100,0.23,-0.53,1,0
100,0.23,-0.53,2,0
100,0.23,-0.54,0,0
100,0.23,-0.54,1,0
100,0.23,-0.54,2,0
100,0.23,-0.55,0,0
100,0.23,-0.55,1,9938
100,0.23,-0.55,2,0
100,0.23,-0.56,0,0
100,0.23,-0.56,1,9763
100,0.23,-0.56,2,0
100,0.23,-0.5700000000000001,0,0
100,0.23,-0.5700000000000001,1,0
100,0.23,-0.5700000000000001,2,0
100,0.23,-0.5800000000000001,0,0
100,0.23,-0.5800000000000001,1,0
100,0.23,-0.5800000000000001,2,0
100,0.23,-0.5900000000000001,0,0
100,0.23,-0.5900000000000001,1,0
100,0.23,-0.5900000000000001,2,0
100,0.23,-0.5,0,0
100,0.23,-0.5,1,0
100,0.23,-0.5,2,0
100,0.23,-0.6000000000000001,0,0
100,0.23,-0.6000000000000001,1,0
100,0.23,-0.6000000000000001,2,0
100,0.23,-0.6100000000000001,0,0
100,0.23,-0.6100000000000001,1,0
100,0.23,-0.6100000000000001,2,0
100,0.23,-0.6200000000000001,0,0
100,0.23,-0.6200000000000001,1,0
100,0.23,-0.6200000000000001,2,0
100,0.23,-0.63,0,0
100,0.23,-0.63,1,0
100,0.23,-0.63,2,0
100,0.23,-0.64,0,0
100,0.23,-0.64,1,0
100,0.23,-0.64,2,0
100,0.23,-0.65,0,0
100,0.23,-0.65,1,0
100,0.23,-0.65,2,0
100,0.23,-0.66,0,0
100,0.23,-0.66,1,0
100,0.23,-0.66,2,0
100,0.23,-0.67,0,0
100,0.23,-0.67,1,0
100,0.23,-0.67,2,0
100,0.23,-0.68,0,0
100,0.23,-0.68,1,0
100,0.23,-0.68,2,0
100,0.23,-0.6900000000000001,0,0
100,0.23,-0.6900000000000001,1,0
100,0.23,-0.6900000000000001,2,0
100,0.23,-0.7000000000000001,0,0
100,0.23,-0.7000000000000001,1,0
100,0.23,-0.7000000000000001,2,0
100,0.23,-0.7100000000000001,0,0
100,0.23,-0.7100000000000001,1,0
100,0.23,-0.7100000000000001,2,0
100,0.23,-0.7200000000000001,0,0
100,0.23,-0.7200000000000001,1,0
100,0.23,-0.7200000000000001,2,0
100,0.23,-0.73,0,0
100,0.23,-0.73,1,0
100,0.23,-0.73,2,0
100,0.23,-0.74,0,0
100,0.23,-0.74,1,7160
100,0.23,-0.74,2,0
100,0.23,-0.75,0,0
100,0.23,-0.75,1,0
100,0.23,-0.75,2,0
100,0.23,-0.76,0,0
100,0.23,-0.76,1,0
100,0.23,-0.76,2,0
100,0.23,-0.77,0,0
100,0.23,-0.77,1,0
100,0.23,-0.77,2,0
100,0.23,-0.78,0,0
100,0.23,-0.78,1,0
100,0.23,-0.78,2,0
100,0.23,-0.79,0,0
100,0.23,-0.79,1,0
100,0.23,-0.79,2,0
100,0.23,-0.8,0,0
100,0.23,-0.8,1,0
100,0.23,-0.8,2,0
100,0.23,0.010000000000000009,0,4980
100,0.23,0.010000000000000009,1,5590
100,0.23,0.010000000000000009,2,1840
100,0.23,0.020000000000000018,0,2070
100,0.23,0.020000000000000018,1,1910
100,0.23,0.020000000000000018,2,170
100,0.23,0.030000000000000027,0,1380
100,0.23,0.030000000000000027,1,600
100,0.23,0.030000000000000027,2,90
100,0.23,0.039999999999999925,0,1020
100,0.23,0.039999999999999925,1,510
100,0.23,0.039999999999999925,2,50
100,0.23,0.04999999999999993,0,800
100,0.23,0.04999999999999993,1,410
100,0.23,0.04999999999999993,2,30
100,0.23,0.05999999999999994,0,260
100,0.23,0.05999999999999994,1,330
100,0.23,0.05999999999999994,2,20
100,0.23,0.06999999999999995,0,220
100,0.23,0.06999999999999995,1,280
100,0.23,0.06999999999999995,2,10
100,0.23,0.07999999999999996,0,190
100,0.23,0.07999999999999996,1,250
100,0.23,0.07999999999999996,2,10
100,0.23,0.08999999999999997,0,170
100,0.23,0.08999999999999997,1,120
100,0.23,0.08999999999999997,2,0
100,0.23,0.09999999999999998,0,140
100,0.23,0.09999999999999998,1,100
100,0.23,0.09999999999999998,2,0
100,0.23,0.0,0,0
100,0.23,0.0,1,0
100,0.23,0.0,2,0
100,0.23,0.10999999999999999,0,120
100,0.23,0.10999999999999999,1,90
100,0.23,0.10999999999999999,2,0
100,0.23,0.12,0,110
100,0.23,0.12,1,80
100,0.23,0.12,2,0
100,0.23,0.13,0,100
100,0.23,0.13,1,70
100,0.23,0.13,2,0
100,0.23,0.14,0,90
100,0.23,0.14,1,60
100,0.23,0.14,2,0
100,0.23,0.15000000000000002,0,80
100,0.23,0.15000000000000002,1,60
100,0.23,0.15000000000000002,2,0
100,0.23,0.15999999999999992,0,70
100,0.23,0.15999999999999992,1,50
100,0.23,0.15999999999999992,2,0
100,0.23,0.16999999999999993,0,60
100,0.23,0.16999999999999993,1,50
100,0.23,0.16999999999999993,2,0
100,0.23,0.17999999999999994,0,50
100,0.23,0.17999999999999994,1,40
100,0.23,0.17999999999999994,2,0
100,0.23,0.18999999999999995,0,40
100,0.23,0.18999999999999995,1,40
100,0.23,0.18999999999999995,2,0
100,0.23,0.2,0,30
100,0.23,0.2,1,0
100,0.23,0.2,2,0
100,0.24,-0.010000000000000009,0,9835
100,0.24,-0.010000000000000009,1,360
100,0.24,-0.010000000000000009,2,0
100,0.24,-0.020000000000000018,0,270
100,0.24,-0.020000000000000018,1,8700
100,0.24,-0.020000000000000018,2,0
100,0.24,-0.030000000000000027,0,270
100,0.24,-0.030000000000000027,1,520
100,0.24,-0.030000000000000027,2,0
100,0.24,-0.040000000000000036,0,9160
100,0.24,-0.040000000000000036,1,620
100,0.24,-0.040000000000000036,2,0
100,0.24,-0.050000000000000044,0,9530
100,0.24,-0.050000000000000044,1,6480
100,0.24,-0.050000000000000044,2,9630
100,0.24,-0.06000000000000005,0,9850
100,0.24,-0.06000000000000005,1,9560
100,0.24,-0.06000000000000005,2,9230
100,0.24,-0.07000000000000006,0,9790
100,0.24,-0.07000000000000006,1,9290
100,0.24,-0.07000000000000006,2,9600
100,0.24,-0.08000000000000007,0,9830
100,0.24,-0.08000000000000007,1,9920
100,0.24,-0.08000000000000007,2,9920
100,0.24,-0.09000000000000008,0,8760
100,0.24,-0.09000000000000008,1,5310
100,0.24,-0.09000000000000008,2,9900
100,0.24,-0.09999999999999998,0,9850
100,0.24,-0.09999999999999998,1,9910
100,0.24,-0.09999999999999998,2,9720
100,0.24,-0.10999999999999999,0,9500
100,0.24,-0.10999999999999999,1,9880
100,0.24,-0.10999999999999999,2,8860
100,0.24,-0.12,0,9910
100,0.24,-0.12,1,9880
100,0.24,-0.12,2,9730
100,0.24,-0.13,0,9940
100,0.24,-0.13,1,9800
100,0.24,-0.13,2,9300
100,0.24,-0.14,0,9870
100,0.24,-0.14,1,9220
100,0.24,-0.14,2,9720
100,0.24,-0.15000000000000002,0,9890
100,0.24,-0.15000000000000002,1,9790
100,0.24,-0.15000000000000002,2,9820
100,0.24,-0.16000000000000003,0,9820
100,0.24,-0.16000000000000003,1,630
100,0.24,-0.16000000000000003,2,9940
100,0.24,-0.17000000000000004,0,9799
100,0.24,-0.17000000000000004,1,9780
100,0.24,-0.17000000000000004,2,9870
100,0.24,-0.18000000000000005,0,9988
100,0.24,-0.18000000000000005,1,510
100,0.24,-0.18000000000000005,2,3780
100,0.24,-0.19000000000000006,0,0
100,0.24,-0.19000000000000006,1,500
100,0.24,-0.19000000000000006,2,0
100,0.24,-0.20000000000000007,0,9974
100,0.24,-0.20000000000000007,1,530
100,0.24,-0.20000000000000007,2,10
100,0.24,-0.21000000000000008,0,0
100,0.24,-0.21000000000000008,1,390
100,0.24,-0.21000000000000008,2,0
100,0.24,-0.22000000000000008,0,0
100,0.24,-0.22000000000000008,1,450
100,0.24,-0.22000000000000008,2,0
100,0.24,-0.22999999999999998,0,0
100,0.24,-0.22999999999999998,1,410
100,0.24,-0.22999999999999998,2,0
100,0.24,-0.24,0,0
100,0.24,-0.24,1,410
100,0.24,-0.24,2,0
100,0.24,-0.25,0,0
100,0.24,-0.25,1,220
100,0.24,-0.25,2,0
100,0.24,-0.26,0,0
100,0.24,-0.26,1,190
100,0.24,-0.26,2,0
100,0.24,-0.27,0,0
100,0.24,-0.27,1,200
100,0.24,-0.27,2,0
100,0.24,-0.28,0,0
100,0.24,-0.28,1,190
100,0.24,-0.28,2,0
100,0.24,-0.29000000000000004,0,0
100,0.24,-0.29000000000000004,1,190
100,0.24,-0.29000000000000004,2,0
100,0.24,-0.30000000000000004,0,0
100,0.24,-0.30000000000000004,1,190
100,0.24,-0.30000000000000004,2,0
100,0.24,-0.31000000000000005,0,0
100,0.24,-0.31000000000000005,1,180
100,0.24,-0.31000000000000005,2,0
100,0.24,-0.32000000000000006,0,0
100,0.24,-0.32000000000000006,1,9912
100,0.24,-0.32000000000000006,2,0
100,0.24,-0.33,0,0
100,0.24,-0.33,1,190
100,0.24,-0.33,2,0
100,0.24,-0.34,0,0
100,0.24,-0.34,1,7490
100,0.24,-0.34,2,0
100,0.24,-0.35000000000000003,0,0
100,0.24,-0.35000000000000003,1,200
100,0.24,-0.35000000000000003,2,0
100,0.24,-0.36000000000000004,0,0
100,0.24,-0.36000000000000004,1,180
100,0.24,-0.36000000000000004,2,0
100,0.24,-0.37000000000000005,0,0
100,0.24,-0.37000000000000005,1,4280
100,0.24,-0.37000000000000005,2,0
100,0.24,-0.38000000000000006,0,0
100,0.24,-0.38000000000000006,1,0
100,0.24,-0.38000000000000006,2,0
100,0.24,-0.39,0,0
100,0.24,-0.39,1,0
100,0.24,-0.39,2,0
100,0.24,-0.41000000000000003,0,0
100,0.24,-0.41000000000000003,1,7170
100,0.24,-0.41000000000000003,2,0
100,0.24,-0.42000000000000004,0,0
100,0.24,-0.42000000000000004,1,4750
100,0.24,-0.42000000000000004,2,0
100,0.24,-0.43000000000000005,0,0
100,0.24,-0.43000000000000005,1,2830
100,0.24,-0.43000000000000005,2,0
100,0.24,-0.44000000000000006,0,0
100,0.24,-0.44000000000000006,1,5780
100,0.24,-0.44000000000000006,2,0
100,0.24,-0.45,0,0
100,0.24,-0.45,1,0
100,0.24,-0.45,2,0
100,0.24,-0.46,0,0
100,0.24,-0.46,1,9877
100,0.24,-0.46,2,0
100,0.24,-0.47000000000000003,0,0
100,0.24,-0.47000000000000003,1,9872
100,0.24,-0.47000000000000003,2,0
100,0.24,-0.48000000000000004,0,0
100,0.24,-0.48000000000000004,1,3870
100,0.24,-0.48000000000000004,2,0
100,0.24,-0.49000000000000005,0,0
100,0.24,-0.49000000000000005,1,0
100,0.24,-0.49000000000000005,2,0
100,0.24,-0.4,0,0
100,0.24,-0.4,1,0
100,0.24,-0.4,2,0
100,0.24,-0.51,0,0
100,0.24,-0.51,1,2800
100,0.24,-0.51,2,0
100,0.24,-0.52,0,0
100,0.24,-0.52,1,2630
100,0.24,-0.52,2,0
100,0.24,-0.53,0,0
100,0.24,-0.53,1,2600
100,0.24,-0.53,2,0
100,0.24,-0.54,0,0
100,0.24,-0.54,1,7330
100,0.24,-0.54,2,0
100,0.24,-0.55,0,0
100,0.24,-0.55,1,0
100,0.24,-0.55,2,0
100,0.24,-0.56,0,0
100,0.24,-0.56,1,6200
100,0.24,-0.56,2,0
100,0.24,-0.5700000000000001,0,0
100,0.24,-0.5700000000000001,1,2520
100,0.24,-0.5700000000000001,2,0
100,0.24,-0.5800000000000001,0,0
100,0.24,-0.5800000000000001,1,4830
100,0.24,-0.5800000000000001,2,0
100,0.24,-0.5900000000000001,0,0
100,0.24,-0.5900000000000001,1,0
100,0.24,-0.5900000000000001,2,0
100,0.24,-0.5,0,0
100,0.24,-0.5,1,0
100,0.24,-0.5,2,0
100,0.24,-0.6000000000000001,0,0
100,0.24,-0.6000000000000001,1,0
100,0.24,-0.6000000000000001,2,0
100,0.24,-0.6100000000000001,0,0
100,0.24,-0.6100000000000001,1,0
100,0.24,-0.6100000000000001,2,0
100,0.24,-0.6200000000000001,0,0
100,0.24,-0.6200000000000001,1,0
100,0.24,-0.6200000000000001,2,0
100,0.24,-0.63,0,0
100,0.24,-0.63,1,0
100,0.24,-0.63,2,0
100,0.24,-0.64,0,0
100,0.24,-0.64,1,0
100,0.24,-0.64,2,0
100,0.24,-0.65,0,0
100,0.24,-0.65,1,0
100,0.24,-0.65,2,0
100,0.24,-0.66,0,0
100,0.24,-0.66,1,0
100,0.24,-0.66,2,0
100,0.24,-0.67,0,0
100,0.24,-0.67,1,0
100,0.24,-0.67,2,0
100,0.24,-0.68,0,0
100,0.24,-0.68,1,0
100,0.24,-0.68,2,0
100,0.24,-0.6900000000000001,0,0
100,0.24,-0.6900000000000001,1,0
100,0.24,-0.6900000000000001,2,0
100,0.24,-0.7000000000000001,0,9975
100,0.24,-0.7000000000000001,1,0
100,0.24,-0.7000000000000001,2,0
100,0.24,-0.7100000000000001,0,0
100,0.24,-0.7100000000000001,1,9752
100,0.24,-0.7100000000000001,2,0
100,0.24,-0.7200000000000001,0,0
100,0.24,-0.7200000000000001,1,0
100,0.24,-0.7200000000000001,2,0
100,0.24,-0.73,0,0
100,0.24,-0.73,1,0
100,0.24,-0.73,2,0
100,0.24,-0.74,0,0
100,0.24,-0.74,1,9719
100,0.24,-0.74,2,0
100,0.24,-0.75,0,0
100,0.24,-0.75,1,0
100,0.24,-0.75,2,0
100,0.24,-0.76,0,0
100,0.24,-0.76,1,0
100,0.24,-0.76,2,0
100,0.24,-0.77,0,0
100,0.24,-0.77,1,0
100,0.24,-0.77,2,0
100,0.24,-0.78,0,0
100,0.24,-0.78,1,0
100,0.24,-0.78,2,0
100,0.24,-0.79,0,0
100,0.24,-0.79,1,0
100,0.24,-0.79,2,0
100,0.24,-0.8,0,0
100,0.24,-0.8,1,0
100,0.24,-0.8,2,0
100,0.24,0.010000000000000009,0,4980
100,0.24,0.010000000000000009,1,5640
100,0.24,0.010000000000000009,2,1850
100,0.24,0.020000000000000018,0,2080
100,0.24,0.020000000000000018,1,1920
100,0.24,0.020000000000000018,2,160
100,0.24,0.030000000000000027,0,1370
100,0.24,0.030000000000000027,1,570
100,0.24,0.030000000000000027,2,90
100,0.24,0.039999999999999925,0,1070
100,0.24,0.039999999999999925,1,500
100,0.24,0.039999999999999925,2,50
100,0.24,0.04999999999999993,0,810
100,0.24,0.04999999999999993,1,410
100,0.24,0.04999999999999993,2,20
100,0.24,0.05999999999999994,0,250
100,0.24,0.05999999999999994,1,330
100,0.24,0.05999999999999994,2,10
100,0.24,0.06999999999999995,0,210
100,0.24,0.06999999999999995,1,280
100,0.24,0.06999999999999995,2,10
100,0.24,0.07999999999999996,0,180
100,0.24,0.07999999999999996,1,250
100,0.24,0.07999999999999996,2,10
100,0.24,0.08999999999999997,0,160
100,0.24,0.08999999999999997,1,220
100,0.24,0.08999999999999997,2,0
100,0.24,0.09999999999999998,0,140
100,0.24,0.09999999999999998,1,100
100,0.24,0.09999999999999998,2,0
100,0.24,0.0,0,0
100,0.24,0.0,1,0
100,0.24,0.0,2,0
100,0.24,0.10999999999999999,0,120
100,0.24,0.10999999999999999,1,90
100,0.24,0.10999999999999999,2,0
100,0.24,0.12,0,110
100,0.24,0.12,1,80
100,0.24,0.12,2,0
100,0.24,0.13,0,100
100,0.24,0.13,1,70
100,0.24,0.13,2,0
100,0.24,0.14,0,90
100,0.24,0.14,1,60
100,0.24,0.14,2,0
100,0.24,0.15000000000000002,0,80
100,0.24,0.15000000000000002,1,60
100,0.24,0.15000000000000002,2,0
100,0.24,0.15999999999999992,0,70
100,0.24,0.15999999999999992,1,50
100,0.24,0.15999999999999992,2,0
100,0.24,0.16999999999999993,0,60
100,0.24,0.16999999999999993,1,50
100,0.24,0.16999999999999993,2,0
100,0.24,0.17999999999999994,0,50
100,0.24,0.17999999999999994,1,40
100,0.24,0.17999999999999994,2,0
100,0.24,0.18999999999999995,0,40
100,0.24,0.18999999999999995,1,40
100,0.24,0.18999999999999995,2,0
100,0.24,0.2,0,30
100,0.24,0.2,1,0
100,0.24,0.2,2,0
100,0.25,-0.010000000000000009,0,9953
100,0.25,-0.010000000000000009,1,6210
100,0.25,-0.010000000000000009,2,0
100,0.25,-0.020000000000000018,0,9977
100,0.25,-0.020000000000000018,1,8360
100,0.25,-0.020000000000000018,2,0
100,0.25,-0.030000000000000027,0,9850
100,0.25,-0.030000000000000027,1,480
100,0.25,-0.030000000000000027,2,0
100,0.25,-0.040000000000000036,0,9900
100,0.25,-0.040000000000000036,1,560
100,0.25,-0.040000000000000036,2,0
100,0.25,-0.050000000000000044,0,9940
100,0.25,-0.050000000000000044,1,9850
100,0.25,-0.050000000000000044,2,0
100,0.25,-0.06000000000000005,0,9630
100,0.25,-0.06000000000000005,1,9810
100,0.25,-0.06000000000000005,2,9710
100,0.25,-0.07000000000000006,0,9570
100,0.25,-0.07000000000000006,1,9690
100,0.25,-0.07000000000000006,2,2470
100,0.25,-0.08000000000000007,0,9730
100,0.25,-0.08000000000000007,1,9520
100,0.25,-0.08000000000000007,2,9890
100,0.25,-0.09000000000000008,0,9190
100,0.25,-0.09000000000000008,1,9870
100,0.25,-0.09000000000000008,2,9910
100,0.25,-0.09999999999999998,0,9810
100,0.25,-0.09999999999999998,1,9840
100,0.25,-0.09999999999999998,2,9560
100,0.25,-0.10999999999999999,0,9840
100,0.25,-0.10999999999999999,1,9870
100,0.25,-0.10999999999999999,2,9810
100,0.25,-0.12,0,9760
100,0.25,-0.12,1,9730
100,0.25,-0.12,2,9860
100,0.25,-0.13,0,7940
100,0.25,-0.13,1,9830
100,0.25,-0.13,2,9800
100,0.25,-0.14,0,9719
100,0.25,-0.14,1,9810
100,0.25,-0.14,2,9420
100,0.25,-0.15000000000000002,0,9840
100,0.25,-0.15000000000000002,1,9920
100,0.25,-0.15000000000000002,2,9940
100,0.25,-0.16000000000000003,0,9780
100,0.25,-0.16000000000000003,1,9840
100,0.25,-0.16000000000000003,2,9810
100,0.25,-0.17000000000000004,0,0
100,0.25,-0.17000000000000004,1,9880
100,0.25,-0.17000000000000004,2,9860
100,0.25,-0.18000000000000005,0,0
100,0.25,-0.18000000000000005,1,9510
100,0.25,-0.18000000000000005,2,9840
100,0.25,-0.19000000000000006,0,0
100,0.25,-0.19000000000000006,1,980
100,0.25,-0.19000000000000006,2,9800
100,0.25,-0.20000000000000007,0,9650
100,0.25,-0.20000000000000007,1,5290
100,0.25,-0.20000000000000007,2,110
100,0.25,-0.21000000000000008,0,0
100,0.25,-0.21000000000000008,1,430
100,0.25,-0.21000000000000008,2,0
100,0.25,-0.22000000000000008,0,0
100,0.25,-0.22000000000000008,1,420
100,0.25,-0.22000000000000008,2,5140
100,0.25,-0.22999999999999998,0,0
100,0.25,-0.22999999999999998,1,390
100,0.25,-0.22999999999999998,2,0
100,0.25,-0.24,0,0
100,0.25,-0.24,1,420
100,0.25,-0.24,2,0
100,0.25,-0.25,0,0
100,0.25,-0.25,1,390
100,0.25,-0.25,2,0
100,0.25,-0.26,0,0
100,0.25,-0.26,1,250
100,0.25,-0.26,2,0
100,0.25,-0.27,0,0
100,0.25,-0.27,1,190
100,0.25,-0.27,2,0
100,0.25,-0.28,0,0
100,0.25,-0.28,1,240
100,0.25,-0.28,2,0
100,0.25,-0.29000000000000004,0,0
100,0.25,-0.29000000000000004,1,180
100,0.25,-0.29000000000000004,2,0
100,0.25,-0.30000000000000004,0,0
100,0.25,-0.30000000000000004,1,190
100,0.25,-0.30000000000000004,2,0
100,0.25,-0.31000000000000005,0,0
100,0.25,-0.31000000000000005,1,5670
100,0.25,-0.31000000000000005,2,0
100,0.25,-0.32000000000000006,0,0
100,0.25,-0.32000000000000006,1,180
100,0.25,-0.32000000000000006,2,0
100,0.25,-0.33,0,0
100,0.25,-0.33,1,170
100,0.25,-0.33,2,0
100,0.25,-0.34,0,0
100,0.25,-0.34,1,180
100,0.25,-0.34,2,0
100,0.25,-0.35000000000000003,0,0
100,0.25,-0.35000000000000003,1,170
100,0.25,-0.35000000000000003,2,0
100,0.25,-0.36000000000000004,0,0
100,0.25,-0.36000000000000004,1,170
100,0.25,-0.36000000000000004,2,0
100,0.25,-0.37000000000000005,0,0
100,0.25,-0.37000000000000005,1,0
100,0.25,-0.37000000000000005,2,0
100,0.25,-0.38000000000000006,0,0
100,0.25,-0.38000000000000006,1,0
100,0.25,-0.38000000000000006,2,0
100,0.25,-0.39,0,0
100,0.25,-0.39,1,9873
100,0.25,-0.39,2,0
100,0.25,-0.41000000000000003,0,0
100,0.25,-0.41000000000000003,1,0
100,0.25,-0.41000000000000003,2,0
100,0.25,-0.42000000000000004,0,0
100,0.25,-0.42000000000000004,1,0
100,0.25,-0.42000000000000004,2,0
100,0.25,-0.43000000000000005,0,0
100,0.25,-0.43000000000000005,1,6550
100,0.25,-0.43000000000000005,2,0
100,0.25,-0.44000000000000006,0,0
100,0.25,-0.44000000000000006,1,0
100,0.25,-0.44000000000000006,2,0
100,0.25,-0.45,0,0
100,0.25,-0.45,1,6810
100,0.25,-0.45,2,0
100,0.25,-0.46,0,0
100,0.25,-0.46,1,0
100,0.25,-0.46,2,0
100,0.25,-0.47000000000000003,0,0
100,0.25,-0.47000000000000003,1,0
100,0.25,-0.47000000000000003,2,0
100,0.25,-0.48000000000000004,0,0
100,0.25,-0.48000000000000004,1,0
100,0.25,-0.48000000000000004,2,0
100,0.25,-0.49000000000000005,0,0
100,0.25,-0.49000000000000005,1,7630
100,0.25,-0.49000000000000005,2,0
100,0.25,-0.4,0,0
100,0.25,-0.4,1,0
100,0.25,-0.4,2,0
100,0.25,-0.51,0,0
100,0.25,-0.51,1,0
100,0.25,-0.51,2,0
100,0.25,-0.52,0,0
100,0.25,-0.52,1,0
100,0.25,-0.52,2,0
100,0.25,-0.53,0,0
100,0.25,-0.53,1,2260
100,0.25,-0.53,2,0
100,0.25,-0.54,0,0
100,0.25,-0.54,1,0
100,0.25,-0.54,2,0
100,0.25,-0.55,0,0
100,0.25,-0.55,1,2390
100,0.25,-0.55,2,0
100,0.25,-0.56,0,0
100,0.25,-0.56,1,5400
100,0.25,-0.56,2,0
100,0.25,-0.5700000000000001,0,0
100,0.25,-0.5700000000000001,1,2170
100,0.25,-0.5700000000000001,2,0
100,0.25,-0.5800000000000001,0,0
100,0.25,-0.5800000000000001,1,9863
100,0.25,-0.5800000000000001,2,0
100,0.25,-0.5900000000000001,0,0
100,0.25,-0.5900000000000001,1,2140
100,0.25,-0.5900000000000001,2,0
100,0.25,-0.5,0,0
100,0.25,-0.5,1,9844
100,0.25,-0.5,2,0
100,0.25,-0.6000000000000001,0,0
100,0.25,-0.6000000000000001,1,0
100,0.25,-0.6000000000000001,2,0
100,0.25,-0.6100000000000001,0,0
100,0.25,-0.6100000000000001,1,0
100,0.25,-0.6100000000000001,2,0
100,0.25,-0.6200000000000001,0,0
100,0.25,-0.6200000000000001,1,0
100,0.25,-0.6200000000000001,2,0
100,0.25,-0.63,0,0
100,0.25,-0.63,1,0
100,0.25,-0.63,2,0
100,0.25,-0.64,0,0
100,0.25,-0.64,1,0
100,0.25,-0.64,2,0
100,0.25,-0.65,0,0
100,0.25,-0.65,1,0
100,0.25,-0.65,2,0
100,0.25,-0.66,0,0
100,0.25,-0.66,1,0
100,0.25,-0.66,2,0
100,0.25,-0.67,0,0
100,0.25,-0.67,1,0
100,0.25,-0.67,2,0
100,0.25,-0.68,0,0
100,0.25,-0.68,1,0
100,0.25,-0.68,2,0
100,0.25,-0.6900000000000001,0,0
100,0.25,-0.6900000000000001,1,0
100,0.25,-0.6900000000000001,2,0
100,0.25,-0.7000000000000001,0,0
100,0.25,-0.7000000000000001,1,0
100,0.25,-0.7000000000000001,2,0
100,0.25,-0.7100000000000001,0,0
100,0.25,-0.7100000000000001,1,0
100,0.25,-0.7100000000000001,2,0
100,0.25,-0.7200000000000001,0,0
100,0.25,-0.7200000000000001,1,9983
100,0.25,-0.7200000000000001,2,0
100,0.25,-0.73,0,0
100,0.25,-0.73,1,0
100,0.25,-0.73,2,0
100,0.25,-0.74,0,0
100,0.25,-0.74,1,0
100,0.25,-0.74,2,0
100,0.25,-0.75,0,0
100,0.25,-0.75,1,3280
100,0.25,-0.75,2,0
100,0.25,-0.76,0,0
100,0.25,-0.76,1,0
100,0.25,-0.76,2,0
100,0.25,-0.77,0,0
100,0.25,-0.77,1,0
100,0.25,-0.77,2,0
100,0.25,-0.78,0,0
100,0.25,-0.78,1,3880
100,0.25,-0.78,2,0
100,0.25,-0.79,0,0
100,0.25,-0.79,1,1150
100,0.25,-0.79,2,0
100,0.25,-0.8,0,0
100,0.25,-0.8,1,6430
100,0.25,-0.8,2,0
100,0.25,0.010000000000000009,0,5580
100,0.25,0.010000000000000009,1,5550
100,0.25,0.010000000000000009,2,1860
100,0.25,0.020000000000000018,0,2070
100,0.25,0.020000000000000018,1,1920
100,0.25,0.020000000000000018,2,160
100,0.25,0.030000000000000027,0,1360
100,0.25,0.030000000000000027,1,550
100,0.25,0.030000000000000027,2,80
100,0.25,0.039999999999999925,0,1040
100,0.25,0.039999999999999925,1,480
100,0.25,0.039999999999999925,2,50
100,0.25,0.04999999999999993,0,800
100,0.25,0.04999999999999993,1,400
100,0.25,0.04999999999999993,2,30
100,0.25,0.05999999999999994,0,240
100,0.25,0.05999999999999994,1,330
100,0.25,0.05999999999999994,2,20
100,0.25,0.06999999999999995,0,200
100,0.25,0.06999999999999995,1,280
100,0.25,0.06999999999999995,2,10
100,0.25,0.07999999999999996,0,180
100,0.25,0.07999999999999996,1,240
100,0.25,0.07999999999999996,2,10
100,0.25,0.08999999999999997,0,160
100,0.25,0.08999999999999997,1,220
100,0.25,0.08999999999999997,2,0
100,0.25,0.09999999999999998,0,140
100,0.25,0.09999999999999998,1,100
100,0.25,0.09999999999999998,2,0
100,0.25,0.0,0,0
100,0.25,0.0,1,0
100,0.25,0.0,2,0
100,0.25,0.10999999999999999,0,120
100,0.25,0.10999999999999999,1,90
100,0.25,0.10999999999999999,2,0
100,0.25,0.12,0,110
100,0.25,0.12,1,80
100,0.25,0.12,2,0
100,0.25,0.13,0,100
100,0.25,0.13,1,70
100,0.25,0.13,2,0
100,0.25,0.14,0,90
100,0.25,0.14,1,60
100,0.25,0.14,2,0
100,0.25,0.15000000000000002,0,80
100,0.25,0.15000000000000002,1,60
100,0.25,0.15000000000000002,2,0
100,0.25,0.15999999999999992,0,70
100,0.25,0.15999999999999992,1,50
100,0.25,0.15999999999999992,2,0
100,0.25,0.16999999999999993,0,60
100,0.25,0.16999999999999993,1,50
100,0.25,0.16999999999999993,2,0
100,0.25,0.17999999999999994,0,50
100,0.25,0.17999999999999994,1,40
100,0.25,0.17999999999999994,2,0
100,0.25,0.18999999999999995,0,40
100,0.25,0.18999999999999995,1,40
100,0.25,0.18999999999999995,2,0
100,0.25,0.2,0,40
100,0.25,0.2,1,0
100,0.25,0.2,2,0
100,0.26,-0.010000000000000009,0,210
100,0.26,-0.010000000000000009,1,9714
100,0.26,-0.010000000000000009,2,0
100,0.26,-0.020000000000000018,0,9920
100,0.26,-0.020000000000000018,1,6720
100,0.26,-0.020000000000000018,2,0
100,0.26,-0.030000000000000027,0,9630
100,0.26,-0.030000000000000027,1,9360
100,0.26,-0.030000000000000027,2,0
100,0.26,-0.040000000000000036,0,9220
100,0.26,-0.040000000000000036,1,9880
100,0.26,-0.040000000000000036,2,0
100,0.26,-0.050000000000000044,0,270
100,0.26,-0.050000000000000044,1,9760
100,0.26,-0.050000000000000044,2,8750
100,0.26,-0.06000000000000005,0,9020
100,0.26,-0.06000000000000005,1,9410
100,0.26,-0.06000000000000005,2,9920
100,0.26,-0.07000000000000006,0,9800
100,0.26,-0.07000000000000006,1,8530
100,0.26,-0.07000000000000006,2,9940
100,0.26,-0.08000000000000007,0,9110
100,0.26,-0.08000000000000007,1,9240
100,0.26,-0.08000000000000007,2,9920
100,0.26,-0.09000000000000008,0,9920
100,0.26,-0.09000000000000008,1,9850
100,0.26,-0.09000000000000008,2,9910
100,0.26,-0.09999999999999998,0,9730
100,0.26,-0.09999999999999998,1,9930
100,0.26,-0.09999999999999998,2,9310
100,0.26,-0.10999999999999999,0,9580
100,0.26,-0.10999999999999999,1,9780
100,0.26,-0.10999999999999999,2,9850
100,0.26,-0.12,0,9830
100,0.26,-0.12,1,9920
100,0.26,-0.12,2,9920
100,0.26,-0.13,0,9730
100,0.26,-0.13,1,9900
100,0.26,-0.13,2,9910
100,0.26,-0.14,0,9750
100,0.26,-0.14,1,9780
100,0.26,-0.14,2,7360
100,0.26,-0.15000000000000002,0,9870
100,0.26,-0.15000000000000002,1,7330
100,0.26,-0.15000000000000002,2,9900
100,0.26,-0.16000000000000003,0,9850
100,0.26,-0.16000000000000003,1,9890
100,0.26,-0.16000000000000003,2,9910
100,0.26,-0.17000000000000004,0,9900
100,0.26,-0.17000000000000004,1,9920
100,0.26,-0.17000000000000004,2,9920
100,0.26,-0.18000000000000005,0,9726
100,0.26,-0.18000000000000005,1,9790
100,0.26,-0.18000000000000005,2,9870
100,0.26,-0.19000000000000006,0,8700
100,0.26,-0.19000000000000006,1,9530
100,0.26,-0.19000000000000006,2,9830
100,0.26,-0.20000000000000007,0,7670
100,0.26,-0.20000000000000007,1,9610
100,0.26,-0.20000000000000007,2,2800
100,0.26,-0.21000000000000008,0,9640
100,0.26,-0.21000000000000008,1,1500
100,0.26,-0.21000000000000008,2,6540
100,0.26,-0.22000000000000008,0,0
100,0.26,-0.22000000000000008,1,6710
100,0.26,-0.22000000000000008,2,9800
100,0.26,-0.22999999999999998,0,0
100,0.26,-0.22999999999999998,1,390
100,0.26,-0.22999999999999998,2,2070
100,0.26,-0.24,0,0
100,0.26,-0.24,1,400
100,0.26,-0.24,2,0
100,0.26,-0.25,0,0
100,0.26,-0.25,1,9080
100,0.26,-0.25,2,0
100,0.26,-0.26,0,0
100,0.26,-0.26,1,280
100,0.26,-0.26,2,0
100,0.26,-0.27,0,0
100,0.26,-0.27,1,360
100,0.26,-0.27,2,0
100,0.26,-0.28,0,0
100,0.26,-0.28,1,250
100,0.26,-0.28,2,0
100,0.26,-0.29000000000000004,0,0
100,0.26,-0.29000000000000004,1,190
100,0.26,-0.29000000000000004,2,0
100,0.26,-0.30000000000000004,0,0
100,0.26,-0.30000000000000004,1,190
100,0.26,-0.30000000000000004,2,0
100,0.26,-0.31000000000000005,0,0
100,0.26,-0.31000000000000005,1,170
100,0.26,-0.31000000000000005,2,0
100,0.26,-0.32000000000000006,0,0
100,0.26,-0.32000000000000006,1,180
100,0.26,-0.32000000000000006,2,0
100,0.26,-0.33,0,0
100,0.26,-0.33,1,360
100,0.26,-0.33,2,0
100,0.26,-0.34,0,0
100,0.26,-0.34,1,6150
100,0.26,-0.34,2,0
100,0.26,-0.35000000000000003,0,0
100,0.26,-0.35000000000000003,1,180
100,0.26,-0.35000000000000003,2,0
100,0.26,-0.36000000000000004,0,0
100,0.26,-0.36000000000000004,1,170
100,0.26,-0.36000000000000004,2,0
100,0.26,-0.37000000000000005,0,0
100,0.26,-0.37000000000000005,1,9897
100,0.26,-0.37000000000000005,2,0
100,0.26,-0.38000000000000006,0,0
100,0.26,-0.38000000000000006,1,9830
100,0.26,-0.38000000000000006,2,0
100,0.26,-0.39,0,0
100,0.26,-0.39,1,0
100,0.26,-0.39,2,0
100,0.26,-0.41000000000000003,0,0
100,0.26,-0.41000000000000003,1,0
100,0.26,-0.41000000000000003,2,0
100,0.26,-0.42000000000000004,0,0
100,0.26,-0.42000000000000004,1,5230
100,0.26,-0.42000000000000004,2,0
100,0.26,-0.43000000000000005,0,0
100,0.26,-0.43000000000000005,1,210
100,0.26,-0.43000000000000005,2,0
100,0.26,-0.44000000000000006,0,0
100,0.26,-0.44000000000000006,1,2610
100,0.26,-0.44000000000000006,2,0
100,0.26,-0.45,0,0
100,0.26,-0.45,1,9953
100,0.26,-0.45,2,0
100,0.26,-0.46,0,0
100,0.26,-0.46,1,9846
100,0.26,-0.46,2,0
100,0.26,-0.47000000000000003,0,0
100,0.26,-0.47000000000000003,1,9701
100,0.26,-0.47000000000000003,2,0
100,0.26,-0.48000000000000004,0,0
100,0.26,-0.48000000000000004,1,9951
100,0.26,-0.48000000000000004,2,0
100,0.26,-0.49000000000000005,0,0
100,0.26,-0.49000000000000005,1,0
100,0.26,-0.49000000000000005,2,0
100,0.26,-0.4,0,0
100,0.26,-0.4,1,0
100,0.26,-0.4,2,0
100,0.26,-0.51,0,0
100,0.26,-0.51,1,0
100,0.26,-0.51,2,0
100,0.26,-0.52,0,0
100,0.26,-0.52,1,9650
100,0.26,-0.52,2,0
100,0.26,-0.53,0,0
100,0.26,-0.53,1,4610
100,0.26,-0.53,2,0
100,0.26,-0.54,0,0
100,0.26,-0.54,1,0
100,0.26,-0.54,2,0
100,0.26,-0.55,0,0
100,0.26,-0.55,1,9865
100,0.26,-0.55,2,0
100,0.26,-0.56,0,0
100,0.26,-0.56,1,9883
100,0.26,-0.56,2,0
100,0.26,-0.5700000000000001,0,0
100,0.26,-0.5700000000000001,1,2350
100,0.26,-0.5700000000000001,2,0
100,0.26,-0.5800000000000001,0,0
100,0.26,-0.5800000000000001,1,5610
100,0.26,-0.5800000000000001,2,0
100,0.26,-0.5900000000000001,0,0
100,0.26,-0.5900000000000001,1,2130
100,0.26,-0.5900000000000001,2,0
100,0.26,-0.5,0,0
100,0.26,-0.5,1,9886
100,0.26,-0.5,2,0
100,0.26,-0.6000000000000001,0,0
100,0.26,-0.6000000000000001,1,2090
100,0.26,-0.6000000000000001,2,0
100,0.26,-0.6100000000000001,0,0
100,0.26,-0.6100000000000001,1,2030
100,0.26,-0.6100000000000001,2,0
100,0.26,-0.6200000000000001,0,0
100,0.26,-0.6200000000000001,1,2030
100,0.26,-0.6200000000000001,2,0
100,0.26,-0.63,0,0
100,0.26,-0.63,1,0
100,0.26,-0.63,2,0
100,0.26,-0.64,0,0
100,0.26,-0.64,1,2300
100,0.26,-0.64,2,0
100,0.26,-0.65,0,0
100,0.26,-0.65,1,0
100,0.26,-0.65,2,0
100,0.26,-0.66,0,0
100,0.26,-0.66,1,5120
100,0.26,-0.66,2,0
100,0.26,-0.67,0,0
100,0.26,-0.67,1,0
100,0.26,-0.67,2,0
100,0.26,-0.68,0,0
100,0.26,-0.68,1,0
100,0.26,-0.68,2,0
100,0.26,-0.6900000000000001,0,0
100,0.26,-0.6900000000000001,1,0
100,0.26,-0.6900000000000001,2,0
100,0.26,-0.7000000000000001,0,0
100,0.26,-0.7000000000000001,1,0
100,0.26,-0.7000000000000001,2,0
100,0.26,-0.7100000000000001,0,0
100,0.26,-0.7100000000000001,1,0
100,0.26,-0.7100000000000001,2,0
100,0.26,-0.7200000000000001,0,0
100,0.26,-0.7200000000000001,1,9969
100,0.26,-0.7200000000000001,2,0
100,0.26,-0.73,0,0
100,0.26,-0.73,1,8740
100,0.26,-0.73,2,0
100,0.26,-0.74,0,0
100,0.26,-0.74,1,9880
100,0.26,-0.74,2,0
100,0.26,-0.75,0,0
100,0.26,-0.75,1,5420
100,0.26,-0.75,2,0
100,0.26,-0.76,0,0
100,0.26,-0.76,1,0
100,0.26,-0.76,2,0
100,0.26,-0.77,0,0
100,0.26,-0.77,1,6230
100,0.26,-0.77,2,0
100,0.26,-0.78,0,0
100,0.26,-0.78,1,4260
100,0.26,-0.78,2,0
100,0.26,-0.79,0,0
100,0.26,-0.79,1,5480
100,0.26,-0.79,2,0
100,0.26,-0.8,0,0
100,0.26,-0.8,1,6780
100,0.26,-0.8,2,0
100,0.26,0.010000000000000009,0,5630
100,0.26,0.010000000000000009,1,5620
100,0.26,0.010000000000000009,2,1860
100,0.26,0.020000000000000018,0,2050
100,0.26,0.020000000000000018,1,1950
100,0.26,0.020000000000000018,2,160
100,0.26,0.030000000000000027,0,1350
100,0.26,0.030000000000000027,1,990
100,0.26,0.030000000000000027,2,80
100,0.26,0.039999999999999925,0,1010
100,0.26,0.039999999999999925,1,450
100,0.26,0.039999999999999925,2,50
100,0.26,0.04999999999999993,0,780
100,0.26,0.04999999999999993,1,400
100,0.26,0.04999999999999993,2,30
100,0.26,0.05999999999999994,0,230
100,0.26,0.05999999999999994,1,320
100,0.26,0.05999999999999994,2,20
100,0.26,0.06999999999999995,0,200
100,0.26,0.06999999999999995,1,270
100,0.26,0.06999999999999995,2,10
100,0.26,0.07999999999999996,0,170
100,0.26,0.07999999999999996,1,240
100,0.26,0.07999999999999996,2,10
100,0.26,0.08999999999999997,0,150
100,0.26,0.08999999999999997,1,210
100,0.26,0.08999999999999997,2,10
100,0.26,0.09999999999999998,0,130
100,0.26,0.09999999999999998,1,100
100,0.26,0.09999999999999998,2,0
100,0.26,0.0,0,0
100,0.26,0.0,1,0
100,0.26,0.0,2,0
100,0.26,0.10999999999999999,0,120
100,0.26,0.10999999999999999,1,90
100,0.26,0.10999999999999999,2,0
100,0.26,0.12,0,110
100,0.26,0.12,1,80
100,0.26,0.12,2,0
100,0.26,0.13,0,100
100,0.26,0.13,1,70
100,0.26,0.13,2,0
100,0.26,0.14,0,90
100,0.26,0.14,1,60
100,0.26,0.14,2,0
100,0.26,0.15000000000000002,0,80
100,0.26,0.15000000000000002,1,60
100,0.26,0.15000000000000002,2,0
100,0.26,0.15999999999999992,0,70
100,0.26,0.15999999999999992,1,50
100,0.26,0.15999999999999992,2,0
100,0.26,0.16999999999999993,0,60
100,0.26,0.16999999999999993,1,50
100,0.26,0.16999999999999993,2,0
100,0.26,0.17999999999999994,0,50
100,0.26,0.17999999999999994,1,40
100,0.26,0.17999999999999994,2,0
100,0.26,0.18999999999999995,0,40
100,0.26,0.18999999999999995,1,0
100,0.26,0.18999999999999995,2,0
100,0.26,0.2,0,40
100,0.26,0.2,1,0
100,0.26,0.2,2,0
100,0.27,-0.010000000000000009,0,180
100,0.27,-0.010000000000000009,1,310
100,0.27,-0.010000000000000009,2,0
100,0.27,-0.020000000000000018,0,230
100,0.27,-0.020000000000000018,1,6960
100,0.27,-0.020000000000000018,2,9900
100,0.27,-0.030000000000000027,0,9770
100,0.27,-0.030000000000000027,1,430
100,0.27,-0.030000000000000027,2,0
100,0.27,-0.040000000000000036,0,9140
100,0.27,-0.040000000000000036,1,8170
100,0.27,-0.040000000000000036,2,8150
100,0.27,-0.050000000000000044,0,9640
100,0.27,-0.050000000000000044,1,6920
100,0.27,-0.050000000000000044,2,0
100,0.27,-0.06000000000000005,0,9830
100,0.27,-0.06000000000000005,1,9840
100,0.27,-0.06000000000000005,2,0
100,0.27,-0.07000000000000006,0,9730
100,0.27,-0.07000000000000006,1,9350
100,0.27,-0.07000000000000006,2,9870
100,0.27,-0.08000000000000007,0,9940
100,0.27,-0.08000000000000007,1,9620
100,0.27,-0.08000000000000007,2,9940
100,0.27,-0.09000000000000008,0,9930
100,0.27,-0.09000000000000008,1,9770
100,0.27,-0.09000000000000008,2,9870
100,0.27,-0.09999999999999998,0,9670
100,0.27,-0.09999999999999998,1,9630
100,0.27,-0.09999999999999998,2,9890
100,0.27,-0.10999999999999999,0,9730
100,0.27,-0.10999999999999999,1,9720
100,0.27,-0.10999999999999999,2,9880
100,0.27,-0.12,0,9920
100,0.27,-0.12,1,9920
100,0.27,-0.12,2,9680
100,0.27,-0.13,0,9640
100,0.27,-0.13,1,9730
100,0.27,-0.13,2,9870
100,0.27,-0.14,0,9660
100,0.27,-0.14,1,9720
100,0.27,-0.14,2,9720
100,0.27,-0.15000000000000002,0,9830
100,0.27,-0.15000000000000002,1,9920
100,0.27,-0.15000000000000002,2,9820
100,0.27,-0.16000000000000003,0,9880
100,0.27,-0.16000000000000003,1,9680
100,0.27,-0.16000000000000003,2,9890
100,0.27,-0.17000000000000004,0,9840
100,0.27,-0.17000000000000004,1,9810
100,0.27,-0.17000000000000004,2,9830
100,0.27,-0.18000000000000005,0,9850
100,0.27,-0.18000000000000005,1,8200
100,0.27,-0.18000000000000005,2,9390
100,0.27,-0.19000000000000006,0,9690
100,0.27,-0.19000000000000006,1,9920
100,0.27,-0.19000000000000006,2,9870
100,0.27,-0.20000000000000007,0,0
100,0.27,-0.20000000000000007,1,890
100,0.27,-0.20000000000000007,2,4990
100,0.27,-0.21000000000000008,0,9550
100,0.27,-0.21000000000000008,1,9930
100,0.27,-0.21000000000000008,2,1240
100,0.27,-0.22000000000000008,0,0
100,0.27,-0.22000000000000008,1,9670
100,0.27,-0.22000000000000008,2,3340
100,0.27,-0.22999999999999998,0,0
100,0.27,-0.22999999999999998,1,9850
100,0.27,-0.22999999999999998,2,9949
100,0.27,-0.24,0,0
100,0.27,-0.24,1,410
100,0.27,-0.24,2,0
100,0.27,-0.25,0,0
100,0.27,-0.25,1,420
100,0.27,-0.25,2,0
100,0.27,-0.26,0,0
100,0.27,-0.26,1,670
100,0.27,-0.26,2,0
100,0.27,-0.27,0,0
100,0.27,-0.27,1,340
100,0.27,-0.27,2,0
100,0.27,-0.28,0,0
100,0.27,-0.28,1,9560
100,0.27,-0.28,2,0
100,0.27,-0.29000000000000004,0,0
100,0.27,-0.29000000000000004,1,240
100,0.27,-0.29000000000000004,2,0
100,0.27,-0.30000000000000004,0,0
100,0.27,-0.30000000000000004,1,210
100,0.27,-0.30000000000000004,2,0
100,0.27,-0.31000000000000005,0,0
100,0.27,-0.31000000000000005,1,170
100,0.27,-0.31000000000000005,2,0
100,0.27,-0.32000000000000006,0,0
100,0.27,-0.32000000000000006,1,170
100,0.27,-0.32000000000000006,2,0
100,0.27,-0.33,0,0
100,0.27,-0.33,1,9788
100,0.27,-0.33,2,0
100,0.27,-0.34,0,0
100,0.27,-0.34,1,210
100,0.27,-0.34,2,0
100,0.27,-0.35000000000000003,0,0
100,0.27,-0.35000000000000003,1,9897
100,0.27,-0.35000000000000003,2,0
100,0.27,-0.36000000000000004,0,0
100,0.27,-0.36000000000000004,1,0
100,0.27,-0.36000000000000004,2,0
100,0.27,-0.37000000000000005,0,0
100,0.27,-0.37000000000000005,1,0
100,0.27,-0.37000000000000005,2,0
100,0.27,-0.38000000000000006,0,0
100,0.27,-0.38000000000000006,1,170
100,0.27,-0.38000000000000006,2,0
100,0.27,-0.39,0,0
100,0.27,-0.39,1,3980
100,0.27,-0.39,2,0
100,0.27,-0.41000000000000003,0,0
100,0.27,-0.41000000000000003,1,0
100,0.27,-0.41000000000000003,2,0
100,0.27,-0.42000000000000004,0,0
100,0.27,-0.42000000000000004,1,0
100,0.27,-0.42000000000000004,2,0
100,0.27,-0.43000000000000005,0,0
100,0.27,-0.43000000000000005,1,1130
100,0.27,-0.43000000000000005,2,0
100,0.27,-0.44000000000000006,0,0
100,0.27,-0.44000000000000006,1,0
100,0.27,-0.44000000000000006,2,0
100,0.27,-0.45,0,0
100,0.27,-0.45,1,0
100,0.27,-0.45,2,0
100,0.27,-0.46,0,0
100,0.27,-0.46,1,0
100,0.27,-0.46,2,0
100,0.27,-0.47000000000000003,0,0
100,0.27,-0.47000000000000003,1,0
100,0.27,-0.47000000000000003,2,0
100,0.27,-0.48000000000000004,0,0
100,0.27,-0.48000000000000004,1,9926
100,0.27,-0.48000000000000004,2,0
100,0.27,-0.49000000000000005,0,0
100,0.27,-0.49000000000000005,1,9786
100,0.27,-0.49000000000000005,2,0
100,0.27,-0.4,0,0
100,0.27,-0.4,1,0
100,0.27,-0.4,2,0
100,0.27,-0.51,0,0
100,0.27,-0.51,1,0
100,0.27,-0.51,2,0
100,0.27,-0.52,0,0
100,0.27,-0.52,1,5560
100,0.27,-0.52,2,0
100,0.27,-0.53,0,0
100,0.27,-0.53,1,0
100,0.27,-0.53,2,0
100,0.27,-0.54,0,0
100,0.27,-0.54,1,0
100,0.27,-0.54,2,0
100,0.27,-0.55,0,0
100,0.27,-0.55,1,0
100,0.27,-0.55,2,0
100,0.27,-0.56,0,0
100,0.27,-0.56,1,7270
100,0.27,-0.56,2,0
100,0.27,-0.5700000000000001,0,0
100,0.27,-0.5700000000000001,1,4770
100,0.27,-0.5700000000000001,2,0
100,0.27,-0.5800000000000001,0,0
100,0.27,-0.5800000000000001,1,0
100,0.27,-0.5800000000000001,2,0
100,0.27,-0.5900000000000001,0,0
100,0.27,-0.5900000000000001,1,0
100,0.27,-0.5900000000000001,2,0
100,0.27,-0.5,0,0
100,0.27,-0.5,1,8960
100,0.27,-0.5,2,0
100,0.27,-0.6000000000000001,0,0
100,0.27,-0.6000000000000001,1,9901
100,0.27,-0.6000000000000001,2,0
100,0.27,-0.6100000000000001,0,0
100,0.27,-0.6100000000000001,1,0
100,0.27,-0.6100000000000001,2,0
100,0.27,-0.6200000000000001,0,0
100,0.27,-0.6200000000000001,1,0
100,0.27,-0.6200000000000001,2,0
100,0.27,-0.63,0,0
100,0.27,-0.63,1,0
100,0.27,-0.63,2,0
100,0.27,-0.64,0,0
100,0.27,-0.64,1,0
100,0.27,-0.64,2,0
100,0.27,-0.65,0,0
100,0.27,-0.65,1,0
100,0.27,-0.65,2,0
100,0.27,-0.66,0,0
100,0.27,-0.66,1,0
100,0.27,-0.66,2,0
100,0.27,-0.67,0,0
100,0.27,-0.67,1,0
100,0.27,-0.67,2,0
100,0.27,-0.68,0,0
100,0.27,-0.68,1,9969
100,0.27,-0.68,2,0
100,0.27,-0.6900000000000001,0,0
100,0.27,-0.6900000000000001,1,4090
100,0.27,-0.6900000000000001,2,0
100,0.27,-0.7000000000000001,0,0
100,0.27,-0.7000000000000001,1,8480
100,0.27,-0.7000000000000001,2,0
100,0.27,-0.7100000000000001,0,0
100,0.27,-0.7100000000000001,1,0
100,0.27,-0.7100000000000001,2,0
100,0.27,-0.7200000000000001,0,0
100,0.27,-0.7200000000000001,1,0
100,0.27,-0.7200000000000001,2,0
100,0.27,-0.73,0,0
100,0.27,-0.73,1,0
100,0.27,-0.73,2,0
100,0.27,-0.74,0,0
100,0.27,-0.74,1,0
100,0.27,-0.74,2,0
100,0.27,-0.75,0,0
100,0.27,-0.75,1,0
100,0.27,-0.75,2,0
100,0.27,-0.76,0,0
100,0.27,-0.76,1,0
100,0.27,-0.76,2,0
100,0.27,-0.77,0,0
100,0.27,-0.77,1,4890
100,0.27,-0.77,2,0
100,0.27,-0.78,0,0
100,0.27,-0.78,1,0
100,0.27,-0.78,2,0
100,0.27,-0.79,0,0
100,0.27,-0.79,1,0
100,0.27,-0.79,2,0
100,0.27,-0.8,0,0
100,0.27,-0.8,1,0
100,0.27,-0.8,2,0
100,0.27,0.010000000000000009,0,5650
100,0.27,0.010000000000000009,1,5600
100,0.27,0.010000000000000009,2,1870
100,0.27,0.020000000000000018,0,2060
100,0.27,0.020000000000000018,1,1940
100,0.27,0.020000000000000018,2,150
100,0.27,0.030000000000000027,0,1380
100,0.27,0.030000000000000027,1,1020
100,0.27,0.030000000000000027,2,80
100,0.27,0.039999999999999925,0,1010
100,0.27,0.039999999999999925,1,430
100,0.27,0.039999999999999925,2,50
100,0.27,0.04999999999999993,0,770
100,0.27,0.04999999999999993,1,390
100,0.27,0.04999999999999993,2,30
100,0.27,0.05999999999999994,0,230
100,0.27,0.05999999999999994,1,320
100,0.27,0.05999999999999994,2,20
100,0.27,0.06999999999999995,0,190
100,0.27,0.06999999999999995,1,270
100,0.27,0.06999999999999995,2,10
100,0.27,0.07999999999999996,0,170
100,0.27,0.07999999999999996,1,240
100,0.27,0.07999999999999996,2,10
100,0.27,0.08999999999999997,0,150
100,0.27,0.08999999999999997,1,210
100,0.27,0.08999999999999997,2,10
100,0.27,0.09999999999999998,0,130
100,0.27,0.09999999999999998,1,100
100,0.27,0.09999999999999998,2,0
100,0.27,0.0,0,0
100,0.27,0.0,1,0
100,0.27,0.0,2,0
100,0.27,0.10999999999999999,0,120
100,0.27,0.10999999999999999,1,80
100,0.27,0.10999999999999999,2,0
100,0.27,0.12,0,100
100,0.27,0.12,1,80
100,0.27,0.12,2,0
100,0.27,0.13,0,100
100,0.27,0.13,1,70
100,0.27,0.13,2,0
100,0.27,0.14,0,90
100,0.27,0.14,1,60
100,0.27,0.14,2,0
100,0.27,0.15000000000000002,0,80
100,0.27,0.15000000000000002,1,60
100,0.27,0.15000000000000002,2,0
100,0.27,0.15999999999999992,0,70
100,0.27,0.15999999999999992,1,50
100,0.27,0.15999999999999992,2,0
100,0.27,0.16999999999999993,0,60
100,0.27,0.16999999999999993,1,50
100,0.27,0.16999999999999993,2,0
100,0.27,0.17999999999999994,0,50
100,0.27,0.17999999999999994,1,40
100,0.27,0.17999999999999994,2,0
100,0.27,0.18999999999999995,0,40
100,0.27,0.18999999999999995,1,0
100,0.27,0.18999999999999995,2,0
100,0.27,0.2,0,40
100,0.27,0.2,1,0
100,0.27,0.2,2,0
100,0.28,-0.010000000000000009,0,170
100,0.28,-0.010000000000000009,1,9860
100,0.28,-0.010000000000000009,2,0
100,0.28,-0.020000000000000018,0,5310
100,0.28,-0.020000000000000018,1,380
100,0.28,-0.020000000000000018,2,0
100,0.28,-0.030000000000000027,0,230
100,0.28,-0.030000000000000027,1,7330
100,0.28,-0.030000000000000027,2,0
100,0.28,-0.040000000000000036,0,8680
100,0.28,-0.040000000000000036,1,430
100,0.28,-0.040000000000000036,2,0
100,0.28,-0.050000000000000044,0,5560
100,0.28,-0.050000000000000044,1,9860
100,0.28,-0.050000000000000044,2,9820
100,0.28,-0.06000000000000005,0,8920
100,0.28,-0.06000000000000005,1,9770
100,0.28,-0.06000000000000005,2,9810
100,0.28,-0.07000000000000006,0,9880
100,0.28,-0.07000000000000006,1,9800
100,0.28,-0.07000000000000006,2,9600
100,0.28,-0.08000000000000007,0,9710
100,0.28,-0.08000000000000007,1,9280
100,0.28,-0.08000000000000007,2,9120
100,0.28,-0.09000000000000008,0,9860
100,0.28,-0.09000000000000008,1,9160
100,0.28,-0.09000000000000008,2,4670
100,0.28,-0.09999999999999998,0,9490
100,0.28,-0.09999999999999998,1,9910
100,0.28,-0.09999999999999998,2,9080
100,0.28,-0.10999999999999999,0,9470
100,0.28,-0.10999999999999999,1,9850
100,0.28,-0.10999999999999999,2,9890
100,0.28,-0.12,0,9660
100,0.28,-0.12,1,9850
100,0.28,-0.12,2,9870
100,0.28,-0.13,0,9750
100,0.28,-0.13,1,8920
100,0.28,-0.13,2,9590
100,0.28,-0.14,0,9890
100,0.28,-0.14,1,9780
100,0.28,-0.14,2,9770
100,0.28,-0.15000000000000002,0,9160
100,0.28,-0.15000000000000002,1,9860
100,0.28,-0.15000000000000002,2,9830
100,0.28,-0.16000000000000003,0,9920
100,0.28,-0.16000000000000003,1,9950
100,0.28,-0.16000000000000003,2,9900
100,0.28,-0.17000000000000004,0,9810
100,0.28,-0.17000000000000004,1,9950
100,0.28,-0.17000000000000004,2,6530
100,0.28,-0.18000000000000005,0,9880
100,0.28,-0.18000000000000005,1,9532
100,0.28,-0.18000000000000005,2,9920
100,0.28,-0.19000000000000006,0,9800
100,0.28,-0.19000000000000006,1,8070
100,0.28,-0.19000000000000006,2,9720
100,0.28,-0.20000000000000007,0,9750
100,0.28,-0.20000000000000007,1,9890
100,0.28,-0.20000000000000007,2,9950
100,0.28,-0.21000000000000008,0,9290
100,0.28,-0.21000000000000008,1,9930
100,0.28,-0.21000000000000008,2,9690
100,0.28,-0.22000000000000008,0,6840
100,0.28,-0.22000000000000008,1,9710
100,0.28,-0.22000000000000008,2,8690
100,0.28,-0.22999999999999998,0,0
100,0.28,-0.22999999999999998,1,7560
100,0.28,-0.22999999999999998,2,9734
100,0.28,-0.24,0,0
100,0.28,-0.24,1,460
100,0.28,-0.24,2,0
100,0.28,-0.25,0,0
100,0.28,-0.25,1,350
100,0.28,-0.25,2,0
100,0.28,-0.26,0,0
100,0.28,-0.26,1,380
100,0.28,-0.26,2,6460
100,0.28,-0.27,0,0
100,0.28,-0.27,1,9972
100,0.28,-0.27,2,0
100,0.28,-0.28,0,0
100,0.28,-0.28,1,360
100,0.28,-0.28,2,0
100,0.28,-0.29000000000000004,0,0
100,0.28,-0.29000000000000004,1,8750
100,0.28,-0.29000000000000004,2,0
100,0.28,-0.30000000000000004,0,0
100,0.28,-0.30000000000000004,1,270
100,0.28,-0.30000000000000004,2,0
100,0.28,-0.31000000000000005,0,0
100,0.28,-0.31000000000000005,1,170
100,0.28,-0.31000000000000005,2,0
100,0.28,-0.32000000000000006,0,0
100,0.28,-0.32000000000000006,1,190
100,0.28,-0.32000000000000006,2,0
100,0.28,-0.33,0,0
100,0.28,-0.33,1,180
100,0.28,-0.33,2,0
100,0.28,-0.34,0,0
100,0.28,-0.34,1,180
100,0.28,-0.34,2,0
100,0.28,-0.35000000000000003,0,0
100,0.28,-0.35000000000000003,1,8400
100,0.28,-0.35000000000000003,2,0
100,0.28,-0.36000000000000004,0,0
100,0.28,-0.36000000000000004,1,9944
100,0.28,-0.36000000000000004,2,0
100,0.28,-0.37000000000000005,0,0
100,0.28,-0.37000000000000005,1,190
100,0.28,-0.37000000000000005,2,0
100,0.28,-0.38000000000000006,0,0
100,0.28,-0.38000000000000006,1,3930
100,0.28,-0.38000000000000006,2,0
100,0.28,-0.39,0,0
100,0.28,-0.39,1,4420
100,0.28,-0.39,2,0
100,0.28,-0.41000000000000003,0,0
100,0.28,-0.41000000000000003,1,5460
100,0.28,-0.41000000000000003,2,0
100,0.28,-0.42000000000000004,0,0
100,0.28,-0.42000000000000004,1,6900
100,0.28,-0.42000000000000004,2,0
100,0.28,-0.43000000000000005,0,0
100,0.28,-0.43000000000000005,1,0
100,0.28,-0.43000000000000005,2,0
100,0.28,-0.44000000000000006,0,0
100,0.28,-0.44000000000000006,1,0
100,0.28,-0.44000000000000006,2,0
100,0.28,-0.45,0,0
100,0.28,-0.45,1,0
100,0.28,-0.45,2,0
100,0.28,-0.46,0,0
100,0.28,-0.46,1,160
100,0.28,-0.46,2,0
100,0.28,-0.47000000000000003,0,0
100,0.28,-0.47000000000000003,1,0
100,0.28,-0.47000000000000003,2,0
100,0.28,-0.48000000000000004,0,0
100,0.28,-0.48000000000000004,1,8570
100,0.28,-0.48000000000000004,2,0
100,0.28,-0.49000000000000005,0,0
100,0.28,-0.49000000000000005,1,0
100,0.28,-0.49000000000000005,2,0
100,0.28,-0.4,0,0
100,0.28,-0.4,1,9600
100,0.28,-0.4,2,0
100,0.28,-0.51,0,0
100,0.28,-0.51,1,9967
100,0.28,-0.51,2,0
100,0.28,-0.52,0,0
100,0.28,-0.52,1,0
100,0.28,-0.52,2,0
100,0.28,-0.53,0,0
100,0.28,-0.53,1,9983
100,0.28,-0.53,2,0
100,0.28,-0.54,0,0
100,0.28,-0.54,1,9550
100,0.28,-0.54,2,0
100,0.28,-0.55,0,0
100,0.28,-0.55,1,0
100,0.28,-0.55,2,0
100,0.28,-0.56,0,0
100,0.28,-0.56,1,0
100,0.28,-0.56,2,0
100,0.28,-0.5700000000000001,0,0
100,0.28,-0.5700000000000001,1,6060
100,0.28,-0.5700000000000001,2,0
100,0.28,-0.5800000000000001,0,0
100,0.28,-0.5800000000000001,1,0
100,0.28,-0.5800000000000001,2,0
100,0.28,-0.5900000000000001,0,0
100,0.28,-0.5900000000000001,1,0
100,0.28,-0.5900000000000001,2,0
100,0.28,-0.5,0,0
100,0.28,-0.5,1,0
100,0.28,-0.5,2,0
100,0.28,-0.6000000000000001,0,0
100,0.28,-0.6000000000000001,1,9843
100,0.28,-0.6000000000000001,2,0
100,0.28,-0.6100000000000001,0,0
100,0.28,-0.6100000000000001,1,6160
100,0.28,-0.6100000000000001,2,0
100,0.28,-0.6200000000000001,0,0
100,0.28,-0.6200000000000001,1,4260
100,0.28,-0.6200000000000001,2,0
100,0.28,-0.63,0,0
100,0.28,-0.63,1,0
100,0.28,-0.63,2,0
100,0.28,-0.64,0,0
100,0.28,-0.64,1,0
100,0.28,-0.64,2,0
100,0.28,-0.65,0,0
100,0.28,-0.65,1,0
100,0.28,-0.65,2,0
100,0.28,-0.66,0,0
100,0.28,-0.66,1,9711
100,0.28,-0.66,2,0
100,0.28,-0.67,0,0
100,0.28,-0.67,1,0
100,0.28,-0.67,2,0
100,0.28,-0.68,0,0
100,0.28,-0.68,1,0
100,0.28,-0.68,2,0
100,0.28,-0.6900000000000001,0,0
100,0.28,-0.6900000000000001,1,0
100,0.28,-0.6900000000000001,2,0
100,0.28,-0.7000000000000001,0,0
100,0.28,-0.7000000000000001,1,0
100,0.28,-0.7000000000000001,2,0
100,0.28,-0.7100000000000001,0,0
100,0.28,-0.7100000000000001,1,0
100,0.28,-0.7100000000000001,2,0
100,0.28,-0.7200000000000001,0,0
100,0.28,-0.7200000000000001,1,0
100,0.28,-0.7200000000000001,2,0
100,0.28,-0.73,0,0
100,0.28,-0.73,1,3700
100,0.28,-0.73,2,0
100,0.28,-0.74,0,0
100,0.28,-0.74,1,7720
100,0.28,-0.74,2,0
100,0.28,-0.75,0,0
100,0.28,-0.75,1,0
100,0.28,-0.75,2,0
100,0.28,-0.76,0,0
100,0.28,-0.76,1,0
100,0.28,-0.76,2,0
100,0.28,-0.77,0,0
100,0.28,-0.77,1,0
100,0.28,-0.77,2,0
100,0.28,-0.78,0,0
100,0.28,-0.78,1,9972
100,0.28,-0.78,2,0
100,0.28,-0.79,0,0
100,0.28,-0.79,1,9913
100,0.28,-0.79,2,0
100,0.28,-0.8,0,0
100,0.28,-0.8,1,0
100,0.28,-0.8,2,0
100,0.28,0.010000000000000009,0,5690
100,0.28,0.010000000000000009,1,5690
100,0.28,0.010000000000000009,2,1870
100,0.28,0.020000000000000018,0,2100
100,0.28,0.020000000000000018,1,1940
100,0.28,0.020000000000000018,2,150
100,0.28,0.030000000000000027,0,1360
100,0.28,0.030000000000000027,1,1020
100,0.28,0.030000000000000027,2,80
100,0.28,0.039999999999999925,0,1010
100,0.28,0.039999999999999925,1,420
100,0.28,0.039999999999999925,2,50
100,0.28,0.04999999999999993,0,790
100,0.28,0.04999999999999993,1,380
100,0.28,0.04999999999999993,2,30
100,0.28,0.05999999999999994,0,220
100,0.28,0.05999999999999994,1,320
100,0.28,0.05999999999999994,2,20
100,0.28,0.06999999999999995,0,190
100,0.28,0.06999999999999995,1,270
100,0.28,0.06999999999999995,2,10
100,0.28,0.07999999999999996,0,170
100,0.28,0.07999999999999996,1,240
100,0.28,0.07999999999999996,2,10
100,0.28,0.08999999999999997,0,150
100,0.28,0.08999999999999997,1,210
100,0.28,0.08999999999999997,2,10
100,0.28,0.09999999999999998,0,130
100,0.28,0.09999999999999998,1,90
100,0.28,0.09999999999999998,2,0
100,0.28,0.0,0,0
100,0.28,0.0,1,0
100,0.28,0.0,2,0
100,0.28,0.10999999999999999,0,120
100,0.28,0.10999999999999999,1,80
100,0.28,0.10999999999999999,2,0
100,0.28,0.12,0,100
100,0.28,0.12,1,70
100,0.28,0.12,2,0
100,0.28,0.13,0,100
100,0.28,0.13,1,70
100,0.28,0.13,2,0
100,0.28,0.14,0,90
100,0.28,0.14,1,60
100,0.28,0.14,2,0
100,0.28,0.15000000000000002,0,80
100,0.28,0.15000000000000002,1,60
100,0.28,0.15000000000000002,2,0
100,0.28,0.15999999999999992,0,70
100,0.28,0.15999999999999992,1,50
100,0.28,0.15999999999999992,2,0
100,0.28,0.16999999999999993,0,60
100,0.28,0.16999999999999993,1,50
100,0.28,0.16999999999999993,2,0
100,0.28,0.17999999999999994,0,50
100,0.28,0.17999999999999994,1,40
100,0.28,0.17999999999999994,2,0
100,0.28,0.18999999999999995,0,50
100,0.28,0.18999999999999995,1,0
100,0.28,0.18999999999999995,2,0
100,0.28,0.2,0,40
100,0.28,0.2,1,0
100,0.28,0.2,2,0
100,0.29,-0.010000000000000009,0,160
100,0.29,-0.010000000000000009,1,260
100,0.29,-0.010000000000000009,2,0
100,0.29,-0.020000000000000018,0,9904
100,0.29,-0.020000000000000018,1,7950
100,0.29,-0.020000000000000018,2,0
100,0.29,-0.030000000000000027,0,8990
100,0.29,-0.030000000000000027,1,380
100,0.29,-0.030000000000000027,2,0
100,0.29,-0.040000000000000036,0,210
100,0.29,-0.040000000000000036,1,9480
100,0.29,-0.040000000000000036,2,9110
100,0.29,-0.050000000000000044,0,9950
100,0.29,-0.050000000000000044,1,9900
100,0.29,-0.050000000000000044,2,9690
100,0.29,-0.06000000000000005,0,8680
100,0.29,-0.06000000000000005,1,9800
100,0.29,-0.06000000000000005,2,0
100,0.29,-0.07000000000000006,0,9920
100,0.29,-0.07000000000000006,1,9620
100,0.29,-0.07000000000000006,2,9790
100,0.29,-0.08000000000000007,0,9810
100,0.29,-0.08000000000000007,1,9160
100,0.29,-0.08000000000000007,2,9920
100,0.29,-0.09000000000000008,0,9490
100,0.29,-0.09000000000000008,1,9520
100,0.29,-0.09000000000000008,2,9850
100,0.29,-0.09999999999999998,0,9190
100,0.29,-0.09999999999999998,1,9760
100,0.29,-0.09999999999999998,2,9590
100,0.29,-0.10999999999999999,0,9900
100,0.29,-0.10999999999999999,1,9940
100,0.29,-0.10999999999999999,2,9850
100,0.29,-0.12,0,9240
100,0.29,-0.12,1,9800
100,0.29,-0.12,2,9920
100,0.29,-0.13,0,9730
100,0.29,-0.13,1,9510
100,0.29,-0.13,2,9950
100,0.29,-0.14,0,9800
100,0.29,-0.14,1,9770
100,0.29,-0.14,2,9910
100,0.29,-0.15000000000000002,0,9401
100,0.29,-0.15000000000000002,1,9280
100,0.29,-0.15000000000000002,2,9470
100,0.29,-0.16000000000000003,0,9910
100,0.29,-0.16000000000000003,1,9780
100,0.29,-0.16000000000000003,2,9720
100,0.29,-0.17000000000000004,0,9800
100,0.29,-0.17000000000000004,1,9700
100,0.29,-0.17000000000000004,2,9930
100,0.29,-0.18000000000000005,0,9880
100,0.29,-0.18000000000000005,1,9920
100,0.29,-0.18000000000000005,2,9860
100,0.29,-0.19000000000000006,0,9910
100,0.29,-0.19000000000000006,1,9860
100,0.29,-0.19000000000000006,2,9820
100,0.29,-0.20000000000000007,0,9680
100,0.29,-0.20000000000000007,1,9710
100,0.29,-0.20000000000000007,2,9840
100,0.29,-0.21000000000000008,0,9850
100,0.29,-0.21000000000000008,1,9890
100,0.29,-0.21000000000000008,2,9910
100,0.29,-0.22000000000000008,0,8200
100,0.29,-0.22000000000000008,1,9910
100,0.29,-0.22000000000000008,2,9800
100,0.29,-0.22999999999999998,0,9800
100,0.29,-0.22999999999999998,1,9780
100,0.29,-0.22999999999999998,2,250
100,0.29,-0.24,0,0
100,0.29,-0.24,1,8470
100,0.29,-0.24,2,5100
100,0.29,-0.25,0,0
100,0.29,-0.25,1,8610
100,0.29,-0.25,2,0
100,0.29,-0.26,0,0
100,0.29,-0.26,1,440
100,0.29,-0.26,2,0
100,0.29,-0.27,0,5760
100,0.29,-0.27,1,500
100,0.29,-0.27,2,0
100,0.29,-0.28,0,0
100,0.29,-0.28,1,530
100,0.29,-0.28,2,0
100,0.29,-0.29000000000000004,0,0
100,0.29,-0.29000000000000004,1,450
100,0.29,-0.29000000000000004,2,0
100,0.29,-0.30000000000000004,0,0
100,0.29,-0.30000000000000004,1,9817
100,0.29,-0.30000000000000004,2,0
100,0.29,-0.31000000000000005,0,0
100,0.29,-0.31000000000000005,1,9835
100,0.29,-0.31000000000000005,2,0
100,0.29,-0.32000000000000006,0,0
100,0.29,-0.32000000000000006,1,290
100,0.29,-0.32000000000000006,2,0
100,0.29,-0.33,0,0
100,0.29,-0.33,1,370
100,0.29,-0.33,2,0
100,0.29,-0.34,0,0
100,0.29,-0.34,1,280
100,0.29,-0.34,2,0
100,0.29,-0.35000000000000003,0,0
100,0.29,-0.35000000000000003,1,9986
100,0.29,-0.35000000000000003,2,0
100,0.29,-0.36000000000000004,0,0
100,0.29,-0.36000000000000004,1,200
100,0.29,-0.36000000000000004,2,0
100,0.29,-0.37000000000000005,0,0
100,0.29,-0.37000000000000005,1,190
100,0.29,-0.37000000000000005,2,0
100,0.29,-0.38000000000000006,0,0
100,0.29,-0.38000000000000006,1,170
100,0.29,-0.38000000000000006,2,0
100,0.29,-0.39,0,0
100,0.29,-0.39,1,9937
100,0.29,-0.39,2,0
100,0.29,-0.41000000000000003,0,0
100,0.29,-0.41000000000000003,1,220
100,0.29,-0.41000000000000003,2,0
100,0.29,-0.42000000000000004,0,0
100,0.29,-0.42000000000000004,1,0
100,0.29,-0.42000000000000004,2,0
100,0.29,-0.43000000000000005,0,0
100,0.29,-0.43000000000000005,1,0
100,0.29,-0.43000000000000005,2,0
100,0.29,-0.44000000000000006,0,0
100,0.29,-0.44000000000000006,1,0
100,0.29,-0.44000000000000006,2,0
100,0.29,-0.45,0,0
100,0.29,-0.45,1,0
100,0.29,-0.45,2,0
100,0.29,-0.46,0,0
100,0.29,-0.46,1,9861
100,0.29,-0.46,2,0
100,0.29,-0.47000000000000003,0,0
100,0.29,-0.47000000000000003,1,150
100,0.29,-0.47000000000000003,2,0
100,0.29,-0.48000000000000004,0,0
100,0.29,-0.48000000000000004,1,0
100,0.29,-0.48000000000000004,2,0
100,0.29,-0.49000000000000005,0,0
100,0.29,-0.49000000000000005,1,0
100,0.29,-0.49000000000000005,2,0
100,0.29,-0.4,0,0
100,0.29,-0.4,1,170
100,0.29,-0.4,2,0
100,0.29,-0.51,0,0
100,0.29,-0.51,1,0
100,0.29,-0.51,2,0
100,0.29,-0.52,0,0
100,0.29,-0.52,1,0
100,0.29,-0.52,2,0
100,0.29,-0.53,0,0
100,0.29,-0.53,1,0
100,0.29,-0.53,2,0
100,0.29,-0.54,0,0
100,0.29,-0.54,1,9736
100,0.29,-0.54,2,0
100,0.29,-0.55,0,0
100,0.29,-0.55,1,3140
100,0.29,-0.55,2,0
100,0.29,-0.56,0,0
100,0.29,-0.56,1,3440
100,0.29,-0.56,2,0
100,0.29,-0.5700000000000001,0,0
100,0.29,-0.5700000000000001,1,9930
100,0.29,-0.5700000000000001,2,0
100,0.29,-0.5800000000000001,0,0
100,0.29,-0.5800000000000001,1,2650
100,0.29,-0.5800000000000001,2,0
100,0.29,-0.5900000000000001,0,0
100,0.29,-0.5900000000000001,1,3850
100,0.29,-0.5900000000000001,2,0
100,0.29,-0.5,0,0
100,0.29,-0.5,1,7370
100,0.29,-0.5,2,0
100,0.29,-0.6000000000000001,0,0
100,0.29,-0.6000000000000001,1,6000
100,0.29,-0.6000000000000001,2,0
100,0.29,-0.6100000000000001,0,0
100,0.29,-0.6100000000000001,1,0
100,0.29,-0.6100000000000001,2,0
100,0.29,-0.6200000000000001,0,0
100,0.29,-0.6200000000000001,1,0
100,0.29,-0.6200000000000001,2,0
100,0.29,-0.63,0,0
100,0.29,-0.63,1,6600
100,0.29,-0.63,2,0
100,0.29,-0.64,0,0
100,0.29,-0.64,1,9090
100,0.29,-0.64,2,0
100,0.29,-0.65,0,0
100,0.29,-0.65,1,9998
100,0.29,-0.65,2,0
100,0.29,-0.66,0,0
100,0.29,-0.66,1,0
100,0.29,-0.66,2,0
100,0.29,-0.67,0,0
100,0.29,-0.67,1,7110
100,0.29,-0.67,2,0
100,0.29,-0.68,0,0
100,0.29,-0.68,1,0
100,0.29,-0.68,2,0
100,0.29,-0.6900000000000001,0,0
100,0.29,-0.6900000000000001,1,0
100,0.29,-0.6900000000000001,2,0
100,0.29,-0.7000000000000001,0,0
100,0.29,-0.7000000000000001,1,5250
100,0.29,-0.7000000000000001,2,0
100,0.29,-0.7100000000000001,0,0
100,0.29,-0.7100000000000001,1,4900
100,0.29,-0.7100000000000001,2,0
100,0.29,-0.7200000000000001,0,0
100,0.29,-0.7200000000000001,1,6880
100,0.29,-0.7200000000000001,2,0
100,0.29,-0.73,0,0
100,0.29,-0.73,1,8310
100,0.29,-0.73,2,0
100,0.29,-0.74,0,0
100,0.29,-0.74,1,5550
100,0.29,-0.74,2,0
100,0.29,-0.75,0,0
100,0.29,-0.75,1,6450
100,0.29,-0.75,2,0
100,0.29,-0.76,0,0
100,0.29,-0.76,1,9991
100,0.29,-0.76,2,0
100,0.29,-0.77,0,0
100,0.29,-0.77,1,0
100,0.29,-0.77,2,0
100,0.29,-0.78,0,0
100,0.29,-0.78,1,0
100,0.29,-0.78,2,0
100,0.29,-0.79,0,0
100,0.29,-0.79,1,9997
100,0.29,-0.79,2,0
100,0.29,-0.8,0,0
100,0.29,-0.8,1,9980
100,0.29,-0.8,2,0
100,0.29,0.010000000000000009,0,5550
100,0.29,0.010000000000000009,1,5660
100,0.29,0.010000000000000009,2,1880
100,0.29,0.020000000000000018,0,2140
100,0.29,0.020000000000000018,1,2000
100,0.29,0.020000000000000018,2,140
100,0.29,0.030000000000000027,0,1360
100,0.29,0.030000000000000027,1,1020
100,0.29,0.030000000000000027,2,80
100,0.29,0.039999999999999925,0,1010
100,0.29,0.039999999999999925,1,410
100,0.29,0.039999999999999925,2,50
100,0.29,0.04999999999999993,0,820
100,0.29,0.04999999999999993,1,360
100,0.29,0.04999999999999993,2,30
100,0.29,0.05999999999999994,0,210
100,0.29,0.05999999999999994,1,310
100,0.29,0.05999999999999994,2,20
100,0.29,0.06999999999999995,0,190
100,0.29,0.06999999999999995,1,270
100,0.29,0.06999999999999995,2,10
100,0.29,0.07999999999999996,0,160
100,0.29,0.07999999999999996,1,230
100,0.29,0.07999999999999996,2,10
100,0.29,0.08999999999999997,0,140
100,0.29,0.08999999999999997,1,210
100,0.29,0.08999999999999997,2,10
100,0.29,0.09999999999999998,0,130
100,0.29,0.09999999999999998,1,190
100,0.29,0.09999999999999998,2,10
100,0.29,0.0,0,0
100,0.29,0.0,1,0
100,0.29,0.0,2,0
100,0.29,0.10999999999999999,0,110
100,0.29,0.10999999999999999,1,80
100,0.29,0.10999999999999999,2,0
100,0.29,0.12,0,100
100,0.29,0.12,1,70
100,0.29,0.12,2,0
100,0.29,0.13,0,90
100,0.29,0.13,1,70
100,0.29,0.13,2,0
100,0.29,0.14,0,90
100,0.29,0.14,1,60
100,0.29,0.14,2,0
100,0.29,0.15000000000000002,0,80
100,0.29,0.15000000000000002,1,50
100,0.29,0.15000000000000002,2,0
100,0.29,0.15999999999999992,0,70
100,0.29,0.15999999999999992,1,50
100,0.29,0.15999999999999992,2,0
100,0.29,0.16999999999999993,0,60
100,0.29,0.16999999999999993,1,40
100,0.29,0.16999999999999993,2,0
100,0.29,0.17999999999999994,0,60
100,0.29,0.17999999999999994,1,40
100,0.29,0.17999999999999994,2,0
100,0.29,0.18999999999999995,0,50
100,0.29,0.18999999999999995,1,0
100,0.29,0.18999999999999995,2,0
100,0.29,0.2,0,40
100,0.29,0.2,1,0
100,0.29,0.2,2,0
100,0.2,-0.010000000000000009,0,330
100,0.2,-0.010000000000000009,1,530
100,0.2,-0.010000000000000009,2,0
100,0.2,-0.020000000000000018,0,360
100,0.2,-0.020000000000000018,1,7850
100,0.2,-0.020000000000000018,2,0
100,0.2,-0.030000000000000027,0,390
100,0.2,-0.030000000000000027,1,9600
100,0.2,-0.030000000000000027,2,0
100,0.2,-0.040000000000000036,0,9720
100,0.2,-0.040000000000000036,1,9800
100,0.2,-0.040000000000000036,2,0
100,0.2,-0.050000000000000044,0,9340
100,0.2,-0.050000000000000044,1,9850
100,0.2,-0.050000000000000044,2,9700
100,0.2,-0.06000000000000005,0,8320
100,0.2,-0.06000000000000005,1,9680
100,0.2,-0.06000000000000005,2,9910
100,0.2,-0.07000000000000006,0,9890
100,0.2,-0.07000000000000006,1,8920
100,0.2,-0.07000000000000006,2,9880
100,0.2,-0.08000000000000007,0,9870
100,0.2,-0.08000000000000007,1,9670
100,0.2,-0.08000000000000007,2,9580
100,0.2,-0.09000000000000008,0,9890
100,0.2,-0.09000000000000008,1,9780
100,0.2,-0.09000000000000008,2,9670
100,0.2,-0.09999999999999998,0,9930
100,0.2,-0.09999999999999998,1,8970
100,0.2,-0.09999999999999998,2,8960
100,0.2,-0.10999999999999999,0,9760
100,0.2,-0.10999999999999999,1,9690
100,0.2,-0.10999999999999999,2,9920
100,0.2,-0.12,0,8850
100,0.2,-0.12,1,9370
100,0.2,-0.12,2,9890
100,0.2,-0.13,0,0
100,0.2,-0.13,1,9900
100,0.2,-0.13,2,9560
100,0.2,-0.14,0,0
100,0.2,-0.14,1,9796
100,0.2,-0.14,2,9550
100,0.2,-0.15000000000000002,0,0
100,0.2,-0.15000000000000002,1,580
100,0.2,-0.15000000000000002,2,0
100,0.2,-0.16000000000000003,0,0
100,0.2,-0.16000000000000003,1,480
100,0.2,-0.16000000000000003,2,0
100,0.2,-0.17000000000000004,0,0
100,0.2,-0.17000000000000004,1,530
100,0.2,-0.17000000000000004,2,0
100,0.2,-0.18000000000000005,0,0
100,0.2,-0.18000000000000005,1,440
100,0.2,-0.18000000000000005,2,0
100,0.2,-0.19000000000000006,0,0
100,0.2,-0.19000000000000006,1,310
100,0.2,-0.19000000000000006,2,0
100,0.2,-0.20000000000000007,0,0
100,0.2,-0.20000000000000007,1,280
100,0.2,-0.20000000000000007,2,0
100,0.2,-0.21000000000000008,0,0
100,0.2,-0.21000000000000008,1,230
100,0.2,-0.21000000000000008,2,0
100,0.2,-0.22000000000000008,0,0
100,0.2,-0.22000000000000008,1,230
100,0.2,-0.22000000000000008,2,0
100,0.2,-0.22999999999999998,0,0
100,0.2,-0.22999999999999998,1,220
100,0.2,-0.22999999999999998,2,0
100,0.2,-0.24,0,0
100,0.2,-0.24,1,230
100,0.2,-0.24,2,0
100,0.2,-0.25,0,0
100,0.2,-0.25,1,200
100,0.2,-0.25,2,0
100,0.2,-0.26,0,0
100,0.2,-0.26,1,220
100,0.2,-0.26,2,0
100,0.2,-0.27,0,0
100,0.2,-0.27,1,200
100,0.2,-0.27,2,0
100,0.2,-0.28,0,0
100,0.2,-0.28,1,0
100,0.2,-0.28,2,0
100,0.2,-0.29000000000000004,0,0
100,0.2,-0.29000000000000004,1,0
100,0.2,-0.29000000000000004,2,0
100,0.2,-0.30000000000000004,0,0
100,0.2,-0.30000000000000004,1,9926
100,0.2,-0.30000000000000004,2,0
100,0.2,-0.31000000000000005,0,0
100,0.2,-0.31000000000000005,1,0
100,0.2,-0.31000000000000005,2,0
100,0.2,-0.32000000000000006,0,0
100,0.2,-0.32000000000000006,1,0
100,0.2,-0.32000000000000006,2,0
100,0.2,-0.33,0,0
100,0.2,-0.33,1,0
100,0.2,-0.33,2,0
100,0.2,-0.34,0,0
100,0.2,-0.34,1,7170
100,0.2,-0.34,2,0
100,0.2,-0.35000000000000003,0,0
100,0.2,-0.35000000000000003,1,0
100,0.2,-0.35000000000000003,2,0
100,0.2,-0.36000000000000004,0,0
100,0.2,-0.36000000000000004,1,0
100,0.2,-0.36000000000000004,2,0
100,0.2,-0.37000000000000005,0,0
100,0.2,-0.37000000000000005,1,9891
100,0.2,-0.37000000000000005,2,0
100,0.2,-0.38000000000000006,0,0
100,0.2,-0.38000000000000006,1,0
100,0.2,-0.38000000000000006,2,0
100,0.2,-0.39,0,0
100,0.2,-0.39,1,0
100,0.2,-0.39,2,0
100,0.2,-0.41000000000000003,0,0
100,0.2,-0.41000000000000003,1,8990
100,0.2,-0.41000000000000003,2,0
100,0.2,-0.42000000000000004,0,0
100,0.2,-0.42000000000000004,1,0
100,0.2,-0.42000000000000004,2,0
100,0.2,-0.43000000000000005,0,0
100,0.2,-0.43000000000000005,1,4480
100,0.2,-0.43000000000000005,2,0
100,0.2,-0.44000000000000006,0,0
100,0.2,-0.44000000000000006,1,4570
100,0.2,-0.44000000000000006,2,0
100,0.2,-0.45,0,0
100,0.2,-0.45,1,4270
100,0.2,-0.45,2,0
100,0.2,-0.46,0,0
100,0.2,-0.46,1,0
100,0.2,-0.46,2,0
100,0.2,-0.47000000000000003,0,0
100,0.2,-0.47000000000000003,1,4180
100,0.2,-0.47000000000000003,2,0
100,0.2,-0.48000000000000004,0,0
100,0.2,-0.48000000000000004,1,0
100,0.2,-0.48000000000000004,2,0
100,0.2,-0.49000000000000005,0,0
100,0.2,-0.49000000000000005,1,0
100,0.2,-0.49000000000000005,2,0
100,0.2,-0.4,0,0
100,0.2,-0.4,1,0
100,0.2,-0.4,2,0
100,0.2,-0.51,0,0
100,0.2,-0.51,1,9320
100,0.2,-0.51,2,0
100,0.2,-0.52,0,0
100,0.2,-0.52,1,3840
100,0.2,-0.52,2,0
100,0.2,-0.53,0,0
100,0.2,-0.53,1,3650
100,0.2,-0.53,2,0
100,0.2,-0.54,0,0
100,0.2,-0.54,1,0
100,0.2,-0.54,2,0
100,0.2,-0.55,0,0
100,0.2,-0.55,1,0
100,0.2,-0.55,2,0
100,0.2,-0.56,0,0
100,0.2,-0.56,1,10000
100,0.2,-0.56,2,0
100,0.2,-0.5700000000000001,0,0
100,0.2,-0.5700000000000001,1,9996
100,0.2,-0.5700000000000001,2,0
100,0.2,-0.5800000000000001,0,0
100,0.2,-0.5800000000000001,1,0
100,0.2,-0.5800000000000001,2,0
100,0.2,-0.5900000000000001,0,0
100,0.2,-0.5900000000000001,1,0
100,0.2,-0.5900000000000001,2,0
100,0.2,-0.5,0,0
100,0.2,-0.5,1,0
100,0.2,-0.5,2,0
100,0.2,-0.6000000000000001,0,0
100,0.2,-0.6000000000000001,1,0
100,0.2,-0.6000000000000001,2,0
100,0.2,-0.6100000000000001,0,0
100,0.2,-0.6100000000000001,1,0
100,0.2,-0.6100000000000001,2,0
100,0.2,-0.6200000000000001,0,0
100,0.2,-0.6200000000000001,1,0
100,0.2,-0.6200000000000001,2,0
100,0.2,-0.63,0,0
100,0.2,-0.63,1,1310
100,0.2,-0.63,2,0
100,0.2,-0.64,0,0
100,0.2,-0.64,1,1270
100,0.2,-0.64,2,0
100,0.2,-0.65,0,0
100,0.2,-0.65,1,0
100,0.2,-0.65,2,0
100,0.2,-0.66,0,0
100,0.2,-0.66,1,0
100,0.2,-0.66,2,0
100,0.2,-0.67,0,0
100,0.2,-0.67,1,0
100,0.2,-0.67,2,0
100,0.2,-0.68,0,0
100,0.2,-0.68,1,0
100,0.2,-0.68,2,0
100,0.2,-0.6900000000000001,0,0
100,0.2,-0.6900000000000001,1,0
100,0.2,-0.6900000000000001,2,0
100,0.2,-0.7000000000000001,0,0
100,0.2,-0.7000000000000001,1,0
100,0.2,-0.7000000000000001,2,0
100,0.2,-0.7100000000000001,0,0
100,0.2,-0.7100000000000001,1,0
100,0.2,-0.7100000000000001,2,0
100,0.2,-0.7200000000000001,0,0
100,0.2,-0.7200000000000001,1,0
100,0.2,-0.7200000000000001,2,0
100,0.2,-0.73,0,0
100,0.2,-0.73,1,0
100,0.2,-0.73,2,0
100,0.2,-0.74,0,0
100,0.2,-0.74,1,0
100,0.2,-0.74,2,0
100,0.2,-0.75,0,0
100,0.2,-0.75,1,0
100,0.2,-0.75,2,0
100,0.2,-0.76,0,0
100,0.2,-0.76,1,0
100,0.2,-0.76,2,0
100,0.2,-0.77,0,0
100,0.2,-0.77,1,0
100,0.2,-0.77,2,0
100,0.2,-0.78,0,0
100,0.2,-0.78,1,0
100,0.2,-0.78,2,0
100,0.2,-0.79,0,0
100,0.2,-0.79,1,0
100,0.2,-0.79,2,0
100,0.2,-0.8,0,0
100,0.2,-0.8,1,0
100,0.2,-0.8,2,0
100,0.2,0.010000000000000009,0,5150
100,0.2,0.010000000000000009,1,5500
100,0.2,0.010000000000000009,2,1840
100,0.2,0.020000000000000018,0,2170
100,0.2,0.020000000000000018,1,1880
100,0.2,0.020000000000000018,2,180
100,0.2,0.030000000000000027,0,1340
100,0.2,0.030000000000000027,1,670
100,0.2,0.030000000000000027,2,90
100,0.2,0.039999999999999925,0,1000
100,0.2,0.039999999999999925,1,540
100,0.2,0.039999999999999925,2,40
100,0.2,0.04999999999999993,0,730
100,0.2,0.04999999999999993,1,410
100,0.2,0.04999999999999993,2,20
100,0.2,0.05999999999999994,0,290
100,0.2,0.05999999999999994,1,340
100,0.2,0.05999999999999994,2,10
100,0.2,0.06999999999999995,0,240
100,0.2,0.06999999999999995,1,300
100,0.2,0.06999999999999995,2,10
100,0.2,0.07999999999999996,0,210
100,0.2,0.07999999999999996,1,140
100,0.2,0.07999999999999996,2,0
100,0.2,0.08999999999999997,0,180
100,0.2,0.08999999999999997,1,120
100,0.2,0.08999999999999997,2,0
100,0.2,0.09999999999999998,0,150
100,0.2,0.09999999999999998,1,110
100,0.2,0.09999999999999998,2,0
100,0.2,0.0,0,0
100,0.2,0.0,1,0
100,0.2,0.0,2,0
100,0.2,0.10999999999999999,0,130
100,0.2,0.10999999999999999,1,100
100,0.2,0.10999999999999999,2,0
100,0.2,0.12,0,120
100,0.2,0.12,1,80
100,0.2,0.12,2,0
100,0.2,0.13,0,110
100,0.2,0.13,1,80
100,0.2,0.13,2,0
100,0.2,0.14,0,90
100,0.2,0.14,1,70
100,0.2,0.14,2,0
100,0.2,0.15000000000000002,0,80
100,0.2,0.15000000000000002,1,60
100,0.2,0.15000000000000002,2,0
100,0.2,0.15999999999999992,0,70
100,0.2,0.15999999999999992,1,60
100,0.2,0.15999999999999992,2,0
100,0.2,0.16999999999999993,0,60
100,0.2,0.16999999999999993,1,50
100,0.2,0.16999999999999993,2,0
100,0.2,0.17999999999999994,0,60
100,0.2,0.17999999999999994,1,50
100,0.2,0.17999999999999994,2,0
100,0.2,0.18999999999999995,0,30
100,0.2,0.18999999999999995,1,40
100,0.2,0.18999999999999995,2,0
100,0.2,0.2,0,20
100,0.2,0.2,1,0
100,0.2,0.2,2,0
100,0.31,-0.010000000000000009,0,140
100,0.31,-0.010000000000000009,1,9918
100,0.31,-0.010000000000000009,2,0
100,0.31,-0.020000000000000018,0,190
100,0.31,-0.020000000000000018,1,7880
100,0.31,-0.020000000000000018,2,8470
100,0.31,-0.030000000000000027,0,9620
100,0.31,-0.030000000000000027,1,9820
100,0.31,-0.030000000000000027,2,0
100,0.31,-0.040000000000000036,0,9320
100,0.31,-0.040000000000000036,1,9250
100,0.31,-0.040000000000000036,2,0
100,0.31,-0.050000000000000044,0,190
100,0.31,-0.050000000000000044,1,8470
100,0.31,-0.050000000000000044,2,9930
100,0.31,-0.06000000000000005,0,9840
100,0.31,-0.06000000000000005,1,9050
100,0.31,-0.06000000000000005,2,0
100,0.31,-0.07000000000000006,0,9690
100,0.31,-0.07000000000000006,1,8940
100,0.31,-0.07000000000000006,2,0
100,0.31,-0.08000000000000007,0,9820
100,0.31,-0.08000000000000007,1,9630
100,0.31,-0.08000000000000007,2,9100
100,0.31,-0.09000000000000008,0,9930
100,0.31,-0.09000000000000008,1,9620
100,0.31,-0.09000000000000008,2,9850
100,0.31,-0.09999999999999998,0,9610
100,0.31,-0.09999999999999998,1,9930
100,0.31,-0.09999999999999998,2,9670
100,0.31,-0.10999999999999999,0,9930
100,0.31,-0.10999999999999999,1,9520
100,0.31,-0.10999999999999999,2,9770
100,0.31,-0.12,0,9910
100,0.31,-0.12,1,9950
100,0.31,-0.12,2,9750
100,0.31,-0.13,0,9860
100,0.31,-0.13,1,9810
100,0.31,-0.13,2,9380
100,0.31,-0.14,0,9830
100,0.31,-0.14,1,9740
100,0.31,-0.14,2,9540
100,0.31,-0.15000000000000002,0,9940
100,0.31,-0.15000000000000002,1,9840
100,0.31,-0.15000000000000002,2,9870
100,0.31,-0.16000000000000003,0,9880
100,0.31,-0.16000000000000003,1,9720
100,0.31,-0.16000000000000003,2,9930
100,0.31,-0.17000000000000004,0,9720
100,0.31,-0.17000000000000004,1,9420
100,0.31,-0.17000000000000004,2,9940
100,0.31,-0.18000000000000005,0,9920
100,0.31,-0.18000000000000005,1,9800
100,0.31,-0.18000000000000005,2,9940
100,0.31,-0.19000000000000006,0,9880
100,0.31,-0.19000000000000006,1,9450
100,0.31,-0.19000000000000006,2,4950
100,0.31,-0.20000000000000007,0,9690
100,0.31,-0.20000000000000007,1,9910
100,0.31,-0.20000000000000007,2,9900
100,0.31,-0.21000000000000008,0,9620
100,0.31,-0.21000000000000008,1,9910
100,0.31,-0.21000000000000008,2,9690
100,0.31,-0.22000000000000008,0,9650
100,0.31,-0.22000000000000008,1,9920
100,0.31,-0.22000000000000008,2,9780
100,0.31,-0.22999999999999998,0,9840
100,0.31,-0.22999999999999998,1,9700
100,0.31,-0.22999999999999998,2,9870
100,0.31,-0.24,0,0
100,0.31,-0.24,1,9300
100,0.31,-0.24,2,9870
100,0.31,-0.25,0,0
100,0.31,-0.25,1,9810
100,0.31,-0.25,2,9870
100,0.31,-0.26,0,9380
100,0.31,-0.26,1,3320
100,0.31,-0.26,2,940
100,0.31,-0.27,0,0
100,0.31,-0.27,1,5150
100,0.31,-0.27,2,9510
100,0.31,-0.28,0,0
100,0.31,-0.28,1,9740
100,0.31,-0.28,2,0
100,0.31,-0.29000000000000004,0,9540
100,0.31,-0.29000000000000004,1,9889
100,0.31,-0.29000000000000004,2,2420
100,0.31,-0.30000000000000004,0,0
100,0.31,-0.30000000000000004,1,4700
100,0.31,-0.30000000000000004,2,0
100,0.31,-0.31000000000000005,0,0
100,0.31,-0.31000000000000005,1,7680
100,0.31,-0.31000000000000005,2,0
100,0.31,-0.32000000000000006,0,7100
100,0.31,-0.32000000000000006,1,5690
100,0.31,-0.32000000000000006,2,0
100,0.31,-0.33,0,0
100,0.31,-0.33,1,390
100,0.31,-0.33,2,0
100,0.31,-0.34,0,0
100,0.31,-0.34,1,400
100,0.31,-0.34,2,0
100,0.31,-0.35000000000000003,0,0
100,0.31,-0.35000000000000003,1,350
100,0.31,-0.35000000000000003,2,0
100,0.31,-0.36000000000000004,0,0
100,0.31,-0.36000000000000004,1,360
100,0.31,-0.36000000000000004,2,0
100,0.31,-0.37000000000000005,0,0
100,0.31,-0.37000000000000005,1,1000
100,0.31,-0.37000000000000005,2,0
100,0.31,-0.38000000000000006,0,0
100,0.31,-0.38000000000000006,1,9973
100,0.31,-0.38000000000000006,2,0
100,0.31,-0.39,0,0
100,0.31,-0.39,1,240
100,0.31,-0.39,2,0
100,0.31,-0.41000000000000003,0,0
100,0.31,-0.41000000000000003,1,200
100,0.31,-0.41000000000000003,2,0
100,0.31,-0.42000000000000004,0,0
100,0.31,-0.42000000000000004,1,9929
100,0.31,-0.42000000000000004,2,0
100,0.31,-0.43000000000000005,0,0
100,0.31,-0.43000000000000005,1,180
100,0.31,-0.43000000000000005,2,0
100,0.31,-0.44000000000000006,0,0
100,0.31,-0.44000000000000006,1,180
100,0.31,-0.44000000000000006,2,0
100,0.31,-0.45,0,0
100,0.31,-0.45,1,0
100,0.31,-0.45,2,0
100,0.31,-0.46,0,0
100,0.31,-0.46,1,7260
100,0.31,-0.46,2,0
100,0.31,-0.47000000000000003,0,0
100,0.31,-0.47000000000000003,1,0
100,0.31,-0.47000000000000003,2,0
100,0.31,-0.48000000000000004,0,0
100,0.31,-0.48000000000000004,1,0
100,0.31,-0.48000000000000004,2,0
100,0.31,-0.49000000000000005,0,0
100,0.31,-0.49000000000000005,1,0
100,0.31,-0.49000000000000005,2,0
100,0.31,-0.4,0,0
100,0.31,-0.4,1,8170
100,0.31,-0.4,2,0
100,0.31,-0.51,0,0
100,0.31,-0.51,1,0
100,0.31,-0.51,2,0
100,0.31,-0.52,0,0
100,0.31,-0.52,1,6730
100,0.31,-0.52,2,0
100,0.31,-0.53,0,0
100,0.31,-0.53,1,0
100,0.31,-0.53,2,0
100,0.31,-0.54,0,0
100,0.31,-0.54,1,0
100,0.31,-0.54,2,0
100,0.31,-0.55,0,0
100,0.31,-0.55,1,150
100,0.31,-0.55,2,0
100,0.31,-0.56,0,0
100,0.31,-0.56,1,0
100,0.31,-0.56,2,0
100,0.31,-0.5700000000000001,0,0
100,0.31,-0.5700000000000001,1,0
100,0.31,-0.5700000000000001,2,0
100,0.31,-0.5800000000000001,0,0
100,0.31,-0.5800000000000001,1,3070
100,0.31,-0.5800000000000001,2,0
100,0.31,-0.5900000000000001,0,0
100,0.31,-0.5900000000000001,1,4580
100,0.31,-0.5900000000000001,2,0
100,0.31,-0.5,0,0
100,0.31,-0.5,1,150
100,0.31,-0.5,2,0
100,0.31,-0.6000000000000001,0,0
100,0.31,-0.6000000000000001,1,7310
100,0.31,-0.6000000000000001,2,0
100,0.31,-0.6100000000000001,0,0
100,0.31,-0.6100000000000001,1,9903
100,0.31,-0.6100000000000001,2,0
100,0.31,-0.6200000000000001,0,0
100,0.31,-0.6200000000000001,1,0
100,0.31,-0.6200000000000001,2,0
100,0.31,-0.63,0,0
100,0.31,-0.63,1,150
100,0.31,-0.63,2,0
100,0.31,-0.64,0,0
100,0.31,-0.64,1,9921
100,0.31,-0.64,2,0
100,0.31,-0.65,0,0
100,0.31,-0.65,1,4490
100,0.31,-0.65,2,0
100,0.31,-0.66,0,0
100,0.31,-0.66,1,4960
100,0.31,-0.66,2,0
100,0.31,-0.67,0,0
100,0.31,-0.67,1,0
100,0.31,-0.67,2,0
100,0.31,-0.68,0,0
100,0.31,-0.68,1,6170
100,0.31,-0.68,2,0
100,0.31,-0.6900000000000001,0,0
100,0.31,-0.6900000000000001,1,9983
100,0.31,-0.6900000000000001,2,0
100,0.31,-0.7000000000000001,0,0
100,0.31,-0.7000000000000001,1,4720
100,0.31,-0.7000000000000001,2,0
100,0.31,-0.7100000000000001,0,0
100,0.31,-0.7100000000000001,1,7800
100,0.31,-0.7100000000000001,2,0
100,0.31,-0.7200000000000001,0,0
100,0.31,-0.7200000000000001,1,0
100,0.31,-0.7200000000000001,2,0
100,0.31,-0.73,0,0
100,0.31,-0.73,1,0
100,0.31,-0.73,2,0
100,0.31,-0.74,0,0
100,0.31,-0.74,1,1300
100,0.31,-0.74,2,0
100,0.31,-0.75,0,0
100,0.31,-0.75,1,0
100,0.31,-0.75,2,0
100,0.31,-0.76,0,0
100,0.31,-0.76,1,9760
100,0.31,-0.76,2,0
100,0.31,-0.77,0,0
100,0.31,-0.77,1,9710
100,0.31,-0.77,2,0
100,0.31,-0.78,0,0
100,0.31,-0.78,1,8940
100,0.31,-0.78,2,0
100,0.31,-0.79,0,0
100,0.31,-0.79,1,9703
100,0.31,-0.79,2,0
100,0.31,-0.8,0,0
100,0.31,-0.8,1,7240
100,0.31,-0.8,2,0
100,0.31,0.010000000000000009,0,5320
100,0.31,0.010000000000000009,1,5650
100,0.31,0.010000000000000009,2,1890
100,0.31,0.020000000000000018,0,2150
100,0.31,0.020000000000000018,1,1990
100,0.31,0.020000000000000018,2,140
100,0.31,0.030000000000000027,0,1430
100,0.31,0.030000000000000027,1,1050
100,0.31,0.030000000000000027,2,80
100,0.31,0.039999999999999925,0,1010
100,0.31,0.039999999999999925,1,390
100,0.31,0.039999999999999925,2,50
100,0.31,0.04999999999999993,0,800
100,0.31,0.04999999999999993,1,340
100,0.31,0.04999999999999993,2,30
100,0.31,0.05999999999999994,0,620
100,0.31,0.05999999999999994,1,300
100,0.31,0.05999999999999994,2,20
100,0.31,0.06999999999999995,0,180
100,0.31,0.06999999999999995,1,260
100,0.31,0.06999999999999995,2,10
100,0.31,0.07999999999999996,0,150
100,0.31,0.07999999999999996,1,230
100,0.31,0.07999999999999996,2,10
100,0.31,0.08999999999999997,0,140
100,0.31,0.08999999999999997,1,210
100,0.31,0.08999999999999997,2,10
100,0.31,0.09999999999999998,0,120
100,0.31,0.09999999999999998,1,190
100,0.31,0.09999999999999998,2,10
100,0.31,0.0,0,0
100,0.31,0.0,1,0
100,0.31,0.0,2,0
100,0.31,0.10999999999999999,0,110
100,0.31,0.10999999999999999,1,80
100,0.31,0.10999999999999999,2,0
100,0.31,0.12,0,100
100,0.31,0.12,1,70
100,0.31,0.12,2,0
100,0.31,0.13,0,90
100,0.31,0.13,1,60
100,0.31,0.13,2,0
100,0.31,0.14,0,90
100,0.31,0.14,1,60
100,0.31,0.14,2,0
100,0.31,0.15000000000000002,0,80
100,0.31,0.15000000000000002,1,50
100,0.31,0.15000000000000002,2,0
100,0.31,0.15999999999999992,0,70
100,0.31,0.15999999999999992,1,50
100,0.31,0.15999999999999992,2,0
100,0.31,0.16999999999999993,0,60
100,0.31,0.16999999999999993,1,40
100,0.31,0.16999999999999993,2,0
100,0.31,0.17999999999999994,0,60
100,0.31,0.17999999999999994,1,40
100,0.31,0.17999999999999994,2,0
100,0.31,0.18999999999999995,0,50
100,0.31,0.18999999999999995,1,0
100,0.31,0.18999999999999995,2,0
100,0.31,0.2,0,40
100,0.31,0.2,1,0
100,0.31,0.2,2,0
100,0.32,-0.010000000000000009,0,140
100,0.32,-0.010000000000000009,1,230
100,0.32,-0.010000000000000009,2,0
100,0.32,-0.020000000000000018,0,180
100,0.32,-0.020000000000000018,1,7600
100,0.32,-0.020000000000000018,2,0
100,0.32,-0.030000000000000027,0,8720
100,0.32,-0.030000000000000027,1,320
100,0.32,-0.030000000000000027,2,9820
100,0.32,-0.040000000000000036,0,9350
100,0.32,-0.040000000000000036,1,370
100,0.32,-0.040000000000000036,2,9920
100,0.32,-0.050000000000000044,0,9380
100,0.32,-0.050000000000000044,1,380
100,0.32,-0.050000000000000044,2,9910
100,0.32,-0.06000000000000005,0,9680
100,0.32,-0.06000000000000005,1,9720
100,0.32,-0.06000000000000005,2,0
100,0.32,-0.07000000000000006,0,9860
100,0.32,-0.07000000000000006,1,8870
100,0.32,-0.07000000000000006,2,8160
100,0.32,-0.08000000000000007,0,9750
100,0.32,-0.08000000000000007,1,9370
100,0.32,-0.08000000000000007,2,9920
100,0.32,-0.09000000000000008,0,9890
100,0.32,-0.09000000000000008,1,9820
100,0.32,-0.09000000000000008,2,9680
100,0.32,-0.09999999999999998,0,9820
100,0.32,-0.09999999999999998,1,9920
100,0.32,-0.09999999999999998,2,9580
100,0.32,-0.10999999999999999,0,9910
100,0.32,-0.10999999999999999,1,9910
100,0.32,-0.10999999999999999,2,9850
100,0.32,-0.12,0,9850
100,0.32,-0.12,1,9900
100,0.32,-0.12,2,9610
100,0.32,-0.13,0,9500
100,0.32,-0.13,1,9870
100,0.32,-0.13,2,9920
100,0.32,-0.14,0,9920
100,0.32,-0.14,1,9910
100,0.32,-0.14,2,9900
100,0.32,-0.15000000000000002,0,9650
100,0.32,-0.15000000000000002,1,9950
100,0.32,-0.15000000000000002,2,9000
100,0.32,-0.16000000000000003,0,9860
100,0.32,-0.16000000000000003,1,9790
100,0.32,-0.16000000000000003,2,9460
100,0.32,-0.17000000000000004,0,9880
100,0.32,-0.17000000000000004,1,9910
100,0.32,-0.17000000000000004,2,9590
100,0.32,-0.18000000000000005,0,9920
100,0.32,-0.18000000000000005,1,9900
100,0.32,-0.18000000000000005,2,9890
100,0.32,-0.19000000000000006,0,9810
100,0.32,-0.19000000000000006,1,9890
100,0.32,-0.19000000000000006,2,9750
100,0.32,-0.20000000000000007,0,9360
100,0.32,-0.20000000000000007,1,9770
100,0.32,-0.20000000000000007,2,9820
100,0.32,-0.21000000000000008,0,9730
100,0.32,-0.21000000000000008,1,9770
100,0.32,-0.21000000000000008,2,9890
100,0.32,-0.22000000000000008,0,6790
100,0.32,-0.22000000000000008,1,9900
100,0.32,-0.22000000000000008,2,9840
100,0.32,-0.22999999999999998,0,9820
100,0.32,-0.22999999999999998,1,9880
100,0.32,-0.22999999999999998,2,9730
100,0.32,-0.24,0,5340
100,0.32,-0.24,1,9930
100,0.32,-0.24,2,9570
100,0.32,-0.25,0,0
100,0.32,-0.25,1,9930
100,0.32,-0.25,2,9870
100,0.32,-0.26,0,9702
100,0.32,-0.26,1,8270
100,0.32,-0.26,2,9930
100,0.32,-0.27,0,5170
100,0.32,-0.27,1,7870
100,0.32,-0.27,2,9670
100,0.32,-0.28,0,9380
100,0.32,-0.28,1,9700
100,0.32,-0.28,2,8240
100,0.32,-0.29000000000000004,0,0
100,0.32,-0.29000000000000004,1,9537
100,0.32,-0.29000000000000004,2,0
100,0.32,-0.30000000000000004,0,3480
100,0.32,-0.30000000000000004,1,1680
100,0.32,-0.30000000000000004,2,0
100,0.32,-0.31000000000000005,0,0
100,0.32,-0.31000000000000005,1,430
100,0.32,-0.31000000000000005,2,9400
100,0.32,-0.32000000000000006,0,0
100,0.32,-0.32000000000000006,1,1350
100,0.32,-0.32000000000000006,2,0
100,0.32,-0.33,0,0
100,0.32,-0.33,1,500
100,0.32,-0.33,2,0
100,0.32,-0.34,0,0
100,0.32,-0.34,1,6890
100,0.32,-0.34,2,0
100,0.32,-0.35000000000000003,0,4900
100,0.32,-0.35000000000000003,1,5750
100,0.32,-0.35000000000000003,2,0
100,0.32,-0.36000000000000004,0,0
100,0.32,-0.36000000000000004,1,320
100,0.32,-0.36000000000000004,2,0
100,0.32,-0.37000000000000005,0,0
100,0.32,-0.37000000000000005,1,320
100,0.32,-0.37000000000000005,2,0
100,0.32,-0.38000000000000006,0,0
100,0.32,-0.38000000000000006,1,340
100,0.32,-0.38000000000000006,2,0
100,0.32,-0.39,0,0
100,0.32,-0.39,1,8010
100,0.32,-0.39,2,0
100,0.32,-0.41000000000000003,0,0
100,0.32,-0.41000000000000003,1,170
100,0.32,-0.41000000000000003,2,0
100,0.32,-0.42000000000000004,0,0
100,0.32,-0.42000000000000004,1,9751
100,0.32,-0.42000000000000004,2,0
100,0.32,-0.43000000000000005,0,0
100,0.32,-0.43000000000000005,1,240
100,0.32,-0.43000000000000005,2,0
100,0.32,-0.44000000000000006,0,6460
100,0.32,-0.44000000000000006,1,230
100,0.32,-0.44000000000000006,2,0
100,0.32,-0.45,0,0
100,0.32,-0.45,1,9450
100,0.32,-0.45,2,0
100,0.32,-0.46,0,0
100,0.32,-0.46,1,8440
100,0.32,-0.46,2,0
100,0.32,-0.47000000000000003,0,0
100,0.32,-0.47000000000000003,1,160
100,0.32,-0.47000000000000003,2,0
100,0.32,-0.48000000000000004,0,0
100,0.32,-0.48000000000000004,1,160
100,0.32,-0.48000000000000004,2,0
100,0.32,-0.49000000000000005,0,0
100,0.32,-0.49000000000000005,1,0
100,0.32,-0.49000000000000005,2,0
100,0.32,-0.4,0,0
100,0.32,-0.4,1,260
100,0.32,-0.4,2,0
100,0.32,-0.51,0,0
100,0.32,-0.51,1,9990
100,0.32,-0.51,2,0
100,0.32,-0.52,0,0
100,0.32,-0.52,1,0
100,0.32,-0.52,2,0
100,0.32,-0.53,0,0
100,0.32,-0.53,1,210
100,0.32,-0.53,2,0
100,0.32,-0.54,0,0
100,0.32,-0.54,1,0
100,0.32,-0.54,2,0
100,0.32,-0.55,0,0
100,0.32,-0.55,1,0
100,0.32,-0.55,2,0
100,0.32,-0.56,0,0
100,0.32,-0.56,1,7060
100,0.32,-0.56,2,0
100,0.32,-0.5700000000000001,0,0
100,0.32,-0.5700000000000001,1,9880
100,0.32,-0.5700000000000001,2,0
100,0.32,-0.5800000000000001,0,0
100,0.32,-0.5800000000000001,1,0
100,0.32,-0.5800000000000001,2,0
100,0.32,-0.5900000000000001,0,0
100,0.32,-0.5900000000000001,1,0
100,0.32,-0.5900000000000001,2,0
100,0.32,-0.5,0,0
100,0.32,-0.5,1,0
100,0.32,-0.5,2,0
100,0.32,-0.6000000000000001,0,0
100,0.32,-0.6000000000000001,1,0
100,0.32,-0.6000000000000001,2,0
100,0.32,-0.6100000000000001,0,0
100,0.32,-0.6100000000000001,1,0
100,0.32,-0.6100000000000001,2,0
100,0.32,-0.6200000000000001,0,0
100,0.32,-0.6200000000000001,1,0
100,0.32,-0.6200000000000001,2,0
100,0.32,-0.63,0,0
100,0.32,-0.63,1,160
100,0.32,-0.63,2,0
100,0.32,-0.64,0,0
100,0.32,-0.64,1,0
100,0.32,-0.64,2,0
100,0.32,-0.65,0,0
100,0.32,-0.65,1,8010
100,0.32,-0.65,2,0
100,0.32,-0.66,0,0
100,0.32,-0.66,1,0
100,0.32,-0.66,2,0
100,0.32,-0.67,0,0
100,0.32,-0.67,1,0
100,0.32,-0.67,2,0
100,0.32,-0.68,0,0
100,0.32,-0.68,1,0
100,0.32,-0.68,2,0
100,0.32,-0.6900000000000001,0,0
100,0.32,-0.6900000000000001,1,5680
100,0.32,-0.6900000000000001,2,0
100,0.32,-0.7000000000000001,0,0
100,0.32,-0.7000000000000001,1,9770
100,0.32,-0.7000000000000001,2,0
100,0.32,-0.7100000000000001,0,0
100,0.32,-0.7100000000000001,1,8560
100,0.32,-0.7100000000000001,2,0
100,0.32,-0.7200000000000001,0,0
100,0.32,-0.7200000000000001,1,5750
100,0.32,-0.7200000000000001,2,0
100,0.32,-0.73,0,0
100,0.32,-0.73,1,9956
100,0.32,-0.73,2,0
100,0.32,-0.74,0,0
100,0.32,-0.74,1,5670
100,0.32,-0.74,2,0
100,0.32,-0.75,0,0
100,0.32,-0.75,1,3600
100,0.32,-0.75,2,0
100,0.32,-0.76,0,0
100,0.32,-0.76,1,8810
100,0.32,-0.76,2,0
100,0.32,-0.77,0,0
100,0.32,-0.77,1,9866
100,0.32,-0.77,2,0
100,0.32,-0.78,0,0
100,0.32,-0.78,1,3050
100,0.32,-0.78,2,0
100,0.32,-0.79,0,0
100,0.32,-0.79,1,0
100,0.32,-0.79,2,0
100,0.32,-0.8,0,0
100,0.32,-0.8,1,480
100,0.32,-0.8,2,0
100,0.32,0.010000000000000009,0,5350
100,0.32,0.010000000000000009,1,5730
100,0.32,0.010000000000000009,2,1900
100,0.32,0.020000000000000018,0,2280
100,0.32,0.020000000000000018,1,2010
100,0.32,0.020000000000000018,2,140
100,0.32,0.030000000000000027,0,1450
100,0.32,0.030000000000000027,1,1050
100,0.32,0.030000000000000027,2,80
100,0.32,0.039999999999999925,0,1000
100,0.32,0.039999999999999925,1,370
100,0.32,0.039999999999999925,2,50
100,0.32,0.04999999999999993,0,800
100,0.32,0.04999999999999993,1,320
100,0.32,0.04999999999999993,2,30
100,0.32,0.05999999999999994,0,640
100,0.32,0.05999999999999994,1,290
100,0.32,0.05999999999999994,2,20
100,0.32,0.06999999999999995,0,170
100,0.32,0.06999999999999995,1,250
100,0.32,0.06999999999999995,2,20
100,0.32,0.07999999999999996,0,150
100,0.32,0.07999999999999996,1,220
100,0.32,0.07999999999999996,2,10
100,0.32,0.08999999999999997,0,130
100,0.32,0.08999999999999997,1,200
100,0.32,0.08999999999999997,2,10
100,0.32,0.09999999999999998,0,120
100,0.32,0.09999999999999998,1,190
100,0.32,0.09999999999999998,2,10
100,0.32,0.0,0,0
100,0.32,0.0,1,0
100,0.32,0.0,2,0
100,0.32,0.10999999999999999,0,110
100,0.32,0.10999999999999999,1,80
100,0.32,0.10999999999999999,2,10
100,0.32,0.12,0,100
100,0.32,0.12,1,70
100,0.32,0.12,2,0
100,0.32,0.13,0,90
100,0.32,0.13,1,60
100,0.32,0.13,2,0
100,0.32,0.14,0,80
100,0.32,0.14,1,60
100,0.32,0.14,2,0
100,0.32,0.15000000000000002,0,80
100,0.32,0.15000000000000002,1,50
100,0.32,0.15000000000000002,2,0
100,0.32,0.15999999999999992,0,70
100,0.32,0.15999999999999992,1,50
100,0.32,0.15999999999999992,2,0
100,0.32,0.16999999999999993,0,60
100,0.32,0.16999999999999993,1,40
100,0.32,0.16999999999999993,2,0
100,0.32,0.17999999999999994,0,60
100,0.32,0.17999999999999994,1,40
100,0.32,0.17999999999999994,2,0
100,0.32,0.18999999999999995,0,50
100,0.32,0.18999999999999995,1,0
100,0.32,0.18999999999999995,2,0
100,0.32,0.2,0,40
100,0.32,0.2,1,0
100,0.32,0.2,2,0
100,0.33,-0.010000000000000009,0,130
100,0.33,-0.010000000000000009,1,9997
100,0.33,-0.010000000000000009,2,0
100,0.33,-0.020000000000000018,0,180
100,0.33,-0.020000000000000018,1,260
100,0.33,-0.020000000000000018,2,0
100,0.33,-0.030000000000000027,0,7960
100,0.33,-0.030000000000000027,1,8890
100,0.33,-0.030000000000000027,2,0
100,0.33,-0.040000000000000036,0,180
100,0.33,-0.040000000000000036,1,9540
100,0.33,-0.040000000000000036,2,0
100,0.33,-0.050000000000000044,0,170
100,0.33,-0.050000000000000044,1,9160
100,0.33,-0.050000000000000044,2,5200
100,0.33,-0.06000000000000005,0,9580
100,0.33,-0.06000000000000005,1,9810
100,0.33,-0.06000000000000005,2,0
100,0.33,-0.07000000000000006,0,9920
100,0.33,-0.07000000000000006,1,9840
100,0.33,-0.07000000000000006,2,8750
100,0.33,-0.08000000000000007,0,9770
100,0.33,-0.08000000000000007,1,9840
100,0.33,-0.08000000000000007,2,9580
100,0.33,-0.09000000000000008,0,9610
100,0.33,-0.09000000000000008,1,9540
100,0.33,-0.09000000000000008,2,7580
100,0.33,-0.09999999999999998,0,9920
100,0.33,-0.09999999999999998,1,9930
100,0.33,-0.09999999999999998,2,9630
100,0.33,-0.10999999999999999,0,9920
100,0.33,-0.10999999999999999,1,9820
100,0.33,-0.10999999999999999,2,9890
100,0.33,-0.12,0,9240
100,0.33,-0.12,1,9920
100,0.33,-0.12,2,9910
100,0.33,-0.13,0,9690
100,0.33,-0.13,1,9880
100,0.33,-0.13,2,9860
100,0.33,-0.14,0,9170
100,0.33,-0.14,1,9930
100,0.33,-0.14,2,8790
100,0.33,-0.15000000000000002,0,9930
100,0.33,-0.15000000000000002,1,9760
100,0.33,-0.15000000000000002,2,9930
100,0.33,-0.16000000000000003,0,9890
100,0.33,-0.16000000000000003,1,9710
100,0.33,-0.16000000000000003,2,9950
100,0.33,-0.17000000000000004,0,9460
100,0.33,-0.17000000000000004,1,9890
100,0.33,-0.17000000000000004,2,9840
100,0.33,-0.18000000000000005,0,9950
100,0.33,-0.18000000000000005,1,9820
100,0.33,-0.18000000000000005,2,9780
100,0.33,-0.19000000000000006,0,8550
100,0.33,-0.19000000000000006,1,9720
100,0.33,-0.19000000000000006,2,9830
100,0.33,-0.20000000000000007,0,9810
100,0.33,-0.20000000000000007,1,9770
100,0.33,-0.20000000000000007,2,9950
100,0.33,-0.21000000000000008,0,9850
100,0.33,-0.21000000000000008,1,9810
100,0.33,-0.21000000000000008,2,9850
100,0.33,-0.22000000000000008,0,9950
100,0.33,-0.22000000000000008,1,9570
100,0.33,-0.22000000000000008,2,9740
100,0.33,-0.22999999999999998,0,6600
100,0.33,-0.22999999999999998,1,9900
100,0.33,-0.22999999999999998,2,9920
100,0.33,-0.24,0,9770
100,0.33,-0.24,1,6580
100,0.33,-0.24,2,9910
100,0.33,-0.25,0,9790
100,0.33,-0.25,1,9920
100,0.33,-0.25,2,9720
100,0.33,-0.26,0,9790
100,0.33,-0.26,1,9770
100,0.33,-0.26,2,9880
100,0.33,-0.27,0,9930
100,0.33,-0.27,1,8370
100,0.33,-0.27,2,9910
100,0.33,-0.28,0,9700
100,0.33,-0.28,1,5690
100,0.33,-0.28,2,9770
100,0.33,-0.29000000000000004,0,0
100,0.33,-0.29000000000000004,1,9710
100,0.33,-0.29000000000000004,2,8300
100,0.33,-0.30000000000000004,0,9430
100,0.33,-0.30000000000000004,1,5510
100,0.33,-0.30000000000000004,2,3830
100,0.33,-0.31000000000000005,0,7670
100,0.33,-0.31000000000000005,1,7050
100,0.33,-0.31000000000000005,2,0
100,0.33,-0.32000000000000006,0,0
100,0.33,-0.32000000000000006,1,330
100,0.33,-0.32000000000000006,2,0
100,0.33,-0.33,0,7600
100,0.33,-0.33,1,860
100,0.33,-0.33,2,0
100,0.33,-0.34,0,2430
100,0.33,-0.34,1,1270
100,0.33,-0.34,2,0
100,0.33,-0.35000000000000003,0,0
100,0.33,-0.35000000000000003,1,1490
100,0.33,-0.35000000000000003,2,0
100,0.33,-0.36000000000000004,0,0
100,0.33,-0.36000000000000004,1,630
100,0.33,-0.36000000000000004,2,0
100,0.33,-0.37000000000000005,0,0
100,0.33,-0.37000000000000005,1,440
100,0.33,-0.37000000000000005,2,0
100,0.33,-0.38000000000000006,0,0
100,0.33,-0.38000000000000006,1,400
100,0.33,-0.38000000000000006,2,0
100,0.33,-0.39,0,0
100,0.33,-0.39,1,350
100,0.33,-0.39,2,0
100,0.33,-0.41000000000000003,0,0
100,0.33,-0.41000000000000003,1,9850
100,0.33,-0.41000000000000003,2,0
100,0.33,-0.42000000000000004,0,0
100,0.33,-0.42000000000000004,1,380
100,0.33,-0.42000000000000004,2,0
100,0.33,-0.43000000000000005,0,0
100,0.33,-0.43000000000000005,1,1920
100,0.33,-0.43000000000000005,2,0
100,0.33,-0.44000000000000006,0,0
100,0.33,-0.44000000000000006,1,260
100,0.33,-0.44000000000000006,2,0
100,0.33,-0.45,0,0
100,0.33,-0.45,1,260
100,0.33,-0.45,2,9250
100,0.33,-0.46,0,0
100,0.33,-0.46,1,240
100,0.33,-0.46,2,0
100,0.33,-0.47000000000000003,0,0
100,0.33,-0.47000000000000003,1,240
100,0.33,-0.47000000000000003,2,0
100,0.33,-0.48000000000000004,0,0
100,0.33,-0.48000000000000004,1,180
100,0.33,-0.48000000000000004,2,0
100,0.33,-0.49000000000000005,0,0
100,0.33,-0.49000000000000005,1,7360
100,0.33,-0.49000000000000005,2,0
100,0.33,-0.4,0,0
100,0.33,-0.4,1,370
100,0.33,-0.4,2,0
100,0.33,-0.51,0,0
100,0.33,-0.51,1,210
100,0.33,-0.51,2,0
100,0.33,-0.52,0,0
100,0.33,-0.52,1,5660
100,0.33,-0.52,2,0
100,0.33,-0.53,0,0
100,0.33,-0.53,1,9822
100,0.33,-0.53,2,0
100,0.33,-0.54,0,0
100,0.33,-0.54,1,9956
100,0.33,-0.54,2,0
100,0.33,-0.55,0,0
100,0.33,-0.55,1,0
100,0.33,-0.55,2,0
100,0.33,-0.56,0,0
100,0.33,-0.56,1,150
100,0.33,-0.56,2,0
100,0.33,-0.5700000000000001,0,0
100,0.33,-0.5700000000000001,1,0
100,0.33,-0.5700000000000001,2,0
100,0.33,-0.5800000000000001,0,0
100,0.33,-0.5800000000000001,1,0
100,0.33,-0.5800000000000001,2,0
100,0.33,-0.5900000000000001,0,9997
100,0.33,-0.5900000000000001,1,0
100,0.33,-0.5900000000000001,2,0
100,0.33,-0.5,0,0
100,0.33,-0.5,1,0
100,0.33,-0.5,2,0
100,0.33,-0.6000000000000001,0,0
100,0.33,-0.6000000000000001,1,9613
100,0.33,-0.6000000000000001,2,0
100,0.33,-0.6100000000000001,0,0
100,0.33,-0.6100000000000001,1,9758
100,0.33,-0.6100000000000001,2,0
100,0.33,-0.6200000000000001,0,0
100,0.33,-0.6200000000000001,1,9831
100,0.33,-0.6200000000000001,2,0
100,0.33,-0.63,0,0
100,0.33,-0.63,1,160
100,0.33,-0.63,2,0
100,0.33,-0.64,0,0
100,0.33,-0.64,1,0
100,0.33,-0.64,2,0
100,0.33,-0.65,0,0
100,0.33,-0.65,1,0
100,0.33,-0.65,2,0
100,0.33,-0.66,0,0
100,0.33,-0.66,1,0
100,0.33,-0.66,2,0
100,0.33,-0.67,0,0
100,0.33,-0.67,1,5020
100,0.33,-0.67,2,0
100,0.33,-0.68,0,0
100,0.33,-0.68,1,0
100,0.33,-0.68,2,0
100,0.33,-0.6900000000000001,0,0
100,0.33,-0.6900000000000001,1,9917
100,0.33,-0.6900000000000001,2,0
100,0.33,-0.7000000000000001,0,0
100,0.33,-0.7000000000000001,1,0
100,0.33,-0.7000000000000001,2,0
100,0.33,-0.7100000000000001,0,0
100,0.33,-0.7100000000000001,1,0
100,0.33,-0.7100000000000001,2,0
100,0.33,-0.7200000000000001,0,0
100,0.33,-0.7200000000000001,1,9752
100,0.33,-0.7200000000000001,2,0
100,0.33,-0.73,0,0
100,0.33,-0.73,1,0
100,0.33,-0.73,2,0
100,0.33,-0.74,0,0
100,0.33,-0.74,1,0
100,0.33,-0.74,2,0
100,0.33,-0.75,0,0
100,0.33,-0.75,1,0
100,0.33,-0.75,2,0
100,0.33,-0.76,0,0
100,0.33,-0.76,1,8430
100,0.33,-0.76,2,0
100,0.33,-0.77,0,0
100,0.33,-0.77,1,6850
100,0.33,-0.77,2,0
100,0.33,-0.78,0,0
100,0.33,-0.78,1,4320
100,0.33,-0.78,2,0
100,0.33,-0.79,0,0
100,0.33,-0.79,1,0
100,0.33,-0.79,2,0
100,0.33,-0.8,0,0
100,0.33,-0.8,1,0
100,0.33,-0.8,2,0
100,0.33,0.010000000000000009,0,5490
100,0.33,0.010000000000000009,1,5770
100,0.33,0.010000000000000009,2,1900
100,0.33,0.020000000000000018,0,2340
100,0.33,0.020000000000000018,1,2000
100,0.33,0.020000000000000018,2,140
100,0.33,0.030000000000000027,0,1490
100,0.33,0.030000000000000027,1,1060
100,0.33,0.030000000000000027,2,80
100,0.33,0.039999999999999925,0,1000
100,0.33,0.039999999999999925,1,370
100,0.33,0.039999999999999925,2,50
100,0.33,0.04999999999999993,0,820
100,0.33,0.04999999999999993,1,320
100,0.33,0.04999999999999993,2,30
100,0.33,0.05999999999999994,0,670
100,0.33,0.05999999999999994,1,290
100,0.33,0.05999999999999994,2,20
100,0.33,0.06999999999999995,0,160
100,0.33,0.06999999999999995,1,250
100,0.33,0.06999999999999995,2,20
100,0.33,0.07999999999999996,0,150
100,0.33,0.07999999999999996,1,220
100,0.33,0.07999999999999996,2,10
100,0.33,0.08999999999999997,0,130
100,0.33,0.08999999999999997,1,200
100,0.33,0.08999999999999997,2,10
100,0.33,0.09999999999999998,0,120
100,0.33,0.09999999999999998,1,180
100,0.33,0.09999999999999998,2,10
100,0.33,0.0,0,0
100,0.33,0.0,1,0
100,0.33,0.0,2,0
100,0.33,0.10999999999999999,0,110
100,0.33,0.10999999999999999,1,170
100,0.33,0.10999999999999999,2,0
100,0.33,0.12,0,100
100,0.33,0.12,1,70
100,0.33,0.12,2,0
100,0.33,0.13,0,90
100,0.33,0.13,1,60
100,0.33,0.13,2,0
100,0.33,0.14,0,80
100,0.33,0.14,1,60
100,0.33,0.14,2,0
100,0.33,0.15000000000000002,0,70
100,0.33,0.15000000000000002,1,50
100,0.33,0.15000000000000002,2,0
100,0.33,0.15999999999999992,0,70
100,0.33,0.15999999999999992,1,50
100,0.33,0.15999999999999992,2,0
100,0.33,0.16999999999999993,0,60
100,0.33,0.16999999999999993,1,40
100,0.33,0.16999999999999993,2,0
100,0.33,0.17999999999999994,0,60
100,0.33,0.17999999999999994,1,40
100,0.33,0.17999999999999994,2,0
100,0.33,0.18999999999999995,0,50
100,0.33,0.18999999999999995,1,0
100,0.33,0.18999999999999995,2,0
100,0.33,0.2,0,40
100,0.33,0.2,1,0
100,0.33,0.2,2,0
100,0.34,-0.010000000000000009,0,120
100,0.34,-0.010000000000000009,1,210
100,0.34,-0.010000000000000009,2,0
100,0.34,-0.020000000000000018,0,9190
100,0.34,-0.020000000000000018,1,6580
100,0.34,-0.020000000000000018,2,0
100,0.34,-0.030000000000000027,0,180
100,0.34,-0.030000000000000027,1,310
100,0.34,-0.030000000000000027,2,0
100,0.34,-0.040000000000000036,0,9920
100,0.34,-0.040000000000000036,1,290
100,0.34,-0.040000000000000036,2,9830
100,0.34,-0.050000000000000044,0,9280
100,0.34,-0.050000000000000044,1,6000
100,0.34,-0.050000000000000044,2,7420
100,0.34,-0.06000000000000005,0,9860
100,0.34,-0.06000000000000005,1,9680
100,0.34,-0.06000000000000005,2,9770
100,0.34,-0.07000000000000006,0,7830
100,0.34,-0.07000000000000006,1,9440
100,0.34,-0.07000000000000006,2,9710
100,0.34,-0.08000000000000007,0,9810
100,0.34,-0.08000000000000007,1,9850
100,0.34,-0.08000000000000007,2,9440
100,0.34,-0.09000000000000008,0,9900
100,0.34,-0.09000000000000008,1,8490
100,0.34,-0.09000000000000008,2,6070
100,0.34,-0.09999999999999998,0,9860
100,0.34,-0.09999999999999998,1,9710
100,0.34,-0.09999999999999998,2,4720
100,0.34,-0.10999999999999999,0,9830
100,0.34,-0.10999999999999999,1,8410
100,0.34,-0.10999999999999999,2,9680
100,0.34,-0.12,0,9550
100,0.34,-0.12,1,9180
100,0.34,-0.12,2,5330
100,0.34,-0.13,0,9790
100,0.34,-0.13,1,9730
100,0.34,-0.13,2,9540
100,0.34,-0.14,0,9770
100,0.34,-0.14,1,9360
100,0.34,-0.14,2,9710
100,0.34,-0.15000000000000002,0,9880
100,0.34,-0.15000000000000002,1,9940
100,0.34,-0.15000000000000002,2,9810
100,0.34,-0.16000000000000003,0,9880
100,0.34,-0.16000000000000003,1,9940
100,0.34,-0.16000000000000003,2,9880
100,0.34,-0.17000000000000004,0,9620
100,0.34,-0.17000000000000004,1,9660
100,0.34,-0.17000000000000004,2,9920
100,0.34,-0.18000000000000005,0,9900
100,0.34,-0.18000000000000005,1,9640
100,0.34,-0.18000000000000005,2,9850
100,0.34,-0.19000000000000006,0,7970
100,0.34,-0.19000000000000006,1,9750
100,0.34,-0.19000000000000006,2,9720
100,0.34,-0.20000000000000007,0,9890
100,0.34,-0.20000000000000007,1,9820
100,0.34,-0.20000000000000007,2,9830
100,0.34,-0.21000000000000008,0,9880
100,0.34,-0.21000000000000008,1,9850
100,0.34,-0.21000000000000008,2,9670
100,0.34,-0.22000000000000008,0,9920
100,0.34,-0.22000000000000008,1,9870
100,0.34,-0.22000000000000008,2,9940
100,0.34,-0.22999999999999998,0,9890
100,0.34,-0.22999999999999998,1,9890
100,0.34,-0.22999999999999998,2,9760
100,0.34,-0.24,0,9910
100,0.34,-0.24,1,9930
100,0.34,-0.24,2,9780
100,0.34,-0.25,0,9310
100,0.34,-0.25,1,9880
100,0.34,-0.25,2,9820
100,0.34,-0.26,0,9930
100,0.34,-0.26,1,9820
100,0.34,-0.26,2,9800
100,0.34,-0.27,0,9860
100,0.34,-0.27,1,9930
100,0.34,-0.27,2,9710
100,0.34,-0.28,0,8980
100,0.34,-0.28,1,9470
100,0.34,-0.28,2,9790
100,0.34,-0.29000000000000004,0,8700
100,0.34,-0.29000000000000004,1,9750
100,0.34,-0.29000000000000004,2,6570
100,0.34,-0.30000000000000004,0,9270
100,0.34,-0.30000000000000004,1,9890
100,0.34,-0.30000000000000004,2,9680
100,0.34,-0.31000000000000005,0,7150
100,0.34,-0.31000000000000005,1,9880
100,0.34,-0.31000000000000005,2,9810
100,0.34,-0.32000000000000006,0,1950
100,0.34,-0.32000000000000006,1,370
100,0.34,-0.32000000000000006,2,9986
100,0.34,-0.33,0,0
100,0.34,-0.33,1,7750
100,0.34,-0.33,2,0
100,0.34,-0.34,0,0
100,0.34,-0.34,1,8340
100,0.34,-0.34,2,0
100,0.34,-0.35000000000000003,0,0
100,0.34,-0.35000000000000003,1,1150
100,0.34,-0.35000000000000003,2,9480
100,0.34,-0.36000000000000004,0,0
100,0.34,-0.36000000000000004,1,9770
100,0.34,-0.36000000000000004,2,0
100,0.34,-0.37000000000000005,0,0
100,0.34,-0.37000000000000005,1,880
100,0.34,-0.37000000000000005,2,0
100,0.34,-0.38000000000000006,0,0
100,0.34,-0.38000000000000006,1,9814
100,0.34,-0.38000000000000006,2,0
100,0.34,-0.39,0,0
100,0.34,-0.39,1,580
100,0.34,-0.39,2,0
100,0.34,-0.41000000000000003,0,0
100,0.34,-0.41000000000000003,1,8430
100,0.34,-0.41000000000000003,2,0
100,0.34,-0.42000000000000004,0,0
100,0.34,-0.42000000000000004,1,6310
100,0.34,-0.42000000000000004,2,0
100,0.34,-0.43000000000000005,0,0
100,0.34,-0.43000000000000005,1,380
100,0.34,-0.43000000000000005,2,0
100,0.34,-0.44000000000000006,0,0
100,0.34,-0.44000000000000006,1,420
100,0.34,-0.44000000000000006,2,0
100,0.34,-0.45,0,3640
100,0.34,-0.45,1,9966
100,0.34,-0.45,2,0
100,0.34,-0.46,0,0
100,0.34,-0.46,1,340
100,0.34,-0.46,2,0
100,0.34,-0.47000000000000003,0,0
100,0.34,-0.47000000000000003,1,320
100,0.34,-0.47000000000000003,2,0
100,0.34,-0.48000000000000004,0,0
100,0.34,-0.48000000000000004,1,300
100,0.34,-0.48000000000000004,2,0
100,0.34,-0.49000000000000005,0,0
100,0.34,-0.49000000000000005,1,270
100,0.34,-0.49000000000000005,2,0
100,0.34,-0.4,0,0
100,0.34,-0.4,1,410
100,0.34,-0.4,2,0
100,0.34,-0.51,0,0
100,0.34,-0.51,1,260
100,0.34,-0.51,2,0
100,0.34,-0.52,0,0
100,0.34,-0.52,1,210
100,0.34,-0.52,2,0
100,0.34,-0.53,0,0
100,0.34,-0.53,1,230
100,0.34,-0.53,2,0
100,0.34,-0.54,0,0
100,0.34,-0.54,1,6320
100,0.34,-0.54,2,0
100,0.34,-0.55,0,0
100,0.34,-0.55,1,7490
100,0.34,-0.55,2,0
100,0.34,-0.56,0,0
100,0.34,-0.56,1,9986
100,0.34,-0.56,2,0
100,0.34,-0.5700000000000001,0,0
100,0.34,-0.5700000000000001,1,9867
100,0.34,-0.5700000000000001,2,0
100,0.34,-0.5800000000000001,0,0
100,0.34,-0.5800000000000001,1,9702
100,0.34,-0.5800000000000001,2,0
100,0.34,-0.5900000000000001,0,0
100,0.34,-0.5900000000000001,1,8190
100,0.34,-0.5900000000000001,2,0
100,0.34,-0.5,0,0
100,0.34,-0.5,1,260
100,0.34,-0.5,2,0
100,0.34,-0.6000000000000001,0,0
100,0.34,-0.6000000000000001,1,6870
100,0.34,-0.6000000000000001,2,0
100,0.34,-0.6100000000000001,0,0
100,0.34,-0.6100000000000001,1,5090
100,0.34,-0.6100000000000001,2,0
100,0.34,-0.6200000000000001,0,0
100,0.34,-0.6200000000000001,1,0
100,0.34,-0.6200000000000001,2,0
100,0.34,-0.63,0,0
100,0.34,-0.63,1,150
100,0.34,-0.63,2,0
100,0.34,-0.64,0,0
100,0.34,-0.64,1,0
100,0.34,-0.64,2,0
100,0.34,-0.65,0,0
100,0.34,-0.65,1,8590
100,0.34,-0.65,2,0
100,0.34,-0.66,0,0
100,0.34,-0.66,1,7670
100,0.34,-0.66,2,0
100,0.34,-0.67,0,0
100,0.34,-0.67,1,0
100,0.34,-0.67,2,0
100,0.34,-0.68,0,0
100,0.34,-0.68,1,0
100,0.34,-0.68,2,0
100,0.34,-0.6900000000000001,0,0
100,0.34,-0.6900000000000001,1,8450
100,0.34,-0.6900000000000001,2,0
100,0.34,-0.7000000000000001,0,0
100,0.34,-0.7000000000000001,1,0
100,0.34,-0.7000000000000001,2,0
100,0.34,-0.7100000000000001,0,0
100,0.34,-0.7100000000000001,1,0
100,0.34,-0.7100000000000001,2,0
100,0.34,-0.7200000000000001,0,9630
100,0.34,-0.7200000000000001,1,0
100,0.34,-0.7200000000000001,2,0
100,0.34,-0.73,0,0
100,0.34,-0.73,1,8860
100,0.34,-0.73,2,0
100,0.34,-0.74,0,0
100,0.34,-0.74,1,9906
100,0.34,-0.74,2,0
100,0.34,-0.75,0,0
100,0.34,-0.75,1,5930
100,0.34,-0.75,2,0
100,0.34,-0.76,0,0
100,0.34,-0.76,1,7990
100,0.34,-0.76,2,0
100,0.34,-0.77,0,0
100,0.34,-0.77,1,0
100,0.34,-0.77,2,0
100,0.34,-0.78,0,0
100,0.34,-0.78,1,0
100,0.34,-0.78,2,0
100,0.34,-0.79,0,0
100,0.34,-0.79,1,0
100,0.34,-0.79,2,0
100,0.34,-0.8,0,0
100,0.34,-0.8,1,0
100,0.34,-0.8,2,0
100,0.34,0.010000000000000009,0,5630
100,0.34,0.010000000000000009,1,5810
100,0.34,0.010000000000000009,2,1900
100,0.34,0.020000000000000018,0,2330
100,0.34,0.020000000000000018,1,2040
100,0.34,0.020000000000000018,2,130
100,0.34,0.030000000000000027,0,1490
100,0.34,0.030000000000000027,1,1060
100,0.34,0.030000000000000027,2,80
100,0.34,0.039999999999999925,0,990
100,0.34,0.039999999999999925,1,350
100,0.34,0.039999999999999925,2,50
100,0.34,0.04999999999999993,0,800
100,0.34,0.04999999999999993,1,310
100,0.34,0.04999999999999993,2,30
100,0.34,0.05999999999999994,0,660
100,0.34,0.05999999999999994,1,280
100,0.34,0.05999999999999994,2,20
100,0.34,0.06999999999999995,0,160
100,0.34,0.06999999999999995,1,250
100,0.34,0.06999999999999995,2,20
100,0.34,0.07999999999999996,0,140
100,0.34,0.07999999999999996,1,220
100,0.34,0.07999999999999996,2,10
100,0.34,0.08999999999999997,0,130
100,0.34,0.08999999999999997,1,200
100,0.34,0.08999999999999997,2,10
100,0.34,0.09999999999999998,0,110
100,0.34,0.09999999999999998,1,180
100,0.34,0.09999999999999998,2,10
100,0.34,0.0,0,0
100,0.34,0.0,1,0
100,0.34,0.0,2,0
100,0.34,0.10999999999999999,0,100
100,0.34,0.10999999999999999,1,170
100,0.34,0.10999999999999999,2,10
100,0.34,0.12,0,100
100,0.34,0.12,1,70
100,0.34,0.12,2,10
100,0.34,0.13,0,90
100,0.34,0.13,1,60
100,0.34,0.13,2,0
100,0.34,0.14,0,80
100,0.34,0.14,1,60
100,0.34,0.14,2,0
100,0.34,0.15000000000000002,0,70
100,0.34,0.15000000000000002,1,50
100,0.34,0.15000000000000002,2,0
100,0.34,0.15999999999999992,0,70
100,0.34,0.15999999999999992,1,50
100,0.34,0.15999999999999992,2,0
100,0.34,0.16999999999999993,0,60
100,0.34,0.16999999999999993,1,40
100,0.34,0.16999999999999993,2,0
100,0.34,0.17999999999999994,0,60
100,0.34,0.17999999999999994,1,40
100,0.34,0.17999999999999994,2,0
100,0.34,0.18999999999999995,0,50
100,0.34,0.18999999999999995,1,0
100,0.34,0.18999999999999995,2,0
100,0.34,0.2,0,50
100,0.34,0.2,1,0
100,0.34,0.2,2,0
100,0.35000000000000003,-0.010000000000000009,0,130
100,0.35000000000000003,-0.010000000000000009,1,9887
100,0.35000000000000003,-0.010000000000000009,2,0
100,0.35000000000000003,-0.020000000000000018,0,160
100,0.35000000000000003,-0.020000000000000018,1,7200
100,0.35000000000000003,-0.020000000000000018,2,0
100,0.35000000000000003,-0.030000000000000027,0,9910
100,0.35000000000000003,-0.030000000000000027,1,8900
100,0.35000000000000003,-0.030000000000000027,2,0
100,0.35000000000000003,-0.040000000000000036,0,9000
100,0.35000000000000003,-0.040000000000000036,1,9850
100,0.35000000000000003,-0.040000000000000036,2,9930
100,0.35000000000000003,-0.050000000000000044,0,9090
100,0.35000000000000003,-0.050000000000000044,1,8560
100,0.35000000000000003,-0.050000000000000044,2,0
100,0.35000000000000003,-0.06000000000000005,0,9860
100,0.35000000000000003,-0.06000000000000005,1,9840
100,0.35000000000000003,-0.06000000000000005,2,9770
100,0.35000000000000003,-0.07000000000000006,0,9030
100,0.35000000000000003,-0.07000000000000006,1,9630
100,0.35000000000000003,-0.07000000000000006,2,8530
100,0.35000000000000003,-0.08000000000000007,0,9810
100,0.35000000000000003,-0.08000000000000007,1,9530
100,0.35000000000000003,-0.08000000000000007,2,9780
100,0.35000000000000003,-0.09000000000000008,0,9820
100,0.35000000000000003,-0.09000000000000008,1,9480
100,0.35000000000000003,-0.09000000000000008,2,0
100,0.35000000000000003,-0.09999999999999998,0,9920
100,0.35000000000000003,-0.09999999999999998,1,9110
100,0.35000000000000003,-0.09999999999999998,2,9710
100,0.35000000000000003,-0.10999999999999999,0,9880
100,0.35000000000000003,-0.10999999999999999,1,9200
100,0.35000000000000003,-0.10999999999999999,2,9820
100,0.35000000000000003,-0.12,0,9890
100,0.35000000000000003,-0.12,1,9920
100,0.35000000000000003,-0.12,2,9410
100,0.35000000000000003,-0.13,0,9830
100,0.35000000000000003,-0.13,1,9930
100,0.35000000000000003,-0.13,2,9880
100,0.35000000000000003,-0.14,0,9690
100,0.35000000000000003,-0.14,1,9910
100,0.35000000000000003,-0.14,2,9930
100,0.35000000000000003,-0.15000000000000002,0,9930
100,0.35000000000000003,-0.15000000000000002,1,9570
100,0.35000000000000003,-0.15000000000000002,2,9850
100,0.35000000000000003,-0.16000000000000003,0,9850
100,0.35000000000000003,-0.16000000000000003,1,9770
100,0.35000000000000003,-0.16000000000000003,2,9910
100,0.35000000000000003,-0.17000000000000004,0,8960
100,0.35000000000000003,-0.17000000000000004,1,9790
100,0.35000000000000003,-0.17000000000000004,2,9820
100,0.35000000000000003,-0.18000000000000005,0,9790
100,0.35000000000000003,-0.18000000000000005,1,9850
100,0.35000000000000003,-0.18000000000000005,2,9880
100,0.35000000000000003,-0.19000000000000006,0,9620
100,0.35000000000000003,-0.19000000000000006,1,9880
100,0.35000000000000003,-0.19000000000000006,2,9900
100,0.35000000000000003,-0.20000000000000007,0,9900
100,0.35000000000000003,-0.20000000000000007,1,9750
100,0.35000000000000003,-0.20000000000000007,2,7790
100,0.35000000000000003,-0.21000000000000008,0,8800
100,0.35000000000000003,-0.21000000000000008,1,9830
100,0.35000000000000003,-0.21000000000000008,2,9940
100,0.35000000000000003,-0.22000000000000008,0,9900
100,0.35000000000000003,-0.22000000000000008,1,9840
100,0.35000000000000003,-0.22000000000000008,2,9940
100,0.35000000000000003,-0.22999999999999998,0,9830
100,0.35000000000000003,-0.22999999999999998,1,9950
100,0.35000000000000003,-0.22999999999999998,2,9790
100,0.35000000000000003,-0.24,0,9870
100,0.35000000000000003,-0.24,1,9830
100,0.35000000000000003,-0.24,2,9860
100,0.35000000000000003,-0.25,0,9930
100,0.35000000000000003,-0.25,1,9860
100,0.35000000000000003,-0.25,2,9910
100,0.35000000000000003,-0.26,0,9760
100,0.35000000000000003,-0.26,1,9940
100,0.35000000000000003,-0.26,2,9870
100,0.35000000000000003,-0.27,0,9870
100,0.35000000000000003,-0.27,1,9750
100,0.35000000000000003,-0.27,2,9920
100,0.35000000000000003,-0.28,0,9560
100,0.35000000000000003,-0.28,1,9900
100,0.35000000000000003,-0.28,2,9870
100,0.35000000000000003,-0.29000000000000004,0,9810
100,0.35000000000000003,-0.29000000000000004,1,9510
100,0.35000000000000003,-0.29000000000000004,2,9870
100,0.35000000000000003,-0.30000000000000004,0,9610
100,0.35000000000000003,-0.30000000000000004,1,9810
100,0.35000000000000003,-0.30000000000000004,2,9920
100,0.35000000000000003,-0.31000000000000005,0,0
100,0.35000000000000003,-0.31000000000000005,1,9880
100,0.35000000000000003,-0.31000000000000005,2,9820
100,0.35000000000000003,-0.32000000000000006,0,4950
100,0.35000000000000003,-0.32000000000000006,1,8100
100,0.35000000000000003,-0.32000000000000006,2,0
100,0.35000000000000003,-0.33,0,9810
100,0.35000000000000003,-0.33,1,6580
100,0.35000000000000003,-0.33,2,0
100,0.35000000000000003,-0.34,0,9690
100,0.35000000000000003,-0.34,1,830
100,0.35000000000000003,-0.34,2,5780
100,0.35000000000000003,-0.35000000000000003,0,0
100,0.35000000000000003,-0.35000000000000003,1,9070
100,0.35000000000000003,-0.35000000000000003,2,0
100,0.35000000000000003,-0.36000000000000004,0,8930
100,0.35000000000000003,-0.36000000000000004,1,9750
100,0.35000000000000003,-0.36000000000000004,2,0
100,0.35000000000000003,-0.37000000000000005,0,0
100,0.35000000000000003,-0.37000000000000005,1,530
100,0.35000000000000003,-0.37000000000000005,2,0
100,0.35000000000000003,-0.38000000000000006,0,9810
100,0.35000000000000003,-0.38000000000000006,1,920
100,0.35000000000000003,-0.38000000000000006,2,0
100,0.35000000000000003,-0.39,0,0
100,0.35000000000000003,-0.39,1,900
100,0.35000000000000003,-0.39,2,0
100,0.35000000000000003,-0.41000000000000003,0,0
100,0.35000000000000003,-0.41000000000000003,1,350
100,0.35000000000000003,-0.41000000000000003,2,0
100,0.35000000000000003,-0.42000000000000004,0,0
100,0.35000000000000003,-0.42000000000000004,1,330
100,0.35000000000000003,-0.42000000000000004,2,0
100,0.35000000000000003,-0.43000000000000005,0,0
100,0.35000000000000003,-0.43000000000000005,1,350
100,0.35000000000000003,-0.43000000000000005,2,0
100,0.35000000000000003,-0.44000000000000006,0,0
100,0.35000000000000003,-0.44000000000000006,1,340
100,0.35000000000000003,-0.44000000000000006,2,0
100,0.35000000000000003,-0.45,0,0
100,0.35000000000000003,-0.45,1,9540
100,0.35000000000000003,-0.45,2,0
100,0.35000000000000003,-0.46,0,0
100,0.35000000000000003,-0.46,1,350
100,0.35000000000000003,-0.46,2,0
100,0.35000000000000003,-0.47000000000000003,0,0
100,0.35000000000000003,-0.47000000000000003,1,310
100,0.35000000000000003,-0.47000000000000003,2,0
100,0.35000000000000003,-0.48000000000000004,0,0
100,0.35000000000000003,-0.48000000000000004,1,300
100,0.35000000000000003,-0.48000000000000004,2,0
100,0.35000000000000003,-0.49000000000000005,0,0
100,0.35000000000000003,-0.49000000000000005,1,300
100,0.35000000000000003,-0.49000000000000005,2,0
100,0.35000000000000003,-0.4,0,0
100,0.35000000000000003,-0.4,1,730
100,0.35000000000000003,-0.4,2,0
100,0.35000000000000003,-0.51,0,0
100,0.35000000000000003,-0.51,1,240
100,0.35000000000000003,-0.51,2,0
100,0.35000000000000003,-0.52,0,0
100,0.35000000000000003,-0.52,1,280
100,0.35000000000000003,-0.52,2,0
100,0.35000000000000003,-0.53,0,0
100,0.35000000000000003,-0.53,1,6830
100,0.35000000000000003,-0.53,2,0
100,0.35000000000000003,-0.54,0,8390
100,0.35000000000000003,-0.54,1,270
100,0.35000000000000003,-0.54,2,0
100,0.35000000000000003,-0.55,0,0
100,0.35000000000000003,-0.55,1,200
100,0.35000000000000003,-0.55,2,0
100,0.35000000000000003,-0.56,0,0
100,0.35000000000000003,-0.56,1,9698
100,0.35000000000000003,-0.56,2,0
100,0.35000000000000003,-0.5700000000000001,0,0
100,0.35000000000000003,-0.5700000000000001,1,9989
100,0.35000000000000003,-0.5700000000000001,2,0
100,0.35000000000000003,-0.5800000000000001,0,0
100,0.35000000000000003,-0.5800000000000001,1,190
100,0.35000000000000003,-0.5800000000000001,2,0
100,0.35000000000000003,-0.5900000000000001,0,0
100,0.35000000000000003,-0.5900000000000001,1,220
100,0.35000000000000003,-0.5900000000000001,2,0
100,0.35000000000000003,-0.5,0,0
100,0.35000000000000003,-0.5,1,270
100,0.35000000000000003,-0.5,2,0
100,0.35000000000000003,-0.6000000000000001,0,0
100,0.35000000000000003,-0.6000000000000001,1,9867
100,0.35000000000000003,-0.6000000000000001,2,0
100,0.35000000000000003,-0.6100000000000001,0,0
100,0.35000000000000003,-0.6100000000000001,1,210
100,0.35000000000000003,-0.6100000000000001,2,0
100,0.35000000000000003,-0.6200000000000001,0,0
100,0.35000000000000003,-0.6200000000000001,1,240
100,0.35000000000000003,-0.6200000000000001,2,0
100,0.35000000000000003,-0.63,0,0
100,0.35000000000000003,-0.63,1,8400
100,0.35000000000000003,-0.63,2,0
100,0.35000000000000003,-0.64,0,0
100,0.35000000000000003,-0.64,1,2820
100,0.35000000000000003,-0.64,2,0
100,0.35000000000000003,-0.65,0,0
100,0.35000000000000003,-0.65,1,8510
100,0.35000000000000003,-0.65,2,0
100,0.35000000000000003,-0.66,0,0
100,0.35000000000000003,-0.66,1,9710
100,0.35000000000000003,-0.66,2,0
100,0.35000000000000003,-0.67,0,0
100,0.35000000000000003,-0.67,1,0
100,0.35000000000000003,-0.67,2,0
100,0.35000000000000003,-0.68,0,0
100,0.35000000000000003,-0.68,1,3050
100,0.35000000000000003,-0.68,2,0
100,0.35000000000000003,-0.6900000000000001,0,0
100,0.35000000000000003,-0.6900000000000001,1,9787
100,0.35000000000000003,-0.6900000000000001,2,0
100,0.35000000000000003,-0.7000000000000001,0,0
100,0.35000000000000003,-0.7000000000000001,1,0
100,0.35000000000000003,-0.7000000000000001,2,0
100,0.35000000000000003,-0.7100000000000001,0,0
100,0.35000000000000003,-0.7100000000000001,1,9210
100,0.35000000000000003,-0.7100000000000001,2,0
100,0.35000000000000003,-0.7200000000000001,0,0
100,0.35000000000000003,-0.7200000000000001,1,6990
100,0.35000000000000003,-0.7200000000000001,2,0
100,0.35000000000000003,-0.73,0,0
100,0.35000000000000003,-0.73,1,220
100,0.35000000000000003,-0.73,2,0
100,0.35000000000000003,-0.74,0,0
100,0.35000000000000003,-0.74,1,0
100,0.35000000000000003,-0.74,2,0
100,0.35000000000000003,-0.75,0,0
100,0.35000000000000003,-0.75,1,0
100,0.35000000000000003,-0.75,2,0
100,0.35000000000000003,-0.76,0,0
100,0.35000000000000003,-0.76,1,2450
100,0.35000000000000003,-0.76,2,0
100,0.35000000000000003,-0.77,0,0
100,0.35000000000000003,-0.77,1,8830
100,0.35000000000000003,-0.77,2,0
100,0.35000000000000003,-0.78,0,0
100,0.35000000000000003,-0.78,1,7610
100,0.35000000000000003,-0.78,2,0
100,0.35000000000000003,-0.79,0,0
100,0.35000000000000003,-0.79,1,0
100,0.35000000000000003,-0.79,2,0
100,0.35000000000000003,-0.8,0,0
100,0.35000000000000003,-0.8,1,0
100,0.35000000000000003,-0.8,2,0
100,0.35000000000000003,0.010000000000000009,0,5490
100,0.35000000000000003,0.010000000000000009,1,5800
100,0.35000000000000003,0.010000000000000009,2,1910
100,0.35000000000000003,0.020000000000000018,0,2350
100,0.35000000000000003,0.020000000000000018,1,2030
100,0.35000000000000003,0.020000000000000018,2,130
100,0.35000000000000003,0.030000000000000027,0,1450
100,0.35000000000000003,0.030000000000000027,1,1060
100,0.35000000000000003,0.030000000000000027,2,80
100,0.35000000000000003,0.039999999999999925,0,1000
100,0.35000000000000003,0.039999999999999925,1,340
100,0.35000000000000003,0.039999999999999925,2,50
100,0.35000000000000003,0.04999999999999993,0,810
100,0.35000000000000003,0.04999999999999993,1,310
100,0.35000000000000003,0.04999999999999993,2,30
100,0.35000000000000003,0.05999999999999994,0,650
100,0.35000000000000003,0.05999999999999994,1,280
100,0.35000000000000003,0.05999999999999994,2,20
100,0.35000000000000003,0.06999999999999995,0,150
100,0.35000000000000003,0.06999999999999995,1,250
100,0.35000000000000003,0.06999999999999995,2,20
100,0.35000000000000003,0.07999999999999996,0,140
100,0.35000000000000003,0.07999999999999996,1,220
100,0.35000000000000003,0.07999999999999996,2,10
100,0.35000000000000003,0.08999999999999997,0,120
100,0.35000000000000003,0.08999999999999997,1,200
100,0.35000000000000003,0.08999999999999997,2,10
100,0.35000000000000003,0.09999999999999998,0,110
100,0.35000000000000003,0.09999999999999998,1,180
100,0.35000000000000003,0.09999999999999998,2,10
100,0.35000000000000003,0.0,0,0
100,0.35000000000000003,0.0,1,0
100,0.35000000000000003,0.0,2,0
100,0.35000000000000003,0.10999999999999999,0,100
100,0.35000000000000003,0.10999999999999999,1,170
100,0.35000000000000003,0.10999999999999999,2,10
100,0.35000000000000003,0.12,0,100
100,0.35000000000000003,0.12,1,70
100,0.35000000000000003,0.12,2,10
100,0.35000000000000003,0.13,0,90
100,0.35000000000000003,0.13,1,60
100,0.35000000000000003,0.13,2,0
100,0.35000000000000003,0.14,0,80
100,0.35000000000000003,0.14,1,60
100,0.35000000000000003,0.14,2,0
100,0.35000000000000003,0.15000000000000002,0,80
100,0.35000000000000003,0.15000000000000002,1,50
100,0.35000000000000003,0.15000000000000002,2,0
100,0.35000000000000003,0.15999999999999992,0,70
100,0.35000000000000003,0.15999999999999992,1,50
100,0.35000000000000003,0.15999999999999992,2,0
100,0.35000000000000003,0.16999999999999993,0,70
100,0.35000000000000003,0.16999999999999993,1,40
100,0.35000000000000003,0.16999999999999993,2,0
100,0.35000000000000003,0.17999999999999994,0,60
100,0.35000000000000003,0.17999999999999994,1,0
100,0.35000000000000003,0.17999999999999994,2,0
100,0.35000000000000003,0.18999999999999995,0,50
100,0.35000000000000003,0.18999999999999995,1,0
100,0.35000000000000003,0.18999999999999995,2,0
100,0.35000000000000003,0.2,0,40
100,0.35000000000000003,0.2,1,0
100,0.35000000000000003,0.2,2,0
100,0.36,-0.010000000000000009,0,110
100,0.36,-0.010000000000000009,1,190
100,0.36,-0.010000000000000009,2,0
100,0.36,-0.020000000000000018,0,7850
100,0.36,-0.020000000000000018,1,8360
100,0.36,-0.020000000000000018,2,0
100,0.36,-0.030000000000000027,0,9900
100,0.36,-0.030000000000000027,1,8140
100,0.36,-0.030000000000000027,2,0
100,0.36,-0.040000000000000036,0,160
100,0.36,-0.040000000000000036,1,9590
100,0.36,-0.040000000000000036,2,9160
100,0.36,-0.050000000000000044,0,6930
100,0.36,-0.050000000000000044,1,9660
100,0.36,-0.050000000000000044,2,4810
100,0.36,-0.06000000000000005,0,9910
100,0.36,-0.06000000000000005,1,9210
100,0.36,-0.06000000000000005,2,9400
100,0.36,-0.07000000000000006,0,9930
100,0.36,-0.07000000000000006,1,9070
100,0.36,-0.07000000000000006,2,9330
100,0.36,-0.08000000000000007,0,9780
100,0.36,-0.08000000000000007,1,9510
100,0.36,-0.08000000000000007,2,9550
100,0.36,-0.09000000000000008,0,190
100,0.36,-0.09000000000000008,1,9750
100,0.36,-0.09000000000000008,2,0
100,0.36,-0.09999999999999998,0,9840
100,0.36,-0.09999999999999998,1,9840
100,0.36,-0.09999999999999998,2,4540
100,0.36,-0.10999999999999999,0,9880
100,0.36,-0.10999999999999999,1,9220
100,0.36,-0.10999999999999999,2,9920
100,0.36,-0.12,0,8920
100,0.36,-0.12,1,9930
100,0.36,-0.12,2,9930
100,0.36,-0.13,0,9800
100,0.36,-0.13,1,9880
100,0.36,-0.13,2,9790
100,0.36,-0.14,0,9930
100,0.36,-0.14,1,9880
100,0.36,-0.14,2,7720
100,0.36,-0.15000000000000002,0,9680
100,0.36,-0.15000000000000002,1,9610
100,0.36,-0.15000000000000002,2,8890
100,0.36,-0.16000000000000003,0,9850
100,0.36,-0.16000000000000003,1,9810
100,0.36,-0.16000000000000003,2,9680
100,0.36,-0.17000000000000004,0,9910
100,0.36,-0.17000000000000004,1,9870
100,0.36,-0.17000000000000004,2,9940
100,0.36,-0.18000000000000005,0,9860
100,0.36,-0.18000000000000005,1,9900
100,0.36,-0.18000000000000005,2,9690
100,0.36,-0.19000000000000006,0,9850
100,0.36,-0.19000000000000006,1,9400
100,0.36,-0.19000000000000006,2,9940
100,0.36,-0.20000000000000007,0,9610
100,0.36,-0.20000000000000007,1,9900
100,0.36,-0.20000000000000007,2,9920
100,0.36,-0.21000000000000008,0,9900
100,0.36,-0.21000000000000008,1,9870
100,0.36,-0.21000000000000008,2,9930
100,0.36,-0.22000000000000008,0,9910
100,0.36,-0.22000000000000008,1,9890
100,0.36,-0.22000000000000008,2,9900
100,0.36,-0.22999999999999998,0,7610
100,0.36,-0.22999999999999998,1,9510
100,0.36,-0.22999999999999998,2,9910
100,0.36,-0.24,0,9950
100,0.36,-0.24,1,9670
100,0.36,-0.24,2,9650
100,0.36,-0.25,0,7240
100,0.36,-0.25,1,9540
100,0.36,-0.25,2,9950
100,0.36,-0.26,0,9930
100,0.36,-0.26,1,9890
100,0.36,-0.26,2,9920
100,0.36,-0.27,0,9860
100,0.36,-0.27,1,9680
100,0.36,-0.27,2,9870
100,0.36,-0.28,0,9950
100,0.36,-0.28,1,9920
100,0.36,-0.28,2,9860
100,0.36,-0.29000000000000004,0,9840
100,0.36,-0.29000000000000004,1,9890
100,0.36,-0.29000000000000004,2,9870
100,0.36,-0.30000000000000004,0,9400
100,0.36,-0.30000000000000004,1,9880
100,0.36,-0.30000000000000004,2,9910
100,0.36,-0.31000000000000005,0,9860
100,0.36,-0.31000000000000005,1,2900
100,0.36,-0.31000000000000005,2,9800
100,0.36,-0.32000000000000006,0,8990
100,0.36,-0.32000000000000006,1,4220
100,0.36,-0.32000000000000006,2,1000
100,0.36,-0.33,0,9250
100,0.36,-0.33,1,700
100,0.36,-0.33,2,9780
100,0.36,-0.34,0,9913
100,0.36,-0.34,1,9740
100,0.36,-0.34,2,8090
100,0.36,-0.35000000000000003,0,8720
100,0.36,-0.35000000000000003,1,9810
100,0.36,-0.35000000000000003,2,7560
100,0.36,-0.36000000000000004,0,0
100,0.36,-0.36000000000000004,1,6700
100,0.36,-0.36000000000000004,2,9815
100,0.36,-0.37000000000000005,0,4980
100,0.36,-0.37000000000000005,1,7290
100,0.36,-0.37000000000000005,2,0
100,0.36,-0.38000000000000006,0,2690
100,0.36,-0.38000000000000006,1,2150
100,0.36,-0.38000000000000006,2,9560
100,0.36,-0.39,0,1490
100,0.36,-0.39,1,900
100,0.36,-0.39,2,0
100,0.36,-0.41000000000000003,0,0
100,0.36,-0.41000000000000003,1,1120
100,0.36,-0.41000000000000003,2,0
100,0.36,-0.42000000000000004,0,0
100,0.36,-0.42000000000000004,1,460
100,0.36,-0.42000000000000004,2,0
100,0.36,-0.43000000000000005,0,0
100,0.36,-0.43000000000000005,1,370
100,0.36,-0.43000000000000005,2,0
100,0.36,-0.44000000000000006,0,0
100,0.36,-0.44000000000000006,1,300
100,0.36,-0.44000000000000006,2,0
100,0.36,-0.45,0,0
100,0.36,-0.45,1,300
100,0.36,-0.45,2,0
100,0.36,-0.46,0,0
100,0.36,-0.46,1,400
100,0.36,-0.46,2,0
100,0.36,-0.47000000000000003,0,3830
100,0.36,-0.47000000000000003,1,350
100,0.36,-0.47000000000000003,2,0
100,0.36,-0.48000000000000004,0,0
100,0.36,-0.48000000000000004,1,280
100,0.36,-0.48000000000000004,2,0
100,0.36,-0.49000000000000005,0,0
100,0.36,-0.49000000000000005,1,260
100,0.36,-0.49000000000000005,2,0
100,0.36,-0.4,0,6560
100,0.36,-0.4,1,800
100,0.36,-0.4,2,0
100,0.36,-0.51,0,0
100,0.36,-0.51,1,250
100,0.36,-0.51,2,0
100,0.36,-0.52,0,0
100,0.36,-0.52,1,250
100,0.36,-0.52,2,0
100,0.36,-0.53,0,0
100,0.36,-0.53,1,260
100,0.36,-0.53,2,0
100,0.36,-0.54,0,0
100,0.36,-0.54,1,230
100,0.36,-0.54,2,0
100,0.36,-0.55,0,0
100,0.36,-0.55,1,210
100,0.36,-0.55,2,0
100,0.36,-0.56,0,0
100,0.36,-0.56,1,230
100,0.36,-0.56,2,0
100,0.36,-0.5700000000000001,0,0
100,0.36,-0.5700000000000001,1,9680
100,0.36,-0.5700000000000001,2,0
100,0.36,-0.5800000000000001,0,0
100,0.36,-0.5800000000000001,1,190
100,0.36,-0.5800000000000001,2,0
100,0.36,-0.5900000000000001,0,0
100,0.36,-0.5900000000000001,1,9969
100,0.36,-0.5900000000000001,2,0
100,0.36,-0.5,0,0
100,0.36,-0.5,1,230
100,0.36,-0.5,2,0
100,0.36,-0.6000000000000001,0,0
100,0.36,-0.6000000000000001,1,220
100,0.36,-0.6000000000000001,2,0
100,0.36,-0.6100000000000001,0,0
100,0.36,-0.6100000000000001,1,8960
100,0.36,-0.6100000000000001,2,0
100,0.36,-0.6200000000000001,0,0
100,0.36,-0.6200000000000001,1,190
100,0.36,-0.6200000000000001,2,0
100,0.36,-0.63,0,0
100,0.36,-0.63,1,190
100,0.36,-0.63,2,0
100,0.36,-0.64,0,0
100,0.36,-0.64,1,150
100,0.36,-0.64,2,0
100,0.36,-0.65,0,0
100,0.36,-0.65,1,9922
100,0.36,-0.65,2,0
100,0.36,-0.66,0,9975
100,0.36,-0.66,1,190
100,0.36,-0.66,2,0
100,0.36,-0.67,0,0
100,0.36,-0.67,1,0
100,0.36,-0.67,2,0
100,0.36,-0.68,0,0
100,0.36,-0.68,1,0
100,0.36,-0.68,2,0
100,0.36,-0.6900000000000001,0,0
100,0.36,-0.6900000000000001,1,8290
100,0.36,-0.6900000000000001,2,0
100,0.36,-0.7000000000000001,0,0
100,0.36,-0.7000000000000001,1,0
100,0.36,-0.7000000000000001,2,0
100,0.36,-0.7100000000000001,0,0
100,0.36,-0.7100000000000001,1,0
100,0.36,-0.7100000000000001,2,0
100,0.36,-0.7200000000000001,0,0
100,0.36,-0.7200000000000001,1,0
100,0.36,-0.7200000000000001,2,0
100,0.36,-0.73,0,0
100,0.36,-0.73,1,0
100,0.36,-0.73,2,0
100,0.36,-0.74,0,0
100,0.36,-0.74,1,0
100,0.36,-0.74,2,0
100,0.36,-0.75,0,0
100,0.36,-0.75,1,9924
100,0.36,-0.75,2,0
100,0.36,-0.76,0,0
100,0.36,-0.76,1,130
100,0.36,-0.76,2,0
100,0.36,-0.77,0,0
100,0.36,-0.77,1,9924
100,0.36,-0.77,2,0
100,0.36,-0.78,0,0
100,0.36,-0.78,1,6780
100,0.36,-0.78,2,0
100,0.36,-0.79,0,0
100,0.36,-0.79,1,0
100,0.36,-0.79,2,0
100,0.36,-0.8,0,0
100,0.36,-0.8,1,7440
100,0.36,-0.8,2,0
100,0.36,0.010000000000000009,0,5540
100,0.36,0.010000000000000009,1,5770
100,0.36,0.010000000000000009,2,1910
100,0.36,0.020000000000000018,0,2260
100,0.36,0.020000000000000018,1,2040
100,0.36,0.020000000000000018,2,130
100,0.36,0.030000000000000027,0,1340
100,0.36,0.030000000000000027,1,1070
100,0.36,0.030000000000000027,2,80
100,0.36,0.039999999999999925,0,980
100,0.36,0.039999999999999925,1,330
100,0.36,0.039999999999999925,2,50
100,0.36,0.04999999999999993,0,780
100,0.36,0.04999999999999993,1,300
100,0.36,0.04999999999999993,2,40
100,0.36,0.05999999999999994,0,610
100,0.36,0.05999999999999994,1,270
100,0.36,0.05999999999999994,2,20
100,0.36,0.06999999999999995,0,150
100,0.36,0.06999999999999995,1,250
100,0.36,0.06999999999999995,2,20
100,0.36,0.07999999999999996,0,130
100,0.36,0.07999999999999996,1,210
100,0.36,0.07999999999999996,2,10
100,0.36,0.08999999999999997,0,120
100,0.36,0.08999999999999997,1,190
100,0.36,0.08999999999999997,2,10
100,0.36,0.09999999999999998,0,110
100,0.36,0.09999999999999998,1,180
100,0.36,0.09999999999999998,2,10
100,0.36,0.0,0,0
100,0.36,0.0,1,0
100,0.36,0.0,2,0
100,0.36,0.10999999999999999,0,100
100,0.36,0.10999999999999999,1,170
100,0.36,0.10999999999999999,2,10
100,0.36,0.12,0,100
100,0.36,0.12,1,70
100,0.36,0.12,2,10
100,0.36,0.13,0,90
100,0.36,0.13,1,60
100,0.36,0.13,2,0
100,0.36,0.14,0,80
100,0.36,0.14,1,50
100,0.36,0.14,2,0
100,0.36,0.15000000000000002,0,70
100,0.36,0.15000000000000002,1,50
100,0.36,0.15000000000000002,2,0
100,0.36,0.15999999999999992,0,70
100,0.36,0.15999999999999992,1,50
100,0.36,0.15999999999999992,2,0
100,0.36,0.16999999999999993,0,60
100,0.36,0.16999999999999993,1,40
100,0.36,0.16999999999999993,2,0
100,0.36,0.17999999999999994,0,60
100,0.36,0.17999999999999994,1,0
100,0.36,0.17999999999999994,2,0
100,0.36,0.18999999999999995,0,50
100,0.36,0.18999999999999995,1,0
100,0.36,0.18999999999999995,2,0
100,0.36,0.2,0,40
100,0.36,0.2,1,0
100,0.36,0.2,2,0
100,0.37,-0.010000000000000009,0,110
100,0.37,-0.010000000000000009,1,180
100,0.37,-0.010000000000000009,2,0
100,0.37,-0.020000000000000018,0,7540
100,0.37,-0.020000000000000018,1,8620
100,0.37,-0.020000000000000018,2,0
100,0.37,-0.030000000000000027,0,7680
100,0.37,-0.030000000000000027,1,8980
100,0.37,-0.030000000000000027,2,9350
100,0.37,-0.040000000000000036,0,9930
100,0.37,-0.040000000000000036,1,9080
100,0.37,-0.040000000000000036,2,0
100,0.37,-0.050000000000000044,0,9930
100,0.37,-0.050000000000000044,1,9490
100,0.37,-0.050000000000000044,2,9940
100,0.37,-0.06000000000000005,0,9530
100,0.37,-0.06000000000000005,1,8670
100,0.37,-0.06000000000000005,2,4030
100,0.37,-0.07000000000000006,0,9890
100,0.37,-0.07000000000000006,1,9080
100,0.37,-0.07000000000000006,2,4600
100,0.37,-0.08000000000000007,0,9640
100,0.37,-0.08000000000000007,1,9840
100,0.37,-0.08000000000000007,2,0
100,0.37,-0.09000000000000008,0,7040
100,0.37,-0.09000000000000008,1,4220
100,0.37,-0.09000000000000008,2,9850
100,0.37,-0.09999999999999998,0,9920
100,0.37,-0.09999999999999998,1,9780
100,0.37,-0.09999999999999998,2,9710
100,0.37,-0.10999999999999999,0,9930
100,0.37,-0.10999999999999999,1,9730
100,0.37,-0.10999999999999999,2,9870
100,0.37,-0.12,0,9830
100,0.37,-0.12,1,9780
100,0.37,-0.12,2,9770
100,0.37,-0.13,0,9560
100,0.37,-0.13,1,9790
100,0.37,-0.13,2,9920
100,0.37,-0.14,0,9420
100,0.37,-0.14,1,9780
100,0.37,-0.14,2,9770
100,0.37,-0.15000000000000002,0,9940
100,0.37,-0.15000000000000002,1,9840
100,0.37,-0.15000000000000002,2,9790
100,0.37,-0.16000000000000003,0,9870
100,0.37,-0.16000000000000003,1,9940
100,0.37,-0.16000000000000003,2,9610
100,0.37,-0.17000000000000004,0,9890
100,0.37,-0.17000000000000004,1,9900
100,0.37,-0.17000000000000004,2,9670
100,0.37,-0.18000000000000005,0,9830
100,0.37,-0.18000000000000005,1,9910
100,0.37,-0.18000000000000005,2,9830
100,0.37,-0.19000000000000006,0,9870
100,0.37,-0.19000000000000006,1,9680
100,0.37,-0.19000000000000006,2,9800
100,0.37,-0.20000000000000007,0,9760
100,0.37,-0.20000000000000007,1,9690
100,0.37,-0.20000000000000007,2,9840
100,0.37,-0.21000000000000008,0,9920
100,0.37,-0.21000000000000008,1,9930
100,0.37,-0.21000000000000008,2,6130
100,0.37,-0.22000000000000008,0,8140
100,0.37,-0.22000000000000008,1,9890
100,0.37,-0.22000000000000008,2,9840
100,0.37,-0.22999999999999998,0,9900
100,0.37,-0.22999999999999998,1,9740
100,0.37,-0.22999999999999998,2,9940
100,0.37,-0.24,0,9910
100,0.37,-0.24,1,9940
100,0.37,-0.24,2,9890
100,0.37,-0.25,0,9880
100,0.37,-0.25,1,9529
100,0.37,-0.25,2,9920
100,0.37,-0.26,0,9920
100,0.37,-0.26,1,9910
100,0.37,-0.26,2,9720
100,0.37,-0.27,0,9770
100,0.37,-0.27,1,9740
100,0.37,-0.27,2,9930
100,0.37,-0.28,0,9900
100,0.37,-0.28,1,6740
100,0.37,-0.28,2,9940
100,0.37,-0.29000000000000004,0,9880
100,0.37,-0.29000000000000004,1,9890
100,0.37,-0.29000000000000004,2,9860
100,0.37,-0.30000000000000004,0,9850
100,0.37,-0.30000000000000004,1,9640
100,0.37,-0.30000000000000004,2,9720
100,0.37,-0.31000000000000005,0,9820
100,0.37,-0.31000000000000005,1,8130
100,0.37,-0.31000000000000005,2,9250
100,0.37,-0.32000000000000006,0,9640
100,0.37,-0.32000000000000006,1,6090
100,0.37,-0.32000000000000006,2,240
100,0.37,-0.33,0,6700
100,0.37,-0.33,1,9140
100,0.37,-0.33,2,9470
100,0.37,-0.34,0,9280
100,0.37,-0.34,1,1270
100,0.37,-0.34,2,7840
100,0.37,-0.35000000000000003,0,6170
100,0.37,-0.35000000000000003,1,400
100,0.37,-0.35000000000000003,2,0
100,0.37,-0.36000000000000004,0,9840
100,0.37,-0.36000000000000004,1,2190
100,0.37,-0.36000000000000004,2,9860
100,0.37,-0.37000000000000005,0,3210
100,0.37,-0.37000000000000005,1,470
100,0.37,-0.37000000000000005,2,9870
100,0.37,-0.38000000000000006,0,0
100,0.37,-0.38000000000000006,1,470
100,0.37,-0.38000000000000006,2,0
100,0.37,-0.39,0,0
100,0.37,-0.39,1,370
100,0.37,-0.39,2,9770
100,0.37,-0.41000000000000003,0,4940
100,0.37,-0.41000000000000003,1,1180
100,0.37,-0.41000000000000003,2,0
100,0.37,-0.42000000000000004,0,0
100,0.37,-0.42000000000000004,1,460
100,0.37,-0.42000000000000004,2,0
100,0.37,-0.43000000000000005,0,9838
100,0.37,-0.43000000000000005,1,620
100,0.37,-0.43000000000000005,2,0
100,0.37,-0.44000000000000006,0,0
100,0.37,-0.44000000000000006,1,5520
100,0.37,-0.44000000000000006,2,0
100,0.37,-0.45,0,9360
100,0.37,-0.45,1,8740
100,0.37,-0.45,2,0
100,0.37,-0.46,0,0
100,0.37,-0.46,1,310
100,0.37,-0.46,2,0
100,0.37,-0.47000000000000003,0,0
100,0.37,-0.47000000000000003,1,320
100,0.37,-0.47000000000000003,2,0
100,0.37,-0.48000000000000004,0,0
100,0.37,-0.48000000000000004,1,330
100,0.37,-0.48000000000000004,2,0
100,0.37,-0.49000000000000005,0,0
100,0.37,-0.49000000000000005,1,320
100,0.37,-0.49000000000000005,2,0
100,0.37,-0.4,0,7720
100,0.37,-0.4,1,370
100,0.37,-0.4,2,7780
100,0.37,-0.51,0,0
100,0.37,-0.51,1,8090
100,0.37,-0.51,2,0
100,0.37,-0.52,0,0
100,0.37,-0.52,1,230
100,0.37,-0.52,2,0
100,0.37,-0.53,0,0
100,0.37,-0.53,1,9540
100,0.37,-0.53,2,0
100,0.37,-0.54,0,0
100,0.37,-0.54,1,240
100,0.37,-0.54,2,0
100,0.37,-0.55,0,0
100,0.37,-0.55,1,180
100,0.37,-0.55,2,0
100,0.37,-0.56,0,0
100,0.37,-0.56,1,200
100,0.37,-0.56,2,0
100,0.37,-0.5700000000000001,0,0
100,0.37,-0.5700000000000001,1,230
100,0.37,-0.5700000000000001,2,0
100,0.37,-0.5800000000000001,0,0
100,0.37,-0.5800000000000001,1,230
100,0.37,-0.5800000000000001,2,0
100,0.37,-0.5900000000000001,0,0
100,0.37,-0.5900000000000001,1,210
100,0.37,-0.5900000000000001,2,0
100,0.37,-0.5,0,0
100,0.37,-0.5,1,310
100,0.37,-0.5,2,0
100,0.37,-0.6000000000000001,0,0
100,0.37,-0.6000000000000001,1,220
100,0.37,-0.6000000000000001,2,0
100,0.37,-0.6100000000000001,0,0
100,0.37,-0.6100000000000001,1,200
100,0.37,-0.6100000000000001,2,0
100,0.37,-0.6200000000000001,0,0
100,0.37,-0.6200000000000001,1,220
100,0.37,-0.6200000000000001,2,0
100,0.37,-0.63,0,0
100,0.37,-0.63,1,230
100,0.37,-0.63,2,0
100,0.37,-0.64,0,0
100,0.37,-0.64,1,190
100,0.37,-0.64,2,0
100,0.37,-0.65,0,0
100,0.37,-0.65,1,180
100,0.37,-0.65,2,0
100,0.37,-0.66,0,0
100,0.37,-0.66,1,190
100,0.37,-0.66,2,0
100,0.37,-0.67,0,9300
100,0.37,-0.67,1,190
100,0.37,-0.67,2,0
100,0.37,-0.68,0,9740
100,0.37,-0.68,1,180
100,0.37,-0.68,2,0
100,0.37,-0.6900000000000001,0,0
100,0.37,-0.6900000000000001,1,9768
100,0.37,-0.6900000000000001,2,0
100,0.37,-0.7000000000000001,0,0
100,0.37,-0.7000000000000001,1,160
100,0.37,-0.7000000000000001,2,0
100,0.37,-0.7100000000000001,0,0
100,0.37,-0.7100000000000001,1,7240
100,0.37,-0.7100000000000001,2,0
100,0.37,-0.7200000000000001,0,0
100,0.37,-0.7200000000000001,1,0
100,0.37,-0.7200000000000001,2,0
100,0.37,-0.73,0,0
100,0.37,-0.73,1,8120
100,0.37,-0.73,2,0
100,0.37,-0.74,0,0
100,0.37,-0.74,1,0
100,0.37,-0.74,2,0
100,0.37,-0.75,0,0
100,0.37,-0.75,1,0
100,0.37,-0.75,2,0
100,0.37,-0.76,0,0
100,0.37,-0.76,1,0
100,0.37,-0.76,2,0
100,0.37,-0.77,0,0
100,0.37,-0.77,1,0
100,0.37,-0.77,2,0
100,0.37,-0.78,0,0
100,0.37,-0.78,1,3730
100,0.37,-0.78,2,0
100,0.37,-0.79,0,0
100,0.37,-0.79,1,8900
100,0.37,-0.79,2,0
100,0.37,-0.8,0,0
100,0.37,-0.8,1,0
100,0.37,-0.8,2,0
100,0.37,0.010000000000000009,0,5520
100,0.37,0.010000000000000009,1,5760
100,0.37,0.010000000000000009,2,1920
100,0.37,0.020000000000000018,0,2250
100,0.37,0.020000000000000018,1,2050
100,0.37,0.020000000000000018,2,130
100,0.37,0.030000000000000027,0,1300
100,0.37,0.030000000000000027,1,1070
100,0.37,0.030000000000000027,2,80
100,0.37,0.039999999999999925,0,950
100,0.37,0.039999999999999925,1,330
100,0.37,0.039999999999999925,2,50
100,0.37,0.04999999999999993,0,750
100,0.37,0.04999999999999993,1,290
100,0.37,0.04999999999999993,2,40
100,0.37,0.05999999999999994,0,620
100,0.37,0.05999999999999994,1,260
100,0.37,0.05999999999999994,2,20
100,0.37,0.06999999999999995,0,140
100,0.37,0.06999999999999995,1,240
100,0.37,0.06999999999999995,2,20
100,0.37,0.07999999999999996,0,130
100,0.37,0.07999999999999996,1,210
100,0.37,0.07999999999999996,2,10
100,0.37,0.08999999999999997,0,120
100,0.37,0.08999999999999997,1,190
100,0.37,0.08999999999999997,2,10
100,0.37,0.09999999999999998,0,110
100,0.37,0.09999999999999998,1,180
100,0.37,0.09999999999999998,2,10
100,0.37,0.0,0,0
100,0.37,0.0,1,0
100,0.37,0.0,2,0
100,0.37,0.10999999999999999,0,100
100,0.37,0.10999999999999999,1,160
100,0.37,0.10999999999999999,2,10
100,0.37,0.12,0,90
100,0.37,0.12,1,150
100,0.37,0.12,2,10
100,0.37,0.13,0,80
100,0.37,0.13,1,60
100,0.37,0.13,2,0
100,0.37,0.14,0,80
100,0.37,0.14,1,50
100,0.37,0.14,2,0
100,0.37,0.15000000000000002,0,70
100,0.37,0.15000000000000002,1,50
100,0.37,0.15000000000000002,2,0
100,0.37,0.15999999999999992,0,70
100,0.37,0.15999999999999992,1,40
100,0.37,0.15999999999999992,2,0
100,0.37,0.16999999999999993,0,60
100,0.37,0.16999999999999993,1,40
100,0.37,0.16999999999999993,2,0
100,0.37,0.17999999999999994,0,60
100,0.37,0.17999999999999994,1,0
100,0.37,0.17999999999999994,2,0
100,0.37,0.18999999999999995,0,50
100,0.37,0.18999999999999995,1,0
100,0.37,0.18999999999999995,2,0
100,0.37,0.2,0,40
100,0.37,0.2,1,0
100,0.37,0.2,2,0
100,0.38,-0.010000000000000009,0,110
100,0.38,-0.010000000000000009,1,170
100,0.38,-0.010000000000000009,2,0
100,0.38,-0.020000000000000018,0,140
100,0.38,-0.020000000000000018,1,210
100,0.38,-0.020000000000000018,2,0
100,0.38,-0.030000000000000027,0,9540
100,0.38,-0.030000000000000027,1,230
100,0.38,-0.030000000000000027,2,0
100,0.38,-0.040000000000000036,0,9700
100,0.38,-0.040000000000000036,1,9870
100,0.38,-0.040000000000000036,2,0
100,0.38,-0.050000000000000044,0,8750
100,0.38,-0.050000000000000044,1,9780
100,0.38,-0.050000000000000044,2,0
100,0.38,-0.06000000000000005,0,9840
100,0.38,-0.06000000000000005,1,9220
100,0.38,-0.06000000000000005,2,0
100,0.38,-0.07000000000000006,0,9460
100,0.38,-0.07000000000000006,1,5350
100,0.38,-0.07000000000000006,2,9820
100,0.38,-0.08000000000000007,0,9620
100,0.38,-0.08000000000000007,1,9790
100,0.38,-0.08000000000000007,2,9930
100,0.38,-0.09000000000000008,0,9620
100,0.38,-0.09000000000000008,1,9840
100,0.38,-0.09000000000000008,2,9760
100,0.38,-0.09999999999999998,0,9780
100,0.38,-0.09999999999999998,1,9770
100,0.38,-0.09999999999999998,2,9850
100,0.38,-0.10999999999999999,0,9910
100,0.38,-0.10999999999999999,1,9880
100,0.38,-0.10999999999999999,2,9850
100,0.38,-0.12,0,9780
100,0.38,-0.12,1,9910
100,0.38,-0.12,2,9850
100,0.38,-0.13,0,9040
100,0.38,-0.13,1,9840
100,0.38,-0.13,2,9570
100,0.38,-0.14,0,9650
100,0.38,-0.14,1,9930
100,0.38,-0.14,2,9870
100,0.38,-0.15000000000000002,0,9900
100,0.38,-0.15000000000000002,1,9870
100,0.38,-0.15000000000000002,2,9670
100,0.38,-0.16000000000000003,0,9950
100,0.38,-0.16000000000000003,1,8380
100,0.38,-0.16000000000000003,2,9940
100,0.38,-0.17000000000000004,0,9820
100,0.38,-0.17000000000000004,1,9890
100,0.38,-0.17000000000000004,2,9760
100,0.38,-0.18000000000000005,0,9920
100,0.38,-0.18000000000000005,1,9860
100,0.38,-0.18000000000000005,2,9230
100,0.38,-0.19000000000000006,0,9680
100,0.38,-0.19000000000000006,1,9810
100,0.38,-0.19000000000000006,2,9930
100,0.38,-0.20000000000000007,0,9630
100,0.38,-0.20000000000000007,1,9200
100,0.38,-0.20000000000000007,2,9880
100,0.38,-0.21000000000000008,0,9500
100,0.38,-0.21000000000000008,1,9910
100,0.38,-0.21000000000000008,2,9840
100,0.38,-0.22000000000000008,0,9920
100,0.38,-0.22000000000000008,1,9770
100,0.38,-0.22000000000000008,2,9810
100,0.38,-0.22999999999999998,0,9950
100,0.38,-0.22999999999999998,1,9930
100,0.38,-0.22999999999999998,2,9730
100,0.38,-0.24,0,7550
100,0.38,-0.24,1,9760
100,0.38,-0.24,2,9910
100,0.38,-0.25,0,9690
100,0.38,-0.25,1,8870
100,0.38,-0.25,2,9880
100,0.38,-0.26,0,9870
100,0.38,-0.26,1,9910
100,0.38,-0.26,2,9840
100,0.38,-0.27,0,9800
100,0.38,-0.27,1,9930
100,0.38,-0.27,2,9910
100,0.38,-0.28,0,9780
100,0.38,-0.28,1,9930
100,0.38,-0.28,2,9830
100,0.38,-0.29000000000000004,0,9950
100,0.38,-0.29000000000000004,1,9880
100,0.38,-0.29000000000000004,2,9920
100,0.38,-0.30000000000000004,0,9600
100,0.38,-0.30000000000000004,1,9870
100,0.38,-0.30000000000000004,2,9910
100,0.38,-0.31000000000000005,0,9820
100,0.38,-0.31000000000000005,1,9860
100,0.38,-0.31000000000000005,2,9930
100,0.38,-0.32000000000000006,0,9420
100,0.38,-0.32000000000000006,1,9760
100,0.38,-0.32000000000000006,2,9550
100,0.38,-0.33,0,9920
100,0.38,-0.33,1,9740
100,0.38,-0.33,2,5630
100,0.38,-0.34,0,9280
100,0.38,-0.34,1,9760
100,0.38,-0.34,2,2340
100,0.38,-0.35000000000000003,0,9220
100,0.38,-0.35000000000000003,1,1800
100,0.38,-0.35000000000000003,2,1800
100,0.38,-0.36000000000000004,0,9870
100,0.38,-0.36000000000000004,1,9420
100,0.38,-0.36000000000000004,2,9580
100,0.38,-0.37000000000000005,0,0
100,0.38,-0.37000000000000005,1,9660
100,0.38,-0.37000000000000005,2,10
100,0.38,-0.38000000000000006,0,0
100,0.38,-0.38000000000000006,1,7180
100,0.38,-0.38000000000000006,2,0
100,0.38,-0.39,0,0
100,0.38,-0.39,1,5330
100,0.38,-0.39,2,0
100,0.38,-0.41000000000000003,0,2390
100,0.38,-0.41000000000000003,1,8230
100,0.38,-0.41000000000000003,2,0
100,0.38,-0.42000000000000004,0,7680
100,0.38,-0.42000000000000004,1,240
100,0.38,-0.42000000000000004,2,0
100,0.38,-0.43000000000000005,0,0
100,0.38,-0.43000000000000005,1,8470
100,0.38,-0.43000000000000005,2,0
100,0.38,-0.44000000000000006,0,9931
100,0.38,-0.44000000000000006,1,540
100,0.38,-0.44000000000000006,2,0
100,0.38,-0.45,0,0
100,0.38,-0.45,1,410
100,0.38,-0.45,2,0
100,0.38,-0.46,0,0
100,0.38,-0.46,1,360
100,0.38,-0.46,2,0
100,0.38,-0.47000000000000003,0,0
100,0.38,-0.47000000000000003,1,320
100,0.38,-0.47000000000000003,2,0
100,0.38,-0.48000000000000004,0,7900
100,0.38,-0.48000000000000004,1,380
100,0.38,-0.48000000000000004,2,0
100,0.38,-0.49000000000000005,0,7220
100,0.38,-0.49000000000000005,1,9987
100,0.38,-0.49000000000000005,2,0
100,0.38,-0.4,0,0
100,0.38,-0.4,1,2760
100,0.38,-0.4,2,9680
100,0.38,-0.51,0,0
100,0.38,-0.51,1,350
100,0.38,-0.51,2,0
100,0.38,-0.52,0,0
100,0.38,-0.52,1,320
100,0.38,-0.52,2,0
100,0.38,-0.53,0,0
100,0.38,-0.53,1,220
100,0.38,-0.53,2,0
100,0.38,-0.54,0,0
100,0.38,-0.54,1,260
100,0.38,-0.54,2,0
100,0.38,-0.55,0,0
100,0.38,-0.55,1,1920
100,0.38,-0.55,2,0
100,0.38,-0.56,0,0
100,0.38,-0.56,1,230
100,0.38,-0.56,2,0
100,0.38,-0.5700000000000001,0,0
100,0.38,-0.5700000000000001,1,210
100,0.38,-0.5700000000000001,2,0
100,0.38,-0.5800000000000001,0,0
100,0.38,-0.5800000000000001,1,210
100,0.38,-0.5800000000000001,2,0
100,0.38,-0.5900000000000001,0,0
100,0.38,-0.5900000000000001,1,6080
100,0.38,-0.5900000000000001,2,0
100,0.38,-0.5,0,7050
100,0.38,-0.5,1,320
100,0.38,-0.5,2,0
100,0.38,-0.6000000000000001,0,0
100,0.38,-0.6000000000000001,1,5580
100,0.38,-0.6000000000000001,2,0
100,0.38,-0.6100000000000001,0,9200
100,0.38,-0.6100000000000001,1,200
100,0.38,-0.6100000000000001,2,0
100,0.38,-0.6200000000000001,0,0
100,0.38,-0.6200000000000001,1,210
100,0.38,-0.6200000000000001,2,0
100,0.38,-0.63,0,0
100,0.38,-0.63,1,190
100,0.38,-0.63,2,0
100,0.38,-0.64,0,0
100,0.38,-0.64,1,180
100,0.38,-0.64,2,0
100,0.38,-0.65,0,6570
100,0.38,-0.65,1,200
100,0.38,-0.65,2,0
100,0.38,-0.66,0,0
100,0.38,-0.66,1,180
100,0.38,-0.66,2,0
100,0.38,-0.67,0,0
100,0.38,-0.67,1,200
100,0.38,-0.67,2,0
100,0.38,-0.68,0,0
100,0.38,-0.68,1,190
100,0.38,-0.68,2,0
100,0.38,-0.6900000000000001,0,0
100,0.38,-0.6900000000000001,1,9840
100,0.38,-0.6900000000000001,2,0
100,0.38,-0.7000000000000001,0,0
100,0.38,-0.7000000000000001,1,190
100,0.38,-0.7000000000000001,2,0
100,0.38,-0.7100000000000001,0,0
100,0.38,-0.7100000000000001,1,170
100,0.38,-0.7100000000000001,2,0
100,0.38,-0.7200000000000001,0,0
100,0.38,-0.7200000000000001,1,160
100,0.38,-0.7200000000000001,2,0
100,0.38,-0.73,0,0
100,0.38,-0.73,1,180
100,0.38,-0.73,2,0
100,0.38,-0.74,0,0
100,0.38,-0.74,1,180
100,0.38,-0.74,2,0
100,0.38,-0.75,0,0
100,0.38,-0.75,1,9944
100,0.38,-0.75,2,0
100,0.38,-0.76,0,9210
100,0.38,-0.76,1,0
100,0.38,-0.76,2,0
100,0.38,-0.77,0,0
100,0.38,-0.77,1,0
100,0.38,-0.77,2,0
100,0.38,-0.78,0,0
100,0.38,-0.78,1,0
100,0.38,-0.78,2,0
100,0.38,-0.79,0,0
100,0.38,-0.79,1,7020
100,0.38,-0.79,2,0
100,0.38,-0.8,0,0
100,0.38,-0.8,1,0
100,0.38,-0.8,2,0
100,0.38,0.010000000000000009,0,5530
100,0.38,0.010000000000000009,1,5880
100,0.38,0.010000000000000009,2,1930
100,0.38,0.020000000000000018,0,2260
100,0.38,0.020000000000000018,1,2060
100,0.38,0.020000000000000018,2,120
100,0.38,0.030000000000000027,0,1310
100,0.38,0.030000000000000027,1,1080
100,0.38,0.030000000000000027,2,80
100,0.38,0.039999999999999925,0,960
100,0.38,0.039999999999999925,1,320
100,0.38,0.039999999999999925,2,50
100,0.38,0.04999999999999993,0,760
100,0.38,0.04999999999999993,1,280
100,0.38,0.04999999999999993,2,40
100,0.38,0.05999999999999994,0,620
100,0.38,0.05999999999999994,1,260
100,0.38,0.05999999999999994,2,20
100,0.38,0.06999999999999995,0,140
100,0.38,0.06999999999999995,1,230
100,0.38,0.06999999999999995,2,20
100,0.38,0.07999999999999996,0,120
100,0.38,0.07999999999999996,1,210
100,0.38,0.07999999999999996,2,10
100,0.38,0.08999999999999997,0,110
100,0.38,0.08999999999999997,1,190
100,0.38,0.08999999999999997,2,10
100,0.38,0.09999999999999998,0,100
100,0.38,0.09999999999999998,1,170
100,0.38,0.09999999999999998,2,10
100,0.38,0.0,0,0
100,0.38,0.0,1,0
100,0.38,0.0,2,0
100,0.38,0.10999999999999999,0,90
100,0.38,0.10999999999999999,1,160
100,0.38,0.10999999999999999,2,10
100,0.38,0.12,0,90
100,0.38,0.12,1,150
100,0.38,0.12,2,10
100,0.38,0.13,0,80
100,0.38,0.13,1,60
100,0.38,0.13,2,10
100,0.38,0.14,0,80
100,0.38,0.14,1,50
100,0.38,0.14,2,0
100,0.38,0.15000000000000002,0,70
100,0.38,0.15000000000000002,1,50
100,0.38,0.15000000000000002,2,0
100,0.38,0.15999999999999992,0,70
100,0.38,0.15999999999999992,1,40
100,0.38,0.15999999999999992,2,0
100,0.38,0.16999999999999993,0,60
100,0.38,0.16999999999999993,1,40
100,0.38,0.16999999999999993,2,0
100,0.38,0.17999999999999994,0,50
100,0.38,0.17999999999999994,1,0
100,0.38,0.17999999999999994,2,0
100,0.38,0.18999999999999995,0,50
100,0.38,0.18999999999999995,1,0
100,0.38,0.18999999999999995,2,0
100,0.38,0.2,0,50
100,0.38,0.2,1,0
100,0.38,0.2,2,0
100,0.39,-0.010000000000000009,0,100
100,0.39,-0.010000000000000009,1,160
100,0.39,-0.010000000000000009,2,0
100,0.39,-0.020000000000000018,0,6440
100,0.39,-0.020000000000000018,1,9390
100,0.39,-0.020000000000000018,2,0
100,0.39,-0.030000000000000027,0,9940
100,0.39,-0.030000000000000027,1,9280
100,0.39,-0.030000000000000027,2,0
100,0.39,-0.040000000000000036,0,3340
100,0.39,-0.040000000000000036,1,9030
100,0.39,-0.040000000000000036,2,0
100,0.39,-0.050000000000000044,0,9610
100,0.39,-0.050000000000000044,1,270
100,0.39,-0.050000000000000044,2,0
100,0.39,-0.06000000000000005,0,9670
100,0.39,-0.06000000000000005,1,9670
100,0.39,-0.06000000000000005,2,9500
100,0.39,-0.07000000000000006,0,9330
100,0.39,-0.07000000000000006,1,9390
100,0.39,-0.07000000000000006,2,9690
100,0.39,-0.08000000000000007,0,9560
100,0.39,-0.08000000000000007,1,9340
100,0.39,-0.08000000000000007,2,8990
100,0.39,-0.09000000000000008,0,9810
100,0.39,-0.09000000000000008,1,9800
100,0.39,-0.09000000000000008,2,9890
100,0.39,-0.09999999999999998,0,8460
100,0.39,-0.09999999999999998,1,9951
100,0.39,-0.09999999999999998,2,9270
100,0.39,-0.10999999999999999,0,9820
100,0.39,-0.10999999999999999,1,9920
100,0.39,-0.10999999999999999,2,9830
100,0.39,-0.12,0,9880
100,0.39,-0.12,1,9470
100,0.39,-0.12,2,5670
100,0.39,-0.13,0,9910
100,0.39,-0.13,1,9820
100,0.39,-0.13,2,9930
100,0.39,-0.14,0,9920
100,0.39,-0.14,1,9250
100,0.39,-0.14,2,9910
100,0.39,-0.15000000000000002,0,9840
100,0.39,-0.15000000000000002,1,9920
100,0.39,-0.15000000000000002,2,9510
100,0.39,-0.16000000000000003,0,9780
100,0.39,-0.16000000000000003,1,9590
100,0.39,-0.16000000000000003,2,9600
100,0.39,-0.17000000000000004,0,9920
100,0.39,-0.17000000000000004,1,9770
100,0.39,-0.17000000000000004,2,8710
100,0.39,-0.18000000000000005,0,9890
100,0.39,-0.18000000000000005,1,9590
100,0.39,-0.18000000000000005,2,9660
100,0.39,-0.19000000000000006,0,9660
100,0.39,-0.19000000000000006,1,9470
100,0.39,-0.19000000000000006,2,9910
100,0.39,-0.20000000000000007,0,9920
100,0.39,-0.20000000000000007,1,9640
100,0.39,-0.20000000000000007,2,9940
100,0.39,-0.21000000000000008,0,9910
100,0.39,-0.21000000000000008,1,8130
100,0.39,-0.21000000000000008,2,9740
100,0.39,-0.22000000000000008,0,9910
100,0.39,-0.22000000000000008,1,9950
100,0.39,-0.22000000000000008,2,8430
100,0.39,-0.22999999999999998,0,9910
100,0.39,-0.22999999999999998,1,9720
100,0.39,-0.22999999999999998,2,9900
100,0.39,-0.24,0,9720
100,0.39,-0.24,1,9860
100,0.39,-0.24,2,8410
100,0.39,-0.25,0,9890
100,0.39,-0.25,1,9920
100,0.39,-0.25,2,9870
100,0.39,-0.26,0,8840
100,0.39,-0.26,1,9860
100,0.39,-0.26,2,9310
100,0.39,-0.27,0,9900
100,0.39,-0.27,1,9910
100,0.39,-0.27,2,9900
100,0.39,-0.28,0,9890
100,0.39,-0.28,1,9930
100,0.39,-0.28,2,9870
100,0.39,-0.29000000000000004,0,9910
100,0.39,-0.29000000000000004,1,9880
100,0.39,-0.29000000000000004,2,9920
100,0.39,-0.30000000000000004,0,9910
100,0.39,-0.30000000000000004,1,9900
100,0.39,-0.30000000000000004,2,9820
100,0.39,-0.31000000000000005,0,9890
100,0.39,-0.31000000000000005,1,9910
100,0.39,-0.31000000000000005,2,9800
100,0.39,-0.32000000000000006,0,9950
100,0.39,-0.32000000000000006,1,9940
100,0.39,-0.32000000000000006,2,9780
100,0.39,-0.33,0,9950
100,0.39,-0.33,1,9910
100,0.39,-0.33,2,9890
100,0.39,-0.34,0,9750
100,0.39,-0.34,1,9550
100,0.39,-0.34,2,9810
100,0.39,-0.35000000000000003,0,9910
100,0.39,-0.35000000000000003,1,9695
100,0.39,-0.35000000000000003,2,9880
100,0.39,-0.36000000000000004,0,9020
100,0.39,-0.36000000000000004,1,9420
100,0.39,-0.36000000000000004,2,9570
100,0.39,-0.37000000000000005,0,9360
100,0.39,-0.37000000000000005,1,9800
100,0.39,-0.37000000000000005,2,9850
100,0.39,-0.38000000000000006,0,3930
100,0.39,-0.38000000000000006,1,9780
100,0.39,-0.38000000000000006,2,0
100,0.39,-0.39,0,7520
100,0.39,-0.39,1,8130
100,0.39,-0.39,2,9540
100,0.39,-0.41000000000000003,0,9830
100,0.39,-0.41000000000000003,1,5910
100,0.39,-0.41000000000000003,2,9730
100,0.39,-0.42000000000000004,0,9927
100,0.39,-0.42000000000000004,1,300
100,0.39,-0.42000000000000004,2,9850
100,0.39,-0.43000000000000005,0,9270
100,0.39,-0.43000000000000005,1,6360
100,0.39,-0.43000000000000005,2,0
100,0.39,-0.44000000000000006,0,1640
100,0.39,-0.44000000000000006,1,9680
100,0.39,-0.44000000000000006,2,0
100,0.39,-0.45,0,2690
100,0.39,-0.45,1,370
100,0.39,-0.45,2,0
100,0.39,-0.46,0,0
100,0.39,-0.46,1,250
100,0.39,-0.46,2,0
100,0.39,-0.47000000000000003,0,8040
100,0.39,-0.47000000000000003,1,6990
100,0.39,-0.47000000000000003,2,0
100,0.39,-0.48000000000000004,0,0
100,0.39,-0.48000000000000004,1,240
100,0.39,-0.48000000000000004,2,0
100,0.39,-0.49000000000000005,0,0
100,0.39,-0.49000000000000005,1,240
100,0.39,-0.49000000000000005,2,0
100,0.39,-0.4,0,7420
100,0.39,-0.4,1,9630
100,0.39,-0.4,2,0
100,0.39,-0.51,0,0
100,0.39,-0.51,1,320
100,0.39,-0.51,2,0
100,0.39,-0.52,0,0
100,0.39,-0.52,1,290
100,0.39,-0.52,2,0
100,0.39,-0.53,0,0
100,0.39,-0.53,1,270
100,0.39,-0.53,2,0
100,0.39,-0.54,0,0
100,0.39,-0.54,1,290
100,0.39,-0.54,2,0
100,0.39,-0.55,0,0
100,0.39,-0.55,1,260
100,0.39,-0.55,2,0
100,0.39,-0.56,0,7950
100,0.39,-0.56,1,270
100,0.39,-0.56,2,0
100,0.39,-0.5700000000000001,0,0
100,0.39,-0.5700000000000001,1,230
100,0.39,-0.5700000000000001,2,0
100,0.39,-0.5800000000000001,0,0
100,0.39,-0.5800000000000001,1,230
100,0.39,-0.5800000000000001,2,0
100,0.39,-0.5900000000000001,0,0
100,0.39,-0.5900000000000001,1,210
100,0.39,-0.5900000000000001,2,0
100,0.39,-0.5,0,0
100,0.39,-0.5,1,9945
100,0.39,-0.5,2,0
100,0.39,-0.6000000000000001,0,8980
100,0.39,-0.6000000000000001,1,210
100,0.39,-0.6000000000000001,2,0
100,0.39,-0.6100000000000001,0,0
100,0.39,-0.6100000000000001,1,200
100,0.39,-0.6100000000000001,2,0
100,0.39,-0.6200000000000001,0,0
100,0.39,-0.6200000000000001,1,170
100,0.39,-0.6200000000000001,2,0
100,0.39,-0.63,0,0
100,0.39,-0.63,1,180
100,0.39,-0.63,2,0
100,0.39,-0.64,0,0
100,0.39,-0.64,1,180
100,0.39,-0.64,2,0
100,0.39,-0.65,0,0
100,0.39,-0.65,1,150
100,0.39,-0.65,2,0
100,0.39,-0.66,0,0
100,0.39,-0.66,1,190
100,0.39,-0.66,2,0
100,0.39,-0.67,0,0
100,0.39,-0.67,1,9180
100,0.39,-0.67,2,0
100,0.39,-0.68,0,0
100,0.39,-0.68,1,190
100,0.39,-0.68,2,0
100,0.39,-0.6900000000000001,0,0
100,0.39,-0.6900000000000001,1,180
100,0.39,-0.6900000000000001,2,0
100,0.39,-0.7000000000000001,0,0
100,0.39,-0.7000000000000001,1,200
100,0.39,-0.7000000000000001,2,0
100,0.39,-0.7100000000000001,0,0
100,0.39,-0.7100000000000001,1,9967
100,0.39,-0.7100000000000001,2,0
100,0.39,-0.7200000000000001,0,0
100,0.39,-0.7200000000000001,1,160
100,0.39,-0.7200000000000001,2,0
100,0.39,-0.73,0,0
100,0.39,-0.73,1,190
100,0.39,-0.73,2,0
100,0.39,-0.74,0,4900
100,0.39,-0.74,1,200
100,0.39,-0.74,2,0
100,0.39,-0.75,0,0
100,0.39,-0.75,1,4800
100,0.39,-0.75,2,0
100,0.39,-0.76,0,0
100,0.39,-0.76,1,160
100,0.39,-0.76,2,0
100,0.39,-0.77,0,9100
100,0.39,-0.77,1,130
100,0.39,-0.77,2,0
100,0.39,-0.78,0,9986
100,0.39,-0.78,1,9937
100,0.39,-0.78,2,0
100,0.39,-0.79,0,9992
100,0.39,-0.79,1,0
100,0.39,-0.79,2,0
100,0.39,-0.8,0,0
100,0.39,-0.8,1,9998
100,0.39,-0.8,2,0
100,0.39,0.010000000000000009,0,5540
100,0.39,0.010000000000000009,1,5850
100,0.39,0.010000000000000009,2,1930
100,0.39,0.020000000000000018,0,2230
100,0.39,0.020000000000000018,1,2090
100,0.39,0.020000000000000018,2,120
100,0.39,0.030000000000000027,0,1250
100,0.39,0.030000000000000027,1,1110
100,0.39,0.030000000000000027,2,80
100,0.39,0.039999999999999925,0,920
100,0.39,0.039999999999999925,1,310
100,0.39,0.039999999999999925,2,50
100,0.39,0.04999999999999993,0,740
100,0.39,0.04999999999999993,1,280
100,0.39,0.04999999999999993,2,40
100,0.39,0.05999999999999994,0,620
100,0.39,0.05999999999999994,1,250
100,0.39,0.05999999999999994,2,20
100,0.39,0.06999999999999995,0,130
100,0.39,0.06999999999999995,1,230
100,0.39,0.06999999999999995,2,20
100,0.39,0.07999999999999996,0,120
100,0.39,0.07999999999999996,1,210
100,0.39,0.07999999999999996,2,10
100,0.39,0.08999999999999997,0,110
100,0.39,0.08999999999999997,1,190
100,0.39,0.08999999999999997,2,10
100,0.39,0.09999999999999998,0,100
100,0.39,0.09999999999999998,1,170
100,0.39,0.09999999999999998,2,10
100,0.39,0.0,0,0
100,0.39,0.0,1,0
100,0.39,0.0,2,0
100,0.39,0.10999999999999999,0,90
100,0.39,0.10999999999999999,1,160
100,0.39,0.10999999999999999,2,10
100,0.39,0.12,0,90
100,0.39,0.12,1,150
100,0.39,0.12,2,10
100,0.39,0.13,0,80
100,0.39,0.13,1,60
100,0.39,0.13,2,10
100,0.39,0.14,0,80
100,0.39,0.14,1,50
100,0.39,0.14,2,0
100,0.39,0.15000000000000002,0,70
100,0.39,0.15000000000000002,1,50
100,0.39,0.15000000000000002,2,0
100,0.39,0.15999999999999992,0,70
100,0.39,0.15999999999999992,1,40
100,0.39,0.15999999999999992,2,0
100,0.39,0.16999999999999993,0,60
100,0.39,0.16999999999999993,1,40
100,0.39,0.16999999999999993,2,0
100,0.39,0.17999999999999994,0,60
100,0.39,0.17999999999999994,1,0
100,0.39,0.17999999999999994,2,0
100,0.39,0.18999999999999995,0,50
100,0.39,0.18999999999999995,1,0
100,0.39,0.18999999999999995,2,0
100,0.39,0.2,0,50
100,0.39,0.2,1,0
100,0.39,0.2,2,0
100,0.3,-0.010000000000000009,0,160
100,0.3,-0.010000000000000009,1,260
100,0.3,-0.010000000000000009,2,0
100,0.3,-0.020000000000000018,0,8550
100,0.3,-0.020000000000000018,1,340
100,0.3,-0.020000000000000018,2,9900
100,0.3,-0.030000000000000027,0,200
100,0.3,-0.030000000000000027,1,6770
100,0.3,-0.030000000000000027,2,0
100,0.3,-0.040000000000000036,0,9440
100,0.3,-0.040000000000000036,1,9680
100,0.3,-0.040000000000000036,2,0
100,0.3,-0.050000000000000044,0,200
100,0.3,-0.050000000000000044,1,9270
100,0.3,-0.050000000000000044,2,2040
100,0.3,-0.06000000000000005,0,9360
100,0.3,-0.06000000000000005,1,9250
100,0.3,-0.06000000000000005,2,7330
100,0.3,-0.07000000000000006,0,9730
100,0.3,-0.07000000000000006,1,9890
100,0.3,-0.07000000000000006,2,9790
100,0.3,-0.08000000000000007,0,9880
100,0.3,-0.08000000000000007,1,9720
100,0.3,-0.08000000000000007,2,8790
100,0.3,-0.09000000000000008,0,9953
100,0.3,-0.09000000000000008,1,9740
100,0.3,-0.09000000000000008,2,9930
100,0.3,-0.09999999999999998,0,9590
100,0.3,-0.09999999999999998,1,9700
100,0.3,-0.09999999999999998,2,9720
100,0.3,-0.10999999999999999,0,9170
100,0.3,-0.10999999999999999,1,9060
100,0.3,-0.10999999999999999,2,9630
100,0.3,-0.12,0,9850
100,0.3,-0.12,1,9400
100,0.3,-0.12,2,9770
100,0.3,-0.13,0,9830
100,0.3,-0.13,1,9910
100,0.3,-0.13,2,9830
100,0.3,-0.14,0,9860
100,0.3,-0.14,1,9900
100,0.3,-0.14,2,9750
100,0.3,-0.15000000000000002,0,9880
100,0.3,-0.15000000000000002,1,8330
100,0.3,-0.15000000000000002,2,9920
100,0.3,-0.16000000000000003,0,9880
100,0.3,-0.16000000000000003,1,9920
100,0.3,-0.16000000000000003,2,9830
100,0.3,-0.17000000000000004,0,9910
100,0.3,-0.17000000000000004,1,9940
100,0.3,-0.17000000000000004,2,9930
100,0.3,-0.18000000000000005,0,9900
100,0.3,-0.18000000000000005,1,9940
100,0.3,-0.18000000000000005,2,9780
100,0.3,-0.19000000000000006,0,9870
100,0.3,-0.19000000000000006,1,9800
100,0.3,-0.19000000000000006,2,9930
100,0.3,-0.20000000000000007,0,8270
100,0.3,-0.20000000000000007,1,9310
100,0.3,-0.20000000000000007,2,9770
100,0.3,-0.21000000000000008,0,9540
100,0.3,-0.21000000000000008,1,9820
100,0.3,-0.21000000000000008,2,9830
100,0.3,-0.22000000000000008,0,9760
100,0.3,-0.22000000000000008,1,9340
100,0.3,-0.22000000000000008,2,9810
100,0.3,-0.22999999999999998,0,9670
100,0.3,-0.22999999999999998,1,9920
100,0.3,-0.22999999999999998,2,9890
100,0.3,-0.24,0,0
100,0.3,-0.24,1,2530
100,0.3,-0.24,2,9810
100,0.3,-0.25,0,9880
100,0.3,-0.25,1,9890
100,0.3,-0.25,2,9850
100,0.3,-0.26,0,4310
100,0.3,-0.26,1,1560
100,0.3,-0.26,2,0
100,0.3,-0.27,0,0
100,0.3,-0.27,1,9900
100,0.3,-0.27,2,0
100,0.3,-0.28,0,0
100,0.3,-0.28,1,1730
100,0.3,-0.28,2,0
100,0.3,-0.29000000000000004,0,2150
100,0.3,-0.29000000000000004,1,490
100,0.3,-0.29000000000000004,2,0
100,0.3,-0.30000000000000004,0,0
100,0.3,-0.30000000000000004,1,550
100,0.3,-0.30000000000000004,2,0
100,0.3,-0.31000000000000005,0,9190
100,0.3,-0.31000000000000005,1,460
100,0.3,-0.31000000000000005,2,0
100,0.3,-0.32000000000000006,0,0
100,0.3,-0.32000000000000006,1,380
100,0.3,-0.32000000000000006,2,0
100,0.3,-0.33,0,2490
100,0.3,-0.33,1,350
100,0.3,-0.33,2,0
100,0.3,-0.34,0,0
100,0.3,-0.34,1,330
100,0.3,-0.34,2,0
100,0.3,-0.35000000000000003,0,0
100,0.3,-0.35000000000000003,1,330
100,0.3,-0.35000000000000003,2,0
100,0.3,-0.36000000000000004,0,0
100,0.3,-0.36000000000000004,1,180
100,0.3,-0.36000000000000004,2,0
100,0.3,-0.37000000000000005,0,0
100,0.3,-0.37000000000000005,1,180
100,0.3,-0.37000000000000005,2,0
100,0.3,-0.38000000000000006,0,0
100,0.3,-0.38000000000000006,1,190
100,0.3,-0.38000000000000006,2,0
100,0.3,-0.39,0,0
100,0.3,-0.39,1,9976
100,0.3,-0.39,2,0
100,0.3,-0.41000000000000003,0,0
100,0.3,-0.41000000000000003,1,3920
100,0.3,-0.41000000000000003,2,0
100,0.3,-0.42000000000000004,0,0
100,0.3,-0.42000000000000004,1,180
100,0.3,-0.42000000000000004,2,0
100,0.3,-0.43000000000000005,0,0
100,0.3,-0.43000000000000005,1,8120
100,0.3,-0.43000000000000005,2,0
100,0.3,-0.44000000000000006,0,0
100,0.3,-0.44000000000000006,1,0
100,0.3,-0.44000000000000006,2,0
100,0.3,-0.45,0,0
100,0.3,-0.45,1,0
100,0.3,-0.45,2,0
100,0.3,-0.46,0,0
100,0.3,-0.46,1,9798
100,0.3,-0.46,2,0
100,0.3,-0.47000000000000003,0,0
100,0.3,-0.47000000000000003,1,9816
100,0.3,-0.47000000000000003,2,0
100,0.3,-0.48000000000000004,0,0
100,0.3,-0.48000000000000004,1,0
100,0.3,-0.48000000000000004,2,0
100,0.3,-0.49000000000000005,0,0
100,0.3,-0.49000000000000005,1,3770
100,0.3,-0.49000000000000005,2,0
100,0.3,-0.4,0,0
100,0.3,-0.4,1,0
100,0.3,-0.4,2,0
100,0.3,-0.51,0,0
100,0.3,-0.51,1,7250
100,0.3,-0.51,2,0
100,0.3,-0.52,0,0
100,0.3,-0.52,1,0
100,0.3,-0.52,2,0
100,0.3,-0.53,0,0
100,0.3,-0.53,1,0
100,0.3,-0.53,2,0
100,0.3,-0.54,0,0
100,0.3,-0.54,1,0
100,0.3,-0.54,2,0
100,0.3,-0.55,0,0
100,0.3,-0.55,1,0
100,0.3,-0.55,2,0
100,0.3,-0.56,0,0
100,0.3,-0.56,1,9600
100,0.3,-0.56,2,0
100,0.3,-0.5700000000000001,0,0
100,0.3,-0.5700000000000001,1,2220
100,0.3,-0.5700000000000001,2,0
100,0.3,-0.5800000000000001,0,0
100,0.3,-0.5800000000000001,1,2040
100,0.3,-0.5800000000000001,2,0
100,0.3,-0.5900000000000001,0,0
100,0.3,-0.5900000000000001,1,5140
100,0.3,-0.5900000000000001,2,0
100,0.3,-0.5,0,0
100,0.3,-0.5,1,170
100,0.3,-0.5,2,0
100,0.3,-0.6000000000000001,0,0
100,0.3,-0.6000000000000001,1,0
100,0.3,-0.6000000000000001,2,0
100,0.3,-0.6100000000000001,0,0
100,0.3,-0.6100000000000001,1,9959
100,0.3,-0.6100000000000001,2,0
100,0.3,-0.6200000000000001,0,0
100,0.3,-0.6200000000000001,1,3400
100,0.3,-0.6200000000000001,2,0
100,0.3,-0.63,0,0
100,0.3,-0.63,1,3900
100,0.3,-0.63,2,0
100,0.3,-0.64,0,0
100,0.3,-0.64,1,4490
100,0.3,-0.64,2,0
100,0.3,-0.65,0,0
100,0.3,-0.65,1,7380
100,0.3,-0.65,2,0
100,0.3,-0.66,0,0
100,0.3,-0.66,1,8500
100,0.3,-0.66,2,0
100,0.3,-0.67,0,0
100,0.3,-0.67,1,1550
100,0.3,-0.67,2,0
100,0.3,-0.68,0,0
100,0.3,-0.68,1,0
100,0.3,-0.68,2,0
100,0.3,-0.6900000000000001,0,0
100,0.3,-0.6900000000000001,1,1500
100,0.3,-0.6900000000000001,2,0
100,0.3,-0.7000000000000001,0,0
100,0.3,-0.7000000000000001,1,1530
100,0.3,-0.7000000000000001,2,0
100,0.3,-0.7100000000000001,0,0
100,0.3,-0.7100000000000001,1,4750
100,0.3,-0.7100000000000001,2,0
100,0.3,-0.7200000000000001,0,0
100,0.3,-0.7200000000000001,1,9927
100,0.3,-0.7200000000000001,2,0
100,0.3,-0.73,0,0
100,0.3,-0.73,1,5590
100,0.3,-0.73,2,0
100,0.3,-0.74,0,0
100,0.3,-0.74,1,3020
100,0.3,-0.74,2,0
100,0.3,-0.75,0,0
100,0.3,-0.75,1,4570
100,0.3,-0.75,2,0
100,0.3,-0.76,0,0
100,0.3,-0.76,1,3810
100,0.3,-0.76,2,0
100,0.3,-0.77,0,0
100,0.3,-0.77,1,3950
100,0.3,-0.77,2,0
100,0.3,-0.78,0,0
100,0.3,-0.78,1,4470
100,0.3,-0.78,2,0
100,0.3,-0.79,0,0
100,0.3,-0.79,1,6690
100,0.3,-0.79,2,0
100,0.3,-0.8,0,0
100,0.3,-0.8,1,0
100,0.3,-0.8,2,0
100,0.3,0.010000000000000009,0,5680
100,0.3,0.010000000000000009,1,5700
100,0.3,0.010000000000000009,2,1880
100,0.3,0.020000000000000018,0,2170
100,0.3,0.020000000000000018,1,2000
100,0.3,0.020000000000000018,2,140
100,0.3,0.030000000000000027,0,1340
100,0.3,0.030000000000000027,1,1070
100,0.3,0.030000000000000027,2,80
100,0.3,0.039999999999999925,0,1010
100,0.3,0.039999999999999925,1,400
100,0.3,0.039999999999999925,2,50
100,0.3,0.04999999999999993,0,800
100,0.3,0.04999999999999993,1,340
100,0.3,0.04999999999999993,2,30
100,0.3,0.05999999999999994,0,620
100,0.3,0.05999999999999994,1,310
100,0.3,0.05999999999999994,2,20
100,0.3,0.06999999999999995,0,180
100,0.3,0.06999999999999995,1,270
100,0.3,0.06999999999999995,2,10
100,0.3,0.07999999999999996,0,160
100,0.3,0.07999999999999996,1,230
100,0.3,0.07999999999999996,2,10
100,0.3,0.08999999999999997,0,140
100,0.3,0.08999999999999997,1,210
100,0.3,0.08999999999999997,2,10
100,0.3,0.09999999999999998,0,120
100,0.3,0.09999999999999998,1,190
100,0.3,0.09999999999999998,2,10
100,0.3,0.0,0,0
100,0.3,0.0,1,0
100,0.3,0.0,2,0
100,0.3,0.10999999999999999,0,110
100,0.3,0.10999999999999999,1,80
100,0.3,0.10999999999999999,2,0
100,0.3,0.12,0,100
100,0.3,0.12,1,70
100,0.3,0.12,2,0
100,0.3,0.13,0,90
100,0.3,0.13,1,70
100,0.3,0.13,2,0
100,0.3,0.14,0,90
100,0.3,0.14,1,60
100,0.3,0.14,2,0
100,0.3,0.15000000000000002,0,80
100,0.3,0.15000000000000002,1,50
100,0.3,0.15000000000000002,2,0
100,0.3,0.15999999999999992,0,70
100,0.3,0.15999999999999992,1,50
100,0.3,0.15999999999999992,2,0
100,0.3,0.16999999999999993,0,60
100,0.3,0.16999999999999993,1,40
100,0.3,0.16999999999999993,2,0
100,0.3,0.17999999999999994,0,60
100,0.3,0.17999999999999994,1,40
100,0.3,0.17999999999999994,2,0
100,0.3,0.18999999999999995,0,50
100,0.3,0.18999999999999995,1,0
100,0.3,0.18999999999999995,2,0
100,0.3,0.2,0,40
100,0.3,0.2,1,0
100,0.3,0.2,2,0
100,0.41000000000000003,-0.010000000000000009,0,90
100,0.41000000000000003,-0.010000000000000009,1,140
100,0.41000000000000003,-0.010000000000000009,2,0
100,0.41000000000000003,-0.020000000000000018,0,120
100,0.41000000000000003,-0.020000000000000018,1,180
100,0.41000000000000003,-0.020000000000000018,2,0
100,0.41000000000000003,-0.030000000000000027,0,130
100,0.41000000000000003,-0.030000000000000027,1,9510
100,0.41000000000000003,-0.030000000000000027,2,0
100,0.41000000000000003,-0.040000000000000036,0,6830
100,0.41000000000000003,-0.040000000000000036,1,9790
100,0.41000000000000003,-0.040000000000000036,2,9740
100,0.41000000000000003,-0.050000000000000044,0,9660
100,0.41000000000000003,-0.050000000000000044,1,9380
100,0.41000000000000003,-0.050000000000000044,2,9880
100,0.41000000000000003,-0.06000000000000005,0,9910
100,0.41000000000000003,-0.06000000000000005,1,220
100,0.41000000000000003,-0.06000000000000005,2,9670
100,0.41000000000000003,-0.07000000000000006,0,9730
100,0.41000000000000003,-0.07000000000000006,1,9440
100,0.41000000000000003,-0.07000000000000006,2,9920
100,0.41000000000000003,-0.08000000000000007,0,8220
100,0.41000000000000003,-0.08000000000000007,1,9900
100,0.41000000000000003,-0.08000000000000007,2,7230
100,0.41000000000000003,-0.09000000000000008,0,9750
100,0.41000000000000003,-0.09000000000000008,1,9870
100,0.41000000000000003,-0.09000000000000008,2,9850
100,0.41000000000000003,-0.09999999999999998,0,9860
100,0.41000000000000003,-0.09999999999999998,1,9800
100,0.41000000000000003,-0.09999999999999998,2,8840
100,0.41000000000000003,-0.10999999999999999,0,9710
100,0.41000000000000003,-0.10999999999999999,1,9810
100,0.41000000000000003,-0.10999999999999999,2,9920
100,0.41000000000000003,-0.12,0,9880
100,0.41000000000000003,-0.12,1,9820
100,0.41000000000000003,-0.12,2,9940
100,0.41000000000000003,-0.13,0,9740
100,0.41000000000000003,-0.13,1,9700
100,0.41000000000000003,-0.13,2,4870
100,0.41000000000000003,-0.14,0,9930
100,0.41000000000000003,-0.14,1,9810
100,0.41000000000000003,-0.14,2,9300
100,0.41000000000000003,-0.15000000000000002,0,9520
100,0.41000000000000003,-0.15000000000000002,1,9920
100,0.41000000000000003,-0.15000000000000002,2,9850
100,0.41000000000000003,-0.16000000000000003,0,8870
100,0.41000000000000003,-0.16000000000000003,1,9750
100,0.41000000000000003,-0.16000000000000003,2,9250
100,0.41000000000000003,-0.17000000000000004,0,9820
100,0.41000000000000003,-0.17000000000000004,1,9670
100,0.41000000000000003,-0.17000000000000004,2,9900
100,0.41000000000000003,-0.18000000000000005,0,9920
100,0.41000000000000003,-0.18000000000000005,1,9580
100,0.41000000000000003,-0.18000000000000005,2,8100
100,0.41000000000000003,-0.19000000000000006,0,9910
100,0.41000000000000003,-0.19000000000000006,1,9640
100,0.41000000000000003,-0.19000000000000006,2,9910
100,0.41000000000000003,-0.20000000000000007,0,9710
100,0.41000000000000003,-0.20000000000000007,1,9930
100,0.41000000000000003,-0.20000000000000007,2,9080
100,0.41000000000000003,-0.21000000000000008,0,9920
100,0.41000000000000003,-0.21000000000000008,1,9870
100,0.41000000000000003,-0.21000000000000008,2,9770
100,0.41000000000000003,-0.22000000000000008,0,9950
100,0.41000000000000003,-0.22000000000000008,1,9950
100,0.41000000000000003,-0.22000000000000008,2,9800
100,0.41000000000000003,-0.22999999999999998,0,9950
100,0.41000000000000003,-0.22999999999999998,1,9860
100,0.41000000000000003,-0.22999999999999998,2,9830
100,0.41000000000000003,-0.24,0,9940
100,0.41000000000000003,-0.24,1,9930
100,0.41000000000000003,-0.24,2,9940
100,0.41000000000000003,-0.25,0,9760
100,0.41000000000000003,-0.25,1,9850
100,0.41000000000000003,-0.25,2,9770
100,0.41000000000000003,-0.26,0,9930
100,0.41000000000000003,-0.26,1,9760
100,0.41000000000000003,-0.26,2,9830
100,0.41000000000000003,-0.27,0,9850
100,0.41000000000000003,-0.27,1,9430
100,0.41000000000000003,-0.27,2,9440
100,0.41000000000000003,-0.28,0,9640
100,0.41000000000000003,-0.28,1,9890
100,0.41000000000000003,-0.28,2,9930
100,0.41000000000000003,-0.29000000000000004,0,9967
100,0.41000000000000003,-0.29000000000000004,1,9950
100,0.41000000000000003,-0.29000000000000004,2,9900
100,0.41000000000000003,-0.30000000000000004,0,9880
100,0.41000000000000003,-0.30000000000000004,1,9910
100,0.41000000000000003,-0.30000000000000004,2,9900
100,0.41000000000000003,-0.31000000000000005,0,9940
100,0.41000000000000003,-0.31000000000000005,1,9920
100,0.41000000000000003,-0.31000000000000005,2,9730
100,0.41000000000000003,-0.32000000000000006,0,9630
100,0.41000000000000003,-0.32000000000000006,1,9920
100,0.41000000000000003,-0.32000000000000006,2,9890
100,0.41000000000000003,-0.33,0,9910
100,0.41000000000000003,-0.33,1,9870
100,0.41000000000000003,-0.33,2,9880
100,0.41000000000000003,-0.34,0,9900
100,0.41000000000000003,-0.34,1,8980
100,0.41000000000000003,-0.34,2,9870
100,0.41000000000000003,-0.35000000000000003,0,9800
100,0.41000000000000003,-0.35000000000000003,1,9890
100,0.41000000000000003,-0.35000000000000003,2,9870
100,0.41000000000000003,-0.36000000000000004,0,9777
100,0.41000000000000003,-0.36000000000000004,1,9910
100,0.41000000000000003,-0.36000000000000004,2,9780
100,0.41000000000000003,-0.37000000000000005,0,9900
100,0.41000000000000003,-0.37000000000000005,1,9790
100,0.41000000000000003,-0.37000000000000005,2,9480
100,0.41000000000000003,-0.38000000000000006,0,9910
100,0.41000000000000003,-0.38000000000000006,1,9770
100,0.41000000000000003,-0.38000000000000006,2,9560
100,0.41000000000000003,-0.39,0,9210
100,0.41000000000000003,-0.39,1,9640
100,0.41000000000000003,-0.39,2,9770
100,0.41000000000000003,-0.41000000000000003,0,9930
100,0.41000000000000003,-0.41000000000000003,1,9860
100,0.41000000000000003,-0.41000000000000003,2,9990
100,0.41000000000000003,-0.42000000000000004,0,4730
100,0.41000000000000003,-0.42000000000000004,1,390
100,0.41000000000000003,-0.42000000000000004,2,6760
100,0.41000000000000003,-0.43000000000000005,0,9780
100,0.41000000000000003,-0.43000000000000005,1,7140
100,0.41000000000000003,-0.43000000000000005,2,9540
100,0.41000000000000003,-0.44000000000000006,0,0
100,0.41000000000000003,-0.44000000000000006,1,9760
100,0.41000000000000003,-0.44000000000000006,2,0
100,0.41000000000000003,-0.45,0,0
100,0.41000000000000003,-0.45,1,9850
100,0.41000000000000003,-0.45,2,0
100,0.41000000000000003,-0.46,0,9620
100,0.41000000000000003,-0.46,1,230
100,0.41000000000000003,-0.46,2,0
100,0.41000000000000003,-0.47000000000000003,0,5480
100,0.41000000000000003,-0.47000000000000003,1,5650
100,0.41000000000000003,-0.47000000000000003,2,6260
100,0.41000000000000003,-0.48000000000000004,0,0
100,0.41000000000000003,-0.48000000000000004,1,300
100,0.41000000000000003,-0.48000000000000004,2,0
100,0.41000000000000003,-0.49000000000000005,0,0
100,0.41000000000000003,-0.49000000000000005,1,700
100,0.41000000000000003,-0.49000000000000005,2,0
100,0.41000000000000003,-0.4,0,9740
100,0.41000000000000003,-0.4,1,9620
100,0.41000000000000003,-0.4,2,9760
100,0.41000000000000003,-0.51,0,0
100,0.41000000000000003,-0.51,1,8620
100,0.41000000000000003,-0.51,2,0
100,0.41000000000000003,-0.52,0,9490
100,0.41000000000000003,-0.52,1,1890
100,0.41000000000000003,-0.52,2,0
100,0.41000000000000003,-0.53,0,2440
100,0.41000000000000003,-0.53,1,9893
100,0.41000000000000003,-0.53,2,0
100,0.41000000000000003,-0.54,0,4450
100,0.41000000000000003,-0.54,1,270
100,0.41000000000000003,-0.54,2,0
100,0.41000000000000003,-0.55,0,0
100,0.41000000000000003,-0.55,1,9974
100,0.41000000000000003,-0.55,2,0
100,0.41000000000000003,-0.56,0,0
100,0.41000000000000003,-0.56,1,240
100,0.41000000000000003,-0.56,2,0
100,0.41000000000000003,-0.5700000000000001,0,0
100,0.41000000000000003,-0.5700000000000001,1,9540
100,0.41000000000000003,-0.5700000000000001,2,0
100,0.41000000000000003,-0.5800000000000001,0,0
100,0.41000000000000003,-0.5800000000000001,1,260
100,0.41000000000000003,-0.5800000000000001,2,9590
100,0.41000000000000003,-0.5900000000000001,0,0
100,0.41000000000000003,-0.5900000000000001,1,5840
100,0.41000000000000003,-0.5900000000000001,2,0
100,0.41000000000000003,-0.5,0,0
100,0.41000000000000003,-0.5,1,1090
100,0.41000000000000003,-0.5,2,7820
100,0.41000000000000003,-0.6000000000000001,0,0
100,0.41000000000000003,-0.6000000000000001,1,220
100,0.41000000000000003,-0.6000000000000001,2,0
100,0.41000000000000003,-0.6100000000000001,0,0
100,0.41000000000000003,-0.6100000000000001,1,220
100,0.41000000000000003,-0.6100000000000001,2,8740
100,0.41000000000000003,-0.6200000000000001,0,0
100,0.41000000000000003,-0.6200000000000001,1,200
100,0.41000000000000003,-0.6200000000000001,2,0
100,0.41000000000000003,-0.63,0,0
100,0.41000000000000003,-0.63,1,8360
100,0.41000000000000003,-0.63,2,0
100,0.41000000000000003,-0.64,0,0
100,0.41000000000000003,-0.64,1,220
100,0.41000000000000003,-0.64,2,0
100,0.41000000000000003,-0.65,0,0
100,0.41000000000000003,-0.65,1,210
100,0.41000000000000003,-0.65,2,0
100,0.41000000000000003,-0.66,0,0
100,0.41000000000000003,-0.66,1,200
100,0.41000000000000003,-0.66,2,0
100,0.41000000000000003,-0.67,0,0
100,0.41000000000000003,-0.67,1,180
100,0.41000000000000003,-0.67,2,0
100,0.41000000000000003,-0.68,0,8340
100,0.41000000000000003,-0.68,1,180
100,0.41000000000000003,-0.68,2,0
100,0.41000000000000003,-0.6900000000000001,0,0
100,0.41000000000000003,-0.6900000000000001,1,8750
100,0.41000000000000003,-0.6900000000000001,2,0
100,0.41000000000000003,-0.7000000000000001,0,0
100,0.41000000000000003,-0.7000000000000001,1,160
100,0.41000000000000003,-0.7000000000000001,2,0
100,0.41000000000000003,-0.7100000000000001,0,0
100,0.41000000000000003,-0.7100000000000001,1,190
100,0.41000000000000003,-0.7100000000000001,2,0
100,0.41000000000000003,-0.7200000000000001,0,8310
100,0.41000000000000003,-0.7200000000000001,1,7670
100,0.41000000000000003,-0.7200000000000001,2,0
100,0.41000000000000003,-0.73,0,0
100,0.41000000000000003,-0.73,1,200
100,0.41000000000000003,-0.73,2,0
100,0.41000000000000003,-0.74,0,8300
100,0.41000000000000003,-0.74,1,210
100,0.41000000000000003,-0.74,2,0
100,0.41000000000000003,-0.75,0,0
100,0.41000000000000003,-0.75,1,180
100,0.41000000000000003,-0.75,2,0
100,0.41000000000000003,-0.76,0,0
100,0.41000000000000003,-0.76,1,6150
100,0.41000000000000003,-0.76,2,0
100,0.41000000000000003,-0.77,0,0
100,0.41000000000000003,-0.77,1,180
100,0.41000000000000003,-0.77,2,0
100,0.41000000000000003,-0.78,0,0
100,0.41000000000000003,-0.78,1,140
100,0.41000000000000003,-0.78,2,0
100,0.41000000000000003,-0.79,0,0
100,0.41000000000000003,-0.79,1,180
100,0.41000000000000003,-0.79,2,0
100,0.41000000000000003,-0.8,0,0
100,0.41000000000000003,-0.8,1,8920
100,0.41000000000000003,-0.8,2,0
100,0.41000000000000003,0.010000000000000009,0,5480
100,0.41000000000000003,0.010000000000000009,1,5820
100,0.41000000000000003,0.010000000000000009,2,1940
100,0.41000000000000003,0.020000000000000018,0,2250
100,0.41000000000000003,0.020000000000000018,1,2110
100,0.41000000000000003,0.020000000000000018,2,110
100,0.41000000000000003,0.030000000000000027,0,1350
100,0.41000000000000003,0.030000000000000027,1,1130
100,0.41000000000000003,0.030000000000000027,2,70
100,0.41000000000000003,0.039999999999999925,0,980
100,0.41000000000000003,0.039999999999999925,1,690
100,0.41000000000000003,0.039999999999999925,2,50
100,0.41000000000000003,0.04999999999999993,0,760
100,0.41000000000000003,0.04999999999999993,1,260
100,0.41000000000000003,0.04999999999999993,2,40
100,0.41000000000000003,0.05999999999999994,0,630
100,0.41000000000000003,0.05999999999999994,1,240
100,0.41000000000000003,0.05999999999999994,2,30
100,0.41000000000000003,0.06999999999999995,0,130
100,0.41000000000000003,0.06999999999999995,1,220
100,0.41000000000000003,0.06999999999999995,2,20
100,0.41000000000000003,0.07999999999999996,0,120
100,0.41000000000000003,0.07999999999999996,1,200
100,0.41000000000000003,0.07999999999999996,2,10
100,0.41000000000000003,0.08999999999999997,0,100
100,0.41000000000000003,0.08999999999999997,1,180
100,0.41000000000000003,0.08999999999999997,2,10
100,0.41000000000000003,0.09999999999999998,0,100
100,0.41000000000000003,0.09999999999999998,1,170
100,0.41000000000000003,0.09999999999999998,2,10
100,0.41000000000000003,0.0,0,0
100,0.41000000000000003,0.0,1,0
100,0.41000000000000003,0.0,2,0
100,0.41000000000000003,0.10999999999999999,0,90
100,0.41000000000000003,0.10999999999999999,1,160
100,0.41000000000000003,0.10999999999999999,2,10
100,0.41000000000000003,0.12,0,80
100,0.41000000000000003,0.12,1,150
100,0.41000000000000003,0.12,2,10
100,0.41000000000000003,0.13,0,80
100,0.41000000000000003,0.13,1,50
100,0.41000000000000003,0.13,2,10
100,0.41000000000000003,0.14,0,70
100,0.41000000000000003,0.14,1,50
100,0.41000000000000003,0.14,2,10
100,0.41000000000000003,0.15000000000000002,0,70
100,0.41000000000000003,0.15000000000000002,1,50
100,0.41000000000000003,0.15000000000000002,2,0
100,0.41000000000000003,0.15999999999999992,0,60
100,0.41000000000000003,0.15999999999999992,1,40
100,0.41000000000000003,0.15999999999999992,2,0
100,0.41000000000000003,0.16999999999999993,0,60
100,0.41000000000000003,0.16999999999999993,1,40
100,0.41000000000000003,0.16999999999999993,2,0
100,0.41000000000000003,0.17999999999999994,0,60
100,0.41000000000000003,0.17999999999999994,1,0
100,0.41000000000000003,0.17999999999999994,2,0
100,0.41000000000000003,0.18999999999999995,0,50
100,0.41000000000000003,0.18999999999999995,1,0
100,0.41000000000000003,0.18999999999999995,2,0
100,0.41000000000000003,0.2,0,50
100,0.41000000000000003,0.2,1,0
100,0.41000000000000003,0.2,2,0
100,0.42,-0.010000000000000009,0,90
100,0.42,-0.010000000000000009,1,130
100,0.42,-0.010000000000000009,2,0
100,0.42,-0.020000000000000018,0,110
100,0.42,-0.020000000000000018,1,170
100,0.42,-0.020000000000000018,2,0
100,0.42,-0.030000000000000027,0,120
100,0.42,-0.030000000000000027,1,8950
100,0.42,-0.030000000000000027,2,5380
100,0.42,-0.040000000000000036,0,5380
100,0.42,-0.040000000000000036,1,9930
100,0.42,-0.040000000000000036,2,9310
100,0.42,-0.050000000000000044,0,9830
100,0.42,-0.050000000000000044,1,9620
100,0.42,-0.050000000000000044,2,9270
100,0.42,-0.06000000000000005,0,9020
100,0.42,-0.06000000000000005,1,9930
100,0.42,-0.06000000000000005,2,9880
100,0.42,-0.07000000000000006,0,9880
100,0.42,-0.07000000000000006,1,9590
100,0.42,-0.07000000000000006,2,9880
100,0.42,-0.08000000000000007,0,4400
100,0.42,-0.08000000000000007,1,9840
100,0.42,-0.08000000000000007,2,9780
100,0.42,-0.09000000000000008,0,5360
100,0.42,-0.09000000000000008,1,9860
100,0.42,-0.09000000000000008,2,9820
100,0.42,-0.09999999999999998,0,9920
100,0.42,-0.09999999999999998,1,9930
100,0.42,-0.09999999999999998,2,9760
100,0.42,-0.10999999999999999,0,9820
100,0.42,-0.10999999999999999,1,9840
100,0.42,-0.10999999999999999,2,6380
100,0.42,-0.12,0,9630
100,0.42,-0.12,1,9850
100,0.42,-0.12,2,9060
100,0.42,-0.13,0,9720
100,0.42,-0.13,1,9890
100,0.42,-0.13,2,9790
100,0.42,-0.14,0,9900
100,0.42,-0.14,1,9860
100,0.42,-0.14,2,9910
100,0.42,-0.15000000000000002,0,9850
100,0.42,-0.15000000000000002,1,9710
100,0.42,-0.15000000000000002,2,9880
100,0.42,-0.16000000000000003,0,8960
100,0.42,-0.16000000000000003,1,9900
100,0.42,-0.16000000000000003,2,9900
100,0.42,-0.17000000000000004,0,9750
100,0.42,-0.17000000000000004,1,9950
100,0.42,-0.17000000000000004,2,9910
100,0.42,-0.18000000000000005,0,9940
100,0.42,-0.18000000000000005,1,9730
100,0.42,-0.18000000000000005,2,9890
100,0.42,-0.19000000000000006,0,9930
100,0.42,-0.19000000000000006,1,9940
100,0.42,-0.19000000000000006,2,7810
100,0.42,-0.20000000000000007,0,9950
100,0.42,-0.20000000000000007,1,9900
100,0.42,-0.20000000000000007,2,9880
100,0.42,-0.21000000000000008,0,5590
100,0.42,-0.21000000000000008,1,9890
100,0.42,-0.21000000000000008,2,9940
100,0.42,-0.22000000000000008,0,9810
100,0.42,-0.22000000000000008,1,9790
100,0.42,-0.22000000000000008,2,9820
100,0.42,-0.22999999999999998,0,9920
100,0.42,-0.22999999999999998,1,9870
100,0.42,-0.22999999999999998,2,9820
100,0.42,-0.24,0,9760
100,0.42,-0.24,1,9930
100,0.42,-0.24,2,6170
100,0.42,-0.25,0,6180
100,0.42,-0.25,1,6000
100,0.42,-0.25,2,9790
100,0.42,-0.26,0,9800
100,0.42,-0.26,1,9910
100,0.42,-0.26,2,9950
100,0.42,-0.27,0,9950
100,0.42,-0.27,1,9820
100,0.42,-0.27,2,9790
100,0.42,-0.28,0,9700
100,0.42,-0.28,1,9950
100,0.42,-0.28,2,9920
100,0.42,-0.29000000000000004,0,9850
100,0.42,-0.29000000000000004,1,9920
100,0.42,-0.29000000000000004,2,9910
100,0.42,-0.30000000000000004,0,9900
100,0.42,-0.30000000000000004,1,9870
100,0.42,-0.30000000000000004,2,9880
100,0.42,-0.31000000000000005,0,8410
100,0.42,-0.31000000000000005,1,9890
100,0.42,-0.31000000000000005,2,9860
100,0.42,-0.32000000000000006,0,9890
100,0.42,-0.32000000000000006,1,9820
100,0.42,-0.32000000000000006,2,9870
100,0.42,-0.33,0,9920
100,0.42,-0.33,1,9770
100,0.42,-0.33,2,9790
100,0.42,-0.34,0,9900
100,0.42,-0.34,1,9910
100,0.42,-0.34,2,9870
100,0.42,-0.35000000000000003,0,9790
100,0.42,-0.35000000000000003,1,9950
100,0.42,-0.35000000000000003,2,9660
100,0.42,-0.36000000000000004,0,9920
100,0.42,-0.36000000000000004,1,9390
100,0.42,-0.36000000000000004,2,9490
100,0.42,-0.37000000000000005,0,9560
100,0.42,-0.37000000000000005,1,9720
100,0.42,-0.37000000000000005,2,9910
100,0.42,-0.38000000000000006,0,9868
100,0.42,-0.38000000000000006,1,9830
100,0.42,-0.38000000000000006,2,9790
100,0.42,-0.39,0,7300
100,0.42,-0.39,1,8690
100,0.42,-0.39,2,9820
100,0.42,-0.41000000000000003,0,9920
100,0.42,-0.41000000000000003,1,9850
100,0.42,-0.41000000000000003,2,9560
100,0.42,-0.42000000000000004,0,5980
100,0.42,-0.42000000000000004,1,8010
100,0.42,-0.42000000000000004,2,0
100,0.42,-0.43000000000000005,0,9900
100,0.42,-0.43000000000000005,1,9760
100,0.42,-0.43000000000000005,2,0
100,0.42,-0.44000000000000006,0,8990
100,0.42,-0.44000000000000006,1,8340
100,0.42,-0.44000000000000006,2,9860
100,0.42,-0.45,0,9020
100,0.42,-0.45,1,3670
100,0.42,-0.45,2,8500
100,0.42,-0.46,0,0
100,0.42,-0.46,1,9880
100,0.42,-0.46,2,9940
100,0.42,-0.47000000000000003,0,9860
100,0.42,-0.47000000000000003,1,9210
100,0.42,-0.47000000000000003,2,0
100,0.42,-0.48000000000000004,0,0
100,0.42,-0.48000000000000004,1,1650
100,0.42,-0.48000000000000004,2,9150
100,0.42,-0.49000000000000005,0,4280
100,0.42,-0.49000000000000005,1,9200
100,0.42,-0.49000000000000005,2,0
100,0.42,-0.4,0,9780
100,0.42,-0.4,1,9810
100,0.42,-0.4,2,9950
100,0.42,-0.51,0,0
100,0.42,-0.51,1,290
100,0.42,-0.51,2,0
100,0.42,-0.52,0,5280
100,0.42,-0.52,1,220
100,0.42,-0.52,2,0
100,0.42,-0.53,0,0
100,0.42,-0.53,1,9833
100,0.42,-0.53,2,0
100,0.42,-0.54,0,0
100,0.42,-0.54,1,210
100,0.42,-0.54,2,0
100,0.42,-0.55,0,0
100,0.42,-0.55,1,220
100,0.42,-0.55,2,9840
100,0.42,-0.56,0,0
100,0.42,-0.56,1,200
100,0.42,-0.56,2,0
100,0.42,-0.5700000000000001,0,0
100,0.42,-0.5700000000000001,1,8740
100,0.42,-0.5700000000000001,2,0
100,0.42,-0.5800000000000001,0,9965
100,0.42,-0.5800000000000001,1,8320
100,0.42,-0.5800000000000001,2,0
100,0.42,-0.5900000000000001,0,8900
100,0.42,-0.5900000000000001,1,9982
100,0.42,-0.5900000000000001,2,0
100,0.42,-0.5,0,2740
100,0.42,-0.5,1,7700
100,0.42,-0.5,2,0
100,0.42,-0.6000000000000001,0,0
100,0.42,-0.6000000000000001,1,210
100,0.42,-0.6000000000000001,2,0
100,0.42,-0.6100000000000001,0,0
100,0.42,-0.6100000000000001,1,210
100,0.42,-0.6100000000000001,2,0
100,0.42,-0.6200000000000001,0,0
100,0.42,-0.6200000000000001,1,210
100,0.42,-0.6200000000000001,2,0
100,0.42,-0.63,0,0
100,0.42,-0.63,1,210
100,0.42,-0.63,2,0
100,0.42,-0.64,0,0
100,0.42,-0.64,1,8490
100,0.42,-0.64,2,0
100,0.42,-0.65,0,4460
100,0.42,-0.65,1,4770
100,0.42,-0.65,2,0
100,0.42,-0.66,0,0
100,0.42,-0.66,1,9030
100,0.42,-0.66,2,0
100,0.42,-0.67,0,0
100,0.42,-0.67,1,9480
100,0.42,-0.67,2,0
100,0.42,-0.68,0,0
100,0.42,-0.68,1,200
100,0.42,-0.68,2,0
100,0.42,-0.6900000000000001,0,0
100,0.42,-0.6900000000000001,1,9140
100,0.42,-0.6900000000000001,2,0
100,0.42,-0.7000000000000001,0,0
100,0.42,-0.7000000000000001,1,210
100,0.42,-0.7000000000000001,2,0
100,0.42,-0.7100000000000001,0,0
100,0.42,-0.7100000000000001,1,6860
100,0.42,-0.7100000000000001,2,0
100,0.42,-0.7200000000000001,0,0
100,0.42,-0.7200000000000001,1,200
100,0.42,-0.7200000000000001,2,0
100,0.42,-0.73,0,0
100,0.42,-0.73,1,9310
100,0.42,-0.73,2,0
100,0.42,-0.74,0,0
100,0.42,-0.74,1,190
100,0.42,-0.74,2,0
100,0.42,-0.75,0,0
100,0.42,-0.75,1,7830
100,0.42,-0.75,2,0
100,0.42,-0.76,0,0
100,0.42,-0.76,1,9846
100,0.42,-0.76,2,0
100,0.42,-0.77,0,0
100,0.42,-0.77,1,170
100,0.42,-0.77,2,0
100,0.42,-0.78,0,0
100,0.42,-0.78,1,180
100,0.42,-0.78,2,0
100,0.42,-0.79,0,0
100,0.42,-0.79,1,190
100,0.42,-0.79,2,0
100,0.42,-0.8,0,9460
100,0.42,-0.8,1,160
100,0.42,-0.8,2,0
100,0.42,0.010000000000000009,0,5460
100,0.42,0.010000000000000009,1,5820
100,0.42,0.010000000000000009,2,1930
100,0.42,0.020000000000000018,0,2250
100,0.42,0.020000000000000018,1,2120
100,0.42,0.020000000000000018,2,110
100,0.42,0.030000000000000027,0,1350
100,0.42,0.030000000000000027,1,1140
100,0.42,0.030000000000000027,2,70
100,0.42,0.039999999999999925,0,990
100,0.42,0.039999999999999925,1,680
100,0.42,0.039999999999999925,2,50
100,0.42,0.04999999999999993,0,770
100,0.42,0.04999999999999993,1,260
100,0.42,0.04999999999999993,2,40
100,0.42,0.05999999999999994,0,630
100,0.42,0.05999999999999994,1,230
100,0.42,0.05999999999999994,2,30
100,0.42,0.06999999999999995,0,130
100,0.42,0.06999999999999995,1,220
100,0.42,0.06999999999999995,2,20
100,0.42,0.07999999999999996,0,110
100,0.42,0.07999999999999996,1,200
100,0.42,0.07999999999999996,2,20
100,0.42,0.08999999999999997,0,100
100,0.42,0.08999999999999997,1,180
100,0.42,0.08999999999999997,2,10
100,0.42,0.09999999999999998,0,90
100,0.42,0.09999999999999998,1,170
100,0.42,0.09999999999999998,2,10
100,0.42,0.0,0,0
100,0.42,0.0,1,0
100,0.42,0.0,2,0
100,0.42,0.10999999999999999,0,90
100,0.42,0.10999999999999999,1,160
100,0.42,0.10999999999999999,2,10
100,0.42,0.12,0,80
100,0.42,0.12,1,150
100,0.42,0.12,2,10
100,0.42,0.13,0,80
100,0.42,0.13,1,50
100,0.42,0.13,2,10
100,0.42,0.14,0,70
100,0.42,0.14,1,50
100,0.42,0.14,2,10
100,0.42,0.15000000000000002,0,70
100,0.42,0.15000000000000002,1,40
100,0.42,0.15000000000000002,2,10
100,0.42,0.15999999999999992,0,60
100,0.42,0.15999999999999992,1,40
100,0.42,0.15999999999999992,2,0
100,0.42,0.16999999999999993,0,60
100,0.42,0.16999999999999993,1,40
100,0.42,0.16999999999999993,2,0
100,0.42,0.17999999999999994,0,60
100,0.42,0.17999999999999994,1,0
100,0.42,0.17999999999999994,2,0
100,0.42,0.18999999999999995,0,50
100,0.42,0.18999999999999995,1,0
100,0.42,0.18999999999999995,2,0
100,0.42,0.2,0,50
100,0.42,0.2,1,0
100,0.42,0.2,2,0
100,0.43,-0.010000000000000009,0,90
100,0.43,-0.010000000000000009,1,130
100,0.43,-0.010000000000000009,2,0
100,0.43,-0.020000000000000018,0,110
100,0.43,-0.020000000000000018,1,160
100,0.43,-0.020000000000000018,2,0
100,0.43,-0.030000000000000027,0,110
100,0.43,-0.030000000000000027,1,9170
100,0.43,-0.030000000000000027,2,0
100,0.43,-0.040000000000000036,0,5840
100,0.43,-0.040000000000000036,1,9890
100,0.43,-0.040000000000000036,2,0
100,0.43,-0.050000000000000044,0,5240
100,0.43,-0.050000000000000044,1,9350
100,0.43,-0.050000000000000044,2,5800
100,0.43,-0.06000000000000005,0,3900
100,0.43,-0.06000000000000005,1,200
100,0.43,-0.06000000000000005,2,9890
100,0.43,-0.07000000000000006,0,9110
100,0.43,-0.07000000000000006,1,8910
100,0.43,-0.07000000000000006,2,9720
100,0.43,-0.08000000000000007,0,9820
100,0.43,-0.08000000000000007,1,9770
100,0.43,-0.08000000000000007,2,9840
100,0.43,-0.09000000000000008,0,6070
100,0.43,-0.09000000000000008,1,9720
100,0.43,-0.09000000000000008,2,9590
100,0.43,-0.09999999999999998,0,9850
100,0.43,-0.09999999999999998,1,9630
100,0.43,-0.09999999999999998,2,9850
100,0.43,-0.10999999999999999,0,9390
100,0.43,-0.10999999999999999,1,9830
100,0.43,-0.10999999999999999,2,9560
100,0.43,-0.12,0,9470
100,0.43,-0.12,1,9840
100,0.43,-0.12,2,6750
100,0.43,-0.13,0,9880
100,0.43,-0.13,1,9680
100,0.43,-0.13,2,9760
100,0.43,-0.14,0,8630
100,0.43,-0.14,1,9700
100,0.43,-0.14,2,9920
100,0.43,-0.15000000000000002,0,9830
100,0.43,-0.15000000000000002,1,9950
100,0.43,-0.15000000000000002,2,9880
100,0.43,-0.16000000000000003,0,9640
100,0.43,-0.16000000000000003,1,9790
100,0.43,-0.16000000000000003,2,9910
100,0.43,-0.17000000000000004,0,9890
100,0.43,-0.17000000000000004,1,9480
100,0.43,-0.17000000000000004,2,9320
100,0.43,-0.18000000000000005,0,9670
100,0.43,-0.18000000000000005,1,9840
100,0.43,-0.18000000000000005,2,9870
100,0.43,-0.19000000000000006,0,9910
100,0.43,-0.19000000000000006,1,9920
100,0.43,-0.19000000000000006,2,9840
100,0.43,-0.20000000000000007,0,9900
100,0.43,-0.20000000000000007,1,9740
100,0.43,-0.20000000000000007,2,9820
100,0.43,-0.21000000000000008,0,9400
100,0.43,-0.21000000000000008,1,9850
100,0.43,-0.21000000000000008,2,9840
100,0.43,-0.22000000000000008,0,9930
100,0.43,-0.22000000000000008,1,9920
100,0.43,-0.22000000000000008,2,9490
100,0.43,-0.22999999999999998,0,9830
100,0.43,-0.22999999999999998,1,9950
100,0.43,-0.22999999999999998,2,9910
100,0.43,-0.24,0,9780
100,0.43,-0.24,1,9780
100,0.43,-0.24,2,9890
100,0.43,-0.25,0,6950
100,0.43,-0.25,1,9920
100,0.43,-0.25,2,9800
100,0.43,-0.26,0,9910
100,0.43,-0.26,1,9880
100,0.43,-0.26,2,9920
100,0.43,-0.27,0,8260
100,0.43,-0.27,1,9910
100,0.43,-0.27,2,9300
100,0.43,-0.28,0,9900
100,0.43,-0.28,1,9840
100,0.43,-0.28,2,9820
100,0.43,-0.29000000000000004,0,9930
100,0.43,-0.29000000000000004,1,9860
100,0.43,-0.29000000000000004,2,6040
100,0.43,-0.30000000000000004,0,9900
100,0.43,-0.30000000000000004,1,9930
100,0.43,-0.30000000000000004,2,9930
100,0.43,-0.31000000000000005,0,9840
100,0.43,-0.31000000000000005,1,9770
100,0.43,-0.31000000000000005,2,6350
100,0.43,-0.32000000000000006,0,9830
100,0.43,-0.32000000000000006,1,8330
100,0.43,-0.32000000000000006,2,9780
100,0.43,-0.33,0,9940
100,0.43,-0.33,1,9940
100,0.43,-0.33,2,9910
100,0.43,-0.34,0,9871
100,0.43,-0.34,1,9830
100,0.43,-0.34,2,9680
100,0.43,-0.35000000000000003,0,9850
100,0.43,-0.35000000000000003,1,9840
100,0.43,-0.35000000000000003,2,9810
100,0.43,-0.36000000000000004,0,9800
100,0.43,-0.36000000000000004,1,9930
100,0.43,-0.36000000000000004,2,9900
100,0.43,-0.37000000000000005,0,9975
100,0.43,-0.37000000000000005,1,9490
100,0.43,-0.37000000000000005,2,9880
100,0.43,-0.38000000000000006,0,9920
100,0.43,-0.38000000000000006,1,9830
100,0.43,-0.38000000000000006,2,9890
100,0.43,-0.39,0,9460
100,0.43,-0.39,1,9790
100,0.43,-0.39,2,9500
100,0.43,-0.41000000000000003,0,9670
100,0.43,-0.41000000000000003,1,9800
100,0.43,-0.41000000000000003,2,9630
100,0.43,-0.42000000000000004,0,9920
100,0.43,-0.42000000000000004,1,9820
100,0.43,-0.42000000000000004,2,9680
100,0.43,-0.43000000000000005,0,9690
100,0.43,-0.43000000000000005,1,8030
100,0.43,-0.43000000000000005,2,9860
100,0.43,-0.44000000000000006,0,0
100,0.43,-0.44000000000000006,1,9530
100,0.43,-0.44000000000000006,2,9110
100,0.43,-0.45,0,9560
100,0.43,-0.45,1,9090
100,0.43,-0.45,2,0
100,0.43,-0.46,0,8430
100,0.43,-0.46,1,8380
100,0.43,-0.46,2,6390
100,0.43,-0.47000000000000003,0,9974
100,0.43,-0.47000000000000003,1,340
100,0.43,-0.47000000000000003,2,0
100,0.43,-0.48000000000000004,0,5260
100,0.43,-0.48000000000000004,1,9910
100,0.43,-0.48000000000000004,2,9987
100,0.43,-0.49000000000000005,0,1740
100,0.43,-0.49000000000000005,1,370
100,0.43,-0.49000000000000005,2,9320
100,0.43,-0.4,0,9900
100,0.43,-0.4,1,7370
100,0.43,-0.4,2,9830
100,0.43,-0.51,0,9880
100,0.43,-0.51,1,9650
100,0.43,-0.51,2,4700
100,0.43,-0.52,0,0
100,0.43,-0.52,1,620
100,0.43,-0.52,2,9860
100,0.43,-0.53,0,9975
100,0.43,-0.53,1,5450
100,0.43,-0.53,2,0
100,0.43,-0.54,0,0
100,0.43,-0.54,1,3420
100,0.43,-0.54,2,0
100,0.43,-0.55,0,0
100,0.43,-0.55,1,560
100,0.43,-0.55,2,0
100,0.43,-0.56,0,0
100,0.43,-0.56,1,2310
100,0.43,-0.56,2,8660
100,0.43,-0.5700000000000001,0,0
100,0.43,-0.5700000000000001,1,2600
100,0.43,-0.5700000000000001,2,0
100,0.43,-0.5800000000000001,0,9020
100,0.43,-0.5800000000000001,1,230
100,0.43,-0.5800000000000001,2,0
100,0.43,-0.5900000000000001,0,0
100,0.43,-0.5900000000000001,1,240
100,0.43,-0.5900000000000001,2,9510
100,0.43,-0.5,0,1860
100,0.43,-0.5,1,7350
100,0.43,-0.5,2,0
100,0.43,-0.6000000000000001,0,0
100,0.43,-0.6000000000000001,1,7100
100,0.43,-0.6000000000000001,2,0
100,0.43,-0.6100000000000001,0,8110
100,0.43,-0.6100000000000001,1,3270
100,0.43,-0.6100000000000001,2,0
100,0.43,-0.6200000000000001,0,0
100,0.43,-0.6200000000000001,1,4000
100,0.43,-0.6200000000000001,2,0
100,0.43,-0.63,0,0
100,0.43,-0.63,1,7430
100,0.43,-0.63,2,0
100,0.43,-0.64,0,0
100,0.43,-0.64,1,2590
100,0.43,-0.64,2,0
100,0.43,-0.65,0,0
100,0.43,-0.65,1,9931
100,0.43,-0.65,2,0
100,0.43,-0.66,0,9650
100,0.43,-0.66,1,210
100,0.43,-0.66,2,0
100,0.43,-0.67,0,9510
100,0.43,-0.67,1,9230
100,0.43,-0.67,2,0
100,0.43,-0.68,0,0
100,0.43,-0.68,1,9710
100,0.43,-0.68,2,0
100,0.43,-0.6900000000000001,0,0
100,0.43,-0.6900000000000001,1,8610
100,0.43,-0.6900000000000001,2,0
100,0.43,-0.7000000000000001,0,0
100,0.43,-0.7000000000000001,1,5760
100,0.43,-0.7000000000000001,2,0
100,0.43,-0.7100000000000001,0,0
100,0.43,-0.7100000000000001,1,190
100,0.43,-0.7100000000000001,2,0
100,0.43,-0.7200000000000001,0,0
100,0.43,-0.7200000000000001,1,180
100,0.43,-0.7200000000000001,2,0
100,0.43,-0.73,0,0
100,0.43,-0.73,1,210
100,0.43,-0.73,2,0
100,0.43,-0.74,0,0
100,0.43,-0.74,1,180
100,0.43,-0.74,2,0
100,0.43,-0.75,0,0
100,0.43,-0.75,1,190
100,0.43,-0.75,2,0
100,0.43,-0.76,0,0
100,0.43,-0.76,1,180
100,0.43,-0.76,2,0
100,0.43,-0.77,0,0
100,0.43,-0.77,1,190
100,0.43,-0.77,2,0
100,0.43,-0.78,0,0
100,0.43,-0.78,1,8310
100,0.43,-0.78,2,0
100,0.43,-0.79,0,0
100,0.43,-0.79,1,9170
100,0.43,-0.79,2,0
100,0.43,-0.8,0,0
100,0.43,-0.8,1,150
100,0.43,-0.8,2,0
100,0.43,0.010000000000000009,0,5480
100,0.43,0.010000000000000009,1,5820
100,0.43,0.010000000000000009,2,1950
100,0.43,0.020000000000000018,0,2270
100,0.43,0.020000000000000018,1,2120
100,0.43,0.020000000000000018,2,110
100,0.43,0.030000000000000027,0,1350
100,0.43,0.030000000000000027,1,1150
100,0.43,0.030000000000000027,2,70
100,0.43,0.039999999999999925,0,1000
100,0.43,0.039999999999999925,1,700
100,0.43,0.039999999999999925,2,50
100,0.43,0.04999999999999993,0,780
100,0.43,0.04999999999999993,1,250
100,0.43,0.04999999999999993,2,40
100,0.43,0.05999999999999994,0,630
100,0.43,0.05999999999999994,1,230
100,0.43,0.05999999999999994,2,30
100,0.43,0.06999999999999995,0,130
100,0.43,0.06999999999999995,1,210
100,0.43,0.06999999999999995,2,20
100,0.43,0.07999999999999996,0,110
100,0.43,0.07999999999999996,1,200
100,0.43,0.07999999999999996,2,20
100,0.43,0.08999999999999997,0,100
100,0.43,0.08999999999999997,1,180
100,0.43,0.08999999999999997,2,10
100,0.43,0.09999999999999998,0,90
100,0.43,0.09999999999999998,1,160
100,0.43,0.09999999999999998,2,10
100,0.43,0.0,0,0
100,0.43,0.0,1,0
100,0.43,0.0,2,0
100,0.43,0.10999999999999999,0,90
100,0.43,0.10999999999999999,1,150
100,0.43,0.10999999999999999,2,10
100,0.43,0.12,0,80
100,0.43,0.12,1,140
100,0.43,0.12,2,10
100,0.43,0.13,0,80
100,0.43,0.13,1,140
100,0.43,0.13,2,10
100,0.43,0.14,0,70
100,0.43,0.14,1,50
100,0.43,0.14,2,10
100,0.43,0.15000000000000002,0,70
100,0.43,0.15000000000000002,1,40
100,0.43,0.15000000000000002,2,10
100,0.43,0.15999999999999992,0,60
100,0.43,0.15999999999999992,1,40
100,0.43,0.15999999999999992,2,0
100,0.43,0.16999999999999993,0,60
100,0.43,0.16999999999999993,1,0
100,0.43,0.16999999999999993,2,0
100,0.43,0.17999999999999994,0,60
100,0.43,0.17999999999999994,1,0
100,0.43,0.17999999999999994,2,0
100,0.43,0.18999999999999995,0,50
100,0.43,0.18999999999999995,1,0
100,0.43,0.18999999999999995,2,0
100,0.43,0.2,0,50
100,0.43,0.2,1,0
100,0.43,0.2,2,0
100,0.44,-0.010000000000000009,0,80
100,0.44,-0.010000000000000009,1,130
100,0.44,-0.010000000000000009,2,0
100,0.44,-0.020000000000000018,0,100
100,0.44,-0.020000000000000018,1,150
100,0.44,-0.020000000000000018,2,0
100,0.44,-0.030000000000000027,0,110
100,0.44,-0.030000000000000027,1,8460
100,0.44,-0.030000000000000027,2,0
100,0.44,-0.040000000000000036,0,9070
100,0.44,-0.040000000000000036,1,7770
100,0.44,-0.040000000000000036,2,0
100,0.44,-0.050000000000000044,0,9930
100,0.44,-0.050000000000000044,1,190
100,0.44,-0.050000000000000044,2,9580
100,0.44,-0.06000000000000005,0,9490
100,0.44,-0.06000000000000005,1,9500
100,0.44,-0.06000000000000005,2,9050
100,0.44,-0.07000000000000006,0,580
100,0.44,-0.07000000000000006,1,8860
100,0.44,-0.07000000000000006,2,6760
100,0.44,-0.08000000000000007,0,9770
100,0.44,-0.08000000000000007,1,9800
100,0.44,-0.08000000000000007,2,9370
100,0.44,-0.09000000000000008,0,9870
100,0.44,-0.09000000000000008,1,9660
100,0.44,-0.09000000000000008,2,9910
100,0.44,-0.09999999999999998,0,9760
100,0.44,-0.09999999999999998,1,9760
100,0.44,-0.09999999999999998,2,9810
100,0.44,-0.10999999999999999,0,9850
100,0.44,-0.10999999999999999,1,9350
100,0.44,-0.10999999999999999,2,9920
100,0.44,-0.12,0,9920
100,0.44,-0.12,1,9370
100,0.44,-0.12,2,9850
100,0.44,-0.13,0,9930
100,0.44,-0.13,1,9850
100,0.44,-0.13,2,9310
100,0.44,-0.14,0,9830
100,0.44,-0.14,1,9890
100,0.44,-0.14,2,9830
100,0.44,-0.15000000000000002,0,9700
100,0.44,-0.15000000000000002,1,9940
100,0.44,-0.15000000000000002,2,9900
100,0.44,-0.16000000000000003,0,9890
100,0.44,-0.16000000000000003,1,9770
100,0.44,-0.16000000000000003,2,9730
100,0.44,-0.17000000000000004,0,9910
100,0.44,-0.17000000000000004,1,9930
100,0.44,-0.17000000000000004,2,9830
100,0.44,-0.18000000000000005,0,9750
100,0.44,-0.18000000000000005,1,9560
100,0.44,-0.18000000000000005,2,9720
100,0.44,-0.19000000000000006,0,9770
100,0.44,-0.19000000000000006,1,9930
100,0.44,-0.19000000000000006,2,9330
100,0.44,-0.20000000000000007,0,9950
100,0.44,-0.20000000000000007,1,9840
100,0.44,-0.20000000000000007,2,9910
100,0.44,-0.21000000000000008,0,9910
100,0.44,-0.21000000000000008,1,9920
100,0.44,-0.21000000000000008,2,9820
100,0.44,-0.22000000000000008,0,9920
100,0.44,-0.22000000000000008,1,9500
100,0.44,-0.22000000000000008,2,9770
100,0.44,-0.22999999999999998,0,9940
100,0.44,-0.22999999999999998,1,9830
100,0.44,-0.22999999999999998,2,9660
100,0.44,-0.24,0,9790
100,0.44,-0.24,1,9650
100,0.44,-0.24,2,9890
100,0.44,-0.25,0,9830
100,0.44,-0.25,1,9770
100,0.44,-0.25,2,9660
100,0.44,-0.26,0,9700
100,0.44,-0.26,1,9790
100,0.44,-0.26,2,9930
100,0.44,-0.27,0,9890
100,0.44,-0.27,1,9930
100,0.44,-0.27,2,9310
100,0.44,-0.28,0,9930
100,0.44,-0.28,1,9730
100,0.44,-0.28,2,9850
100,0.44,-0.29000000000000004,0,9930
100,0.44,-0.29000000000000004,1,9890
100,0.44,-0.29000000000000004,2,9660
100,0.44,-0.30000000000000004,0,9510
100,0.44,-0.30000000000000004,1,9940
100,0.44,-0.30000000000000004,2,9930
100,0.44,-0.31000000000000005,0,9870
100,0.44,-0.31000000000000005,1,9940
100,0.44,-0.31000000000000005,2,9920
100,0.44,-0.32000000000000006,0,9870
100,0.44,-0.32000000000000006,1,9880
100,0.44,-0.32000000000000006,2,9920
100,0.44,-0.33,0,9920
100,0.44,-0.33,1,9910
100,0.44,-0.33,2,9910
100,0.44,-0.34,0,9930
100,0.44,-0.34,1,9820
100,0.44,-0.34,2,9510
100,0.44,-0.35000000000000003,0,9910
100,0.44,-0.35000000000000003,1,9480
100,0.44,-0.35000000000000003,2,9950
100,0.44,-0.36000000000000004,0,9820
100,0.44,-0.36000000000000004,1,9790
100,0.44,-0.36000000000000004,2,9950
100,0.44,-0.37000000000000005,0,9870
100,0.44,-0.37000000000000005,1,9790
100,0.44,-0.37000000000000005,2,9850
100,0.44,-0.38000000000000006,0,9940
100,0.44,-0.38000000000000006,1,9860
100,0.44,-0.38000000000000006,2,9860
100,0.44,-0.39,0,9870
100,0.44,-0.39,1,9800
100,0.44,-0.39,2,9860
100,0.44,-0.41000000000000003,0,9910
100,0.44,-0.41000000000000003,1,9800
100,0.44,-0.41000000000000003,2,9860
100,0.44,-0.42000000000000004,0,9420
100,0.44,-0.42000000000000004,1,9020
100,0.44,-0.42000000000000004,2,9650
100,0.44,-0.43000000000000005,0,9920
100,0.44,-0.43000000000000005,1,9870
100,0.44,-0.43000000000000005,2,9800
100,0.44,-0.44000000000000006,0,9880
100,0.44,-0.44000000000000006,1,9510
100,0.44,-0.44000000000000006,2,9900
100,0.44,-0.45,0,8380
100,0.44,-0.45,1,9690
100,0.44,-0.45,2,9890
100,0.44,-0.46,0,0
100,0.44,-0.46,1,9250
100,0.44,-0.46,2,9910
100,0.44,-0.47000000000000003,0,9738
100,0.44,-0.47000000000000003,1,9830
100,0.44,-0.47000000000000003,2,9740
100,0.44,-0.48000000000000004,0,8470
100,0.44,-0.48000000000000004,1,530
100,0.44,-0.48000000000000004,2,9830
100,0.44,-0.49000000000000005,0,9390
100,0.44,-0.49000000000000005,1,8730
100,0.44,-0.49000000000000005,2,6910
100,0.44,-0.4,0,7870
100,0.44,-0.4,1,9900
100,0.44,-0.4,2,9830
100,0.44,-0.51,0,9820
100,0.44,-0.51,1,9900
100,0.44,-0.51,2,9850
100,0.44,-0.52,0,0
100,0.44,-0.52,1,9790
100,0.44,-0.52,2,0
100,0.44,-0.53,0,0
100,0.44,-0.53,1,7700
100,0.44,-0.53,2,0
100,0.44,-0.54,0,1600
100,0.44,-0.54,1,6570
100,0.44,-0.54,2,9830
100,0.44,-0.55,0,0
100,0.44,-0.55,1,9530
100,0.44,-0.55,2,0
100,0.44,-0.56,0,0
100,0.44,-0.56,1,9992
100,0.44,-0.56,2,0
100,0.44,-0.5700000000000001,0,0
100,0.44,-0.5700000000000001,1,270
100,0.44,-0.5700000000000001,2,0
100,0.44,-0.5800000000000001,0,0
100,0.44,-0.5800000000000001,1,190
100,0.44,-0.5800000000000001,2,0
100,0.44,-0.5900000000000001,0,6700
100,0.44,-0.5900000000000001,1,9390
100,0.44,-0.5900000000000001,2,8410
100,0.44,-0.5,0,830
100,0.44,-0.5,1,3780
100,0.44,-0.5,2,9790
100,0.44,-0.6000000000000001,0,0
100,0.44,-0.6000000000000001,1,240
100,0.44,-0.6000000000000001,2,0
100,0.44,-0.6100000000000001,0,0
100,0.44,-0.6100000000000001,1,6480
100,0.44,-0.6100000000000001,2,0
100,0.44,-0.6200000000000001,0,0
100,0.44,-0.6200000000000001,1,6730
100,0.44,-0.6200000000000001,2,0
100,0.44,-0.63,0,9882
100,0.44,-0.63,1,220
100,0.44,-0.63,2,0
100,0.44,-0.64,0,0
100,0.44,-0.64,1,200
100,0.44,-0.64,2,0
100,0.44,-0.65,0,0
100,0.44,-0.65,1,9880
100,0.44,-0.65,2,0
100,0.44,-0.66,0,0
100,0.44,-0.66,1,220
100,0.44,-0.66,2,0
100,0.44,-0.67,0,9890
100,0.44,-0.67,1,210
100,0.44,-0.67,2,0
100,0.44,-0.68,0,0
100,0.44,-0.68,1,7130
100,0.44,-0.68,2,0
100,0.44,-0.6900000000000001,0,0
100,0.44,-0.6900000000000001,1,190
100,0.44,-0.6900000000000001,2,0
100,0.44,-0.7000000000000001,0,9580
100,0.44,-0.7000000000000001,1,9570
100,0.44,-0.7000000000000001,2,0
100,0.44,-0.7100000000000001,0,0
100,0.44,-0.7100000000000001,1,9630
100,0.44,-0.7100000000000001,2,0
100,0.44,-0.7200000000000001,0,0
100,0.44,-0.7200000000000001,1,190
100,0.44,-0.7200000000000001,2,0
100,0.44,-0.73,0,0
100,0.44,-0.73,1,190
100,0.44,-0.73,2,0
100,0.44,-0.74,0,0
100,0.44,-0.74,1,200
100,0.44,-0.74,2,0
100,0.44,-0.75,0,0
100,0.44,-0.75,1,180
100,0.44,-0.75,2,0
100,0.44,-0.76,0,0
100,0.44,-0.76,1,180
100,0.44,-0.76,2,0
100,0.44,-0.77,0,0
100,0.44,-0.77,1,170
100,0.44,-0.77,2,0
100,0.44,-0.78,0,0
100,0.44,-0.78,1,9130
100,0.44,-0.78,2,0
100,0.44,-0.79,0,0
100,0.44,-0.79,1,9410
100,0.44,-0.79,2,0
100,0.44,-0.8,0,0
100,0.44,-0.8,1,170
100,0.44,-0.8,2,0
100,0.44,0.010000000000000009,0,5460
100,0.44,0.010000000000000009,1,5780
100,0.44,0.010000000000000009,2,1950
100,0.44,0.020000000000000018,0,2270
100,0.44,0.020000000000000018,1,2120
100,0.44,0.020000000000000018,2,110
100,0.44,0.030000000000000027,0,1360
100,0.44,0.030000000000000027,1,1160
100,0.44,0.030000000000000027,2,70
100,0.44,0.039999999999999925,0,990
100,0.44,0.039999999999999925,1,710
100,0.44,0.039999999999999925,2,50
100,0.44,0.04999999999999993,0,770
100,0.44,0.04999999999999993,1,240
100,0.44,0.04999999999999993,2,40
100,0.44,0.05999999999999994,0,620
100,0.44,0.05999999999999994,1,220
100,0.44,0.05999999999999994,2,30
100,0.44,0.06999999999999995,0,120
100,0.44,0.06999999999999995,1,210
100,0.44,0.06999999999999995,2,20
100,0.44,0.07999999999999996,0,110
100,0.44,0.07999999999999996,1,190
100,0.44,0.07999999999999996,2,20
100,0.44,0.08999999999999997,0,100
100,0.44,0.08999999999999997,1,180
100,0.44,0.08999999999999997,2,10
100,0.44,0.09999999999999998,0,90
100,0.44,0.09999999999999998,1,160
100,0.44,0.09999999999999998,2,10
100,0.44,0.0,0,0
100,0.44,0.0,1,0
100,0.44,0.0,2,0
100,0.44,0.10999999999999999,0,90
100,0.44,0.10999999999999999,1,150
100,0.44,0.10999999999999999,2,10
100,0.44,0.12,0,80
100,0.44,0.12,1,140
100,0.44,0.12,2,10
100,0.44,0.13,0,80
100,0.44,0.13,1,130
100,0.44,0.13,2,10
100,0.44,0.14,0,70
100,0.44,0.14,1,50
100,0.44,0.14,2,10
100,0.44,0.15000000000000002,0,70
100,0.44,0.15000000000000002,1,40
100,0.44,0.15000000000000002,2,10
100,0.44,0.15999999999999992,0,60
100,0.44,0.15999999999999992,1,40
100,0.44,0.15999999999999992,2,10
100,0.44,0.16999999999999993,0,60
100,0.44,0.16999999999999993,1,0
100,0.44,0.16999999999999993,2,0
100,0.44,0.17999999999999994,0,50
100,0.44,0.17999999999999994,1,0
100,0.44,0.17999999999999994,2,0
100,0.44,0.18999999999999995,0,50
100,0.44,0.18999999999999995,1,0
100,0.44,0.18999999999999995,2,0
100,0.44,0.2,0,50
100,0.44,0.2,1,0
100,0.44,0.2,2,0
100,0.45,-0.010000000000000009,0,80
100,0.45,-0.010000000000000009,1,120
100,0.45,-0.010000000000000009,2,0
100,0.45,-0.020000000000000018,0,9000
100,0.45,-0.020000000000000018,1,150
100,0.45,-0.020000000000000018,2,0
100,0.45,-0.030000000000000027,0,110
100,0.45,-0.030000000000000027,1,8290
100,0.45,-0.030000000000000027,2,0
100,0.45,-0.040000000000000036,0,9190
100,0.45,-0.040000000000000036,1,7040
100,0.45,-0.040000000000000036,2,5270
100,0.45,-0.050000000000000044,0,7670
100,0.45,-0.050000000000000044,1,9910
100,0.45,-0.050000000000000044,2,6460
100,0.45,-0.06000000000000005,0,9730
100,0.45,-0.06000000000000005,1,200
100,0.45,-0.06000000000000005,2,9830
100,0.45,-0.07000000000000006,0,9560
100,0.45,-0.07000000000000006,1,9750
100,0.45,-0.07000000000000006,2,0
100,0.45,-0.08000000000000007,0,9760
100,0.45,-0.08000000000000007,1,9780
100,0.45,-0.08000000000000007,2,9460
100,0.45,-0.09000000000000008,0,4840
100,0.45,-0.09000000000000008,1,4790
100,0.45,-0.09000000000000008,2,8740
100,0.45,-0.09999999999999998,0,9740
100,0.45,-0.09999999999999998,1,9750
100,0.45,-0.09999999999999998,2,9930
100,0.45,-0.10999999999999999,0,8640
100,0.45,-0.10999999999999999,1,9830
100,0.45,-0.10999999999999999,2,2650
100,0.45,-0.12,0,9930
100,0.45,-0.12,1,9770
100,0.45,-0.12,2,9930
100,0.45,-0.13,0,9690
100,0.45,-0.13,1,9770
100,0.45,-0.13,2,9890
100,0.45,-0.14,0,9900
100,0.45,-0.14,1,9530
100,0.45,-0.14,2,9700
100,0.45,-0.15000000000000002,0,9920
100,0.45,-0.15000000000000002,1,9870
100,0.45,-0.15000000000000002,2,9860
100,0.45,-0.16000000000000003,0,9720
100,0.45,-0.16000000000000003,1,9680
100,0.45,-0.16000000000000003,2,9910
100,0.45,-0.17000000000000004,0,9910
100,0.45,-0.17000000000000004,1,9900
100,0.45,-0.17000000000000004,2,9620
100,0.45,-0.18000000000000005,0,9870
100,0.45,-0.18000000000000005,1,9660
100,0.45,-0.18000000000000005,2,9890
100,0.45,-0.19000000000000006,0,9870
100,0.45,-0.19000000000000006,1,9890
100,0.45,-0.19000000000000006,2,9330
100,0.45,-0.20000000000000007,0,9730
100,0.45,-0.20000000000000007,1,9820
100,0.45,-0.20000000000000007,2,9930
100,0.45,-0.21000000000000008,0,9870
100,0.45,-0.21000000000000008,1,9950
100,0.45,-0.21000000000000008,2,9910
100,0.45,-0.22000000000000008,0,6700
100,0.45,-0.22000000000000008,1,9820
100,0.45,-0.22000000000000008,2,9900
100,0.45,-0.22999999999999998,0,9890
100,0.45,-0.22999999999999998,1,9820
100,0.45,-0.22999999999999998,2,9910
100,0.45,-0.24,0,9920
100,0.45,-0.24,1,9870
100,0.45,-0.24,2,9910
100,0.45,-0.25,0,9820
100,0.45,-0.25,1,9880
100,0.45,-0.25,2,9720
100,0.45,-0.26,0,7570
100,0.45,-0.26,1,9640
100,0.45,-0.26,2,9910
100,0.45,-0.27,0,6120
100,0.45,-0.27,1,9940
100,0.45,-0.27,2,9930
100,0.45,-0.28,0,9930
100,0.45,-0.28,1,9900
100,0.45,-0.28,2,9910
100,0.45,-0.29000000000000004,0,9940
100,0.45,-0.29000000000000004,1,6740
100,0.45,-0.29000000000000004,2,9910
100,0.45,-0.30000000000000004,0,9890
100,0.45,-0.30000000000000004,1,9920
100,0.45,-0.30000000000000004,2,9710
100,0.45,-0.31000000000000005,0,9120
100,0.45,-0.31000000000000005,1,9490
100,0.45,-0.31000000000000005,2,9930
100,0.45,-0.32000000000000006,0,5630
100,0.45,-0.32000000000000006,1,9680
100,0.45,-0.32000000000000006,2,9750
100,0.45,-0.33,0,9900
100,0.45,-0.33,1,9940
100,0.45,-0.33,2,7490
100,0.45,-0.34,0,9790
100,0.45,-0.34,1,9930
100,0.45,-0.34,2,9880
100,0.45,-0.35000000000000003,0,9910
100,0.45,-0.35000000000000003,1,9890
100,0.45,-0.35000000000000003,2,9930
100,0.45,-0.36000000000000004,0,9810
100,0.45,-0.36000000000000004,1,9930
100,0.45,-0.36000000000000004,2,9830
100,0.45,-0.37000000000000005,0,9920
100,0.45,-0.37000000000000005,1,9670
100,0.45,-0.37000000000000005,2,9890
100,0.45,-0.38000000000000006,0,9910
100,0.45,-0.38000000000000006,1,9870
100,0.45,-0.38000000000000006,2,9900
100,0.45,-0.39,0,9910
100,0.45,-0.39,1,9920
100,0.45,-0.39,2,9650
100,0.45,-0.41000000000000003,0,9860
100,0.45,-0.41000000000000003,1,9670
100,0.45,-0.41000000000000003,2,9850
100,0.45,-0.42000000000000004,0,9220
100,0.45,-0.42000000000000004,1,9920
100,0.45,-0.42000000000000004,2,9920
100,0.45,-0.43000000000000005,0,9860
100,0.45,-0.43000000000000005,1,9860
100,0.45,-0.43000000000000005,2,9870
100,0.45,-0.44000000000000006,0,9790
100,0.45,-0.44000000000000006,1,9910
100,0.45,-0.44000000000000006,2,9790
100,0.45,-0.45,0,9530
100,0.45,-0.45,1,9800
100,0.45,-0.45,2,4460
100,0.45,-0.46,0,9800
100,0.45,-0.46,1,9750
100,0.45,-0.46,2,3130
100,0.45,-0.47000000000000003,0,8970
100,0.45,-0.47000000000000003,1,9620
100,0.45,-0.47000000000000003,2,9730
100,0.45,-0.48000000000000004,0,9590
100,0.45,-0.48000000000000004,1,9870
100,0.45,-0.48000000000000004,2,9170
100,0.45,-0.49000000000000005,0,9070
100,0.45,-0.49000000000000005,1,9630
100,0.45,-0.49000000000000005,2,0
100,0.45,-0.4,0,9870
100,0.45,-0.4,1,9940
100,0.45,-0.4,2,9800
100,0.45,-0.51,0,0
100,0.45,-0.51,1,9610
100,0.45,-0.51,2,0
100,0.45,-0.52,0,9896
100,0.45,-0.52,1,9500
100,0.45,-0.52,2,9972
100,0.45,-0.53,0,5830
100,0.45,-0.53,1,3020
100,0.45,-0.53,2,9700
100,0.45,-0.54,0,8390
100,0.45,-0.54,1,9995
100,0.45,-0.54,2,0
100,0.45,-0.55,0,7650
100,0.45,-0.55,1,5190
100,0.45,-0.55,2,2950
100,0.45,-0.56,0,9600
100,0.45,-0.56,1,280
100,0.45,-0.56,2,9520
100,0.45,-0.5700000000000001,0,9640
100,0.45,-0.5700000000000001,1,9680
100,0.45,-0.5700000000000001,2,0
100,0.45,-0.5800000000000001,0,0
100,0.45,-0.5800000000000001,1,9860
100,0.45,-0.5800000000000001,2,0
100,0.45,-0.5900000000000001,0,0
100,0.45,-0.5900000000000001,1,260
100,0.45,-0.5900000000000001,2,8510
100,0.45,-0.5,0,9170
100,0.45,-0.5,1,9840
100,0.45,-0.5,2,9570
100,0.45,-0.6000000000000001,0,0
100,0.45,-0.6000000000000001,1,240
100,0.45,-0.6000000000000001,2,0
100,0.45,-0.6100000000000001,0,9880
100,0.45,-0.6100000000000001,1,8970
100,0.45,-0.6100000000000001,2,9470
100,0.45,-0.6200000000000001,0,0
100,0.45,-0.6200000000000001,1,170
100,0.45,-0.6200000000000001,2,0
100,0.45,-0.63,0,0
100,0.45,-0.63,1,9660
100,0.45,-0.63,2,8790
100,0.45,-0.64,0,8090
100,0.45,-0.64,1,8900
100,0.45,-0.64,2,0
100,0.45,-0.65,0,0
100,0.45,-0.65,1,9020
100,0.45,-0.65,2,0
100,0.45,-0.66,0,0
100,0.45,-0.66,1,220
100,0.45,-0.66,2,0
100,0.45,-0.67,0,0
100,0.45,-0.67,1,8910
100,0.45,-0.67,2,0
100,0.45,-0.68,0,8260
100,0.45,-0.68,1,180
100,0.45,-0.68,2,0
100,0.45,-0.6900000000000001,0,8510
100,0.45,-0.6900000000000001,1,8330
100,0.45,-0.6900000000000001,2,0
100,0.45,-0.7000000000000001,0,0
100,0.45,-0.7000000000000001,1,200
100,0.45,-0.7000000000000001,2,0
100,0.45,-0.7100000000000001,0,0
100,0.45,-0.7100000000000001,1,180
100,0.45,-0.7100000000000001,2,0
100,0.45,-0.7200000000000001,0,0
100,0.45,-0.7200000000000001,1,8350
100,0.45,-0.7200000000000001,2,0
100,0.45,-0.73,0,0
100,0.45,-0.73,1,3430
100,0.45,-0.73,2,0
100,0.45,-0.74,0,0
100,0.45,-0.74,1,170
100,0.45,-0.74,2,0
100,0.45,-0.75,0,0
100,0.45,-0.75,1,6500
100,0.45,-0.75,2,0
100,0.45,-0.76,0,0
100,0.45,-0.76,1,160
100,0.45,-0.76,2,0
100,0.45,-0.77,0,0
100,0.45,-0.77,1,8340
100,0.45,-0.77,2,0
100,0.45,-0.78,0,0
100,0.45,-0.78,1,180
100,0.45,-0.78,2,0
100,0.45,-0.79,0,9470
100,0.45,-0.79,1,160
100,0.45,-0.79,2,0
100,0.45,-0.8,0,0
100,0.45,-0.8,1,160
100,0.45,-0.8,2,0
100,0.45,0.010000000000000009,0,5490
100,0.45,0.010000000000000009,1,5860
100,0.45,0.010000000000000009,2,1960
100,0.45,0.020000000000000018,0,2290
100,0.45,0.020000000000000018,1,2130
100,0.45,0.020000000000000018,2,480
100,0.45,0.030000000000000027,0,1380
100,0.45,0.030000000000000027,1,1160
100,0.45,0.030000000000000027,2,70
100,0.45,0.039999999999999925,0,970
100,0.45,0.039999999999999925,1,720
100,0.45,0.039999999999999925,2,50
100,0.45,0.04999999999999993,0,760
100,0.45,0.04999999999999993,1,240
100,0.45,0.04999999999999993,2,40
100,0.45,0.05999999999999994,0,620
100,0.45,0.05999999999999994,1,220
100,0.45,0.05999999999999994,2,30
100,0.45,0.06999999999999995,0,120
100,0.45,0.06999999999999995,1,200
100,0.45,0.06999999999999995,2,20
100,0.45,0.07999999999999996,0,110
100,0.45,0.07999999999999996,1,190
100,0.45,0.07999999999999996,2,20
100,0.45,0.08999999999999997,0,100
100,0.45,0.08999999999999997,1,180
100,0.45,0.08999999999999997,2,10
100,0.45,0.09999999999999998,0,90
100,0.45,0.09999999999999998,1,160
100,0.45,0.09999999999999998,2,10
100,0.45,0.0,0,0
100,0.45,0.0,1,0
100,0.45,0.0,2,0
100,0.45,0.10999999999999999,0,80
100,0.45,0.10999999999999999,1,150
100,0.45,0.10999999999999999,2,10
100,0.45,0.12,0,80
100,0.45,0.12,1,140
100,0.45,0.12,2,10
100,0.45,0.13,0,70
100,0.45,0.13,1,130
100,0.45,0.13,2,10
100,0.45,0.14,0,70
100,0.45,0.14,1,50
100,0.45,0.14,2,10
100,0.45,0.15000000000000002,0,70
100,0.45,0.15000000000000002,1,40
100,0.45,0.15000000000000002,2,10
100,0.45,0.15999999999999992,0,60
100,0.45,0.15999999999999992,1,40
100,0.45,0.15999999999999992,2,10
100,0.45,0.16999999999999993,0,60
100,0.45,0.16999999999999993,1,0
100,0.45,0.16999999999999993,2,0
100,0.45,0.17999999999999994,0,60
100,0.45,0.17999999999999994,1,0
100,0.45,0.17999999999999994,2,0
100,0.45,0.18999999999999995,0,50
100,0.45,0.18999999999999995,1,0
100,0.45,0.18999999999999995,2,0
100,0.45,0.2,0,50
100,0.45,0.2,1,0
100,0.45,0.2,2,0
100,0.46,-0.010000000000000009,0,70
100,0.46,-0.010000000000000009,1,110
100,0.46,-0.010000000000000009,2,0
100,0.46,-0.020000000000000018,0,90
100,0.46,-0.020000000000000018,1,140
100,0.46,-0.020000000000000018,2,0
100,0.46,-0.030000000000000027,0,100
100,0.46,-0.030000000000000027,1,150
100,0.46,-0.030000000000000027,2,0
100,0.46,-0.040000000000000036,0,7060
100,0.46,-0.040000000000000036,1,7780
100,0.46,-0.040000000000000036,2,0
100,0.46,-0.050000000000000044,0,9270
100,0.46,-0.050000000000000044,1,9920
100,0.46,-0.050000000000000044,2,4140
100,0.46,-0.06000000000000005,0,110
100,0.46,-0.06000000000000005,1,9880
100,0.46,-0.06000000000000005,2,9810
100,0.46,-0.07000000000000006,0,9680
100,0.46,-0.07000000000000006,1,9580
100,0.46,-0.07000000000000006,2,9890
100,0.46,-0.08000000000000007,0,9850
100,0.46,-0.08000000000000007,1,9940
100,0.46,-0.08000000000000007,2,9850
100,0.46,-0.09000000000000008,0,9930
100,0.46,-0.09000000000000008,1,9800
100,0.46,-0.09000000000000008,2,9700
100,0.46,-0.09999999999999998,0,9300
100,0.46,-0.09999999999999998,1,9900
100,0.46,-0.09999999999999998,2,9830
100,0.46,-0.10999999999999999,0,9070
100,0.46,-0.10999999999999999,1,9880
100,0.46,-0.10999999999999999,2,9660
100,0.46,-0.12,0,9820
100,0.46,-0.12,1,9930
100,0.46,-0.12,2,9810
100,0.46,-0.13,0,9510
100,0.46,-0.13,1,9910
100,0.46,-0.13,2,9910
100,0.46,-0.14,0,9880
100,0.46,-0.14,1,9840
100,0.46,-0.14,2,9880
100,0.46,-0.15000000000000002,0,9540
100,0.46,-0.15000000000000002,1,9640
100,0.46,-0.15000000000000002,2,9850
100,0.46,-0.16000000000000003,0,9030
100,0.46,-0.16000000000000003,1,9830
100,0.46,-0.16000000000000003,2,9750
100,0.46,-0.17000000000000004,0,9930
100,0.46,-0.17000000000000004,1,9850
100,0.46,-0.17000000000000004,2,5840
100,0.46,-0.18000000000000005,0,9900
100,0.46,-0.18000000000000005,1,9890
100,0.46,-0.18000000000000005,2,9860
100,0.46,-0.19000000000000006,0,9770
100,0.46,-0.19000000000000006,1,9770
100,0.46,-0.19000000000000006,2,9950
100,0.46,-0.20000000000000007,0,9940
100,0.46,-0.20000000000000007,1,9940
100,0.46,-0.20000000000000007,2,9920
100,0.46,-0.21000000000000008,0,7670
100,0.46,-0.21000000000000008,1,9930
100,0.46,-0.21000000000000008,2,9570
100,0.46,-0.22000000000000008,0,9910
100,0.46,-0.22000000000000008,1,9670
100,0.46,-0.22000000000000008,2,9770
100,0.46,-0.22999999999999998,0,9930
100,0.46,-0.22999999999999998,1,9880
100,0.46,-0.22999999999999998,2,9940
100,0.46,-0.24,0,9860
100,0.46,-0.24,1,9770
100,0.46,-0.24,2,9860
100,0.46,-0.25,0,9410
100,0.46,-0.25,1,9920
100,0.46,-0.25,2,9780
100,0.46,-0.26,0,7470
100,0.46,-0.26,1,7880
100,0.46,-0.26,2,5630
100,0.46,-0.27,0,9430
100,0.46,-0.27,1,9940
100,0.46,-0.27,2,9920
100,0.46,-0.28,0,9930
100,0.46,-0.28,1,7600
100,0.46,-0.28,2,9140
100,0.46,-0.29000000000000004,0,8610
100,0.46,-0.29000000000000004,1,9880
100,0.46,-0.29000000000000004,2,9890
100,0.46,-0.30000000000000004,0,9930
100,0.46,-0.30000000000000004,1,7420
100,0.46,-0.30000000000000004,2,9930
100,0.46,-0.31000000000000005,0,9930
100,0.46,-0.31000000000000005,1,9930
100,0.46,-0.31000000000000005,2,9820
100,0.46,-0.32000000000000006,0,9910
100,0.46,-0.32000000000000006,1,9890
100,0.46,-0.32000000000000006,2,9400
100,0.46,-0.33,0,9890
100,0.46,-0.33,1,9880
100,0.46,-0.33,2,9380
100,0.46,-0.34,0,6270
100,0.46,-0.34,1,9940
100,0.46,-0.34,2,9930
100,0.46,-0.35000000000000003,0,9900
100,0.46,-0.35000000000000003,1,9880
100,0.46,-0.35000000000000003,2,9910
100,0.46,-0.36000000000000004,0,9940
100,0.46,-0.36000000000000004,1,9900
100,0.46,-0.36000000000000004,2,9810
100,0.46,-0.37000000000000005,0,9050
100,0.46,-0.37000000000000005,1,9920
100,0.46,-0.37000000000000005,2,9670
100,0.46,-0.38000000000000006,0,9790
100,0.46,-0.38000000000000006,1,9910
100,0.46,-0.38000000000000006,2,9820
100,0.46,-0.39,0,9920
100,0.46,-0.39,1,9750
100,0.46,-0.39,2,9920
100,0.46,-0.41000000000000003,0,9610
100,0.46,-0.41000000000000003,1,9800
100,0.46,-0.41000000000000003,2,9600
100,0.46,-0.42000000000000004,0,9850
100,0.46,-0.42000000000000004,1,8770
100,0.46,-0.42000000000000004,2,9880
100,0.46,-0.43000000000000005,0,9770
100,0.46,-0.43000000000000005,1,9930
100,0.46,-0.43000000000000005,2,9590
100,0.46,-0.44000000000000006,0,9830
100,0.46,-0.44000000000000006,1,9770
100,0.46,-0.44000000000000006,2,9870
100,0.46,-0.45,0,9570
100,0.46,-0.45,1,5990
100,0.46,-0.45,2,9610
100,0.46,-0.46,0,9800
100,0.46,-0.46,1,9810
100,0.46,-0.46,2,9810
100,0.46,-0.47000000000000003,0,9670
100,0.46,-0.47000000000000003,1,7560
100,0.46,-0.47000000000000003,2,9730
100,0.46,-0.48000000000000004,0,8470
100,0.46,-0.48000000000000004,1,9330
100,0.46,-0.48000000000000004,2,0
100,0.46,-0.49000000000000005,0,9672
100,0.46,-0.49000000000000005,1,9720
100,0.46,-0.49000000000000005,2,4250
100,0.46,-0.4,0,9940
100,0.46,-0.4,1,9920
100,0.46,-0.4,2,9800
100,0.46,-0.51,0,4840
100,0.46,-0.51,1,2200
100,0.46,-0.51,2,0
100,0.46,-0.52,0,9490
100,0.46,-0.52,1,9840
100,0.46,-0.52,2,9420
100,0.46,-0.53,0,0
100,0.46,-0.53,1,9900
100,0.46,-0.53,2,0
100,0.46,-0.54,0,780
100,0.46,-0.54,1,280
100,0.46,-0.54,2,0
100,0.46,-0.55,0,9740
100,0.46,-0.55,1,9860
100,0.46,-0.55,2,9934
100,0.46,-0.56,0,9140
100,0.46,-0.56,1,5620
100,0.46,-0.56,2,0
100,0.46,-0.5700000000000001,0,9460
100,0.46,-0.5700000000000001,1,250
100,0.46,-0.5700000000000001,2,7460
100,0.46,-0.5800000000000001,0,9120
100,0.46,-0.5800000000000001,1,9120
100,0.46,-0.5800000000000001,2,0
100,0.46,-0.5900000000000001,0,1230
100,0.46,-0.5900000000000001,1,1130
100,0.46,-0.5900000000000001,2,0
100,0.46,-0.5,0,8350
100,0.46,-0.5,1,9750
100,0.46,-0.5,2,6000
100,0.46,-0.6000000000000001,0,8720
100,0.46,-0.6000000000000001,1,300
100,0.46,-0.6000000000000001,2,0
100,0.46,-0.6100000000000001,0,0
100,0.46,-0.6100000000000001,1,450
100,0.46,-0.6100000000000001,2,9450
100,0.46,-0.6200000000000001,0,0
100,0.46,-0.6200000000000001,1,280
100,0.46,-0.6200000000000001,2,0
100,0.46,-0.63,0,0
100,0.46,-0.63,1,240
100,0.46,-0.63,2,0
100,0.46,-0.64,0,0
100,0.46,-0.64,1,6090
100,0.46,-0.64,2,0
100,0.46,-0.65,0,7150
100,0.46,-0.65,1,300
100,0.46,-0.65,2,0
100,0.46,-0.66,0,0
100,0.46,-0.66,1,250
100,0.46,-0.66,2,0
100,0.46,-0.67,0,0
100,0.46,-0.67,1,240
100,0.46,-0.67,2,0
100,0.46,-0.68,0,9750
100,0.46,-0.68,1,9530
100,0.46,-0.68,2,0
100,0.46,-0.6900000000000001,0,7560
100,0.46,-0.6900000000000001,1,7380
100,0.46,-0.6900000000000001,2,0
100,0.46,-0.7000000000000001,0,9300
100,0.46,-0.7000000000000001,1,240
100,0.46,-0.7000000000000001,2,0
100,0.46,-0.7100000000000001,0,8440
100,0.46,-0.7100000000000001,1,220
100,0.46,-0.7100000000000001,2,0
100,0.46,-0.7200000000000001,0,0
100,0.46,-0.7200000000000001,1,190
100,0.46,-0.7200000000000001,2,0
100,0.46,-0.73,0,0
100,0.46,-0.73,1,9000
100,0.46,-0.73,2,0
100,0.46,-0.74,0,0
100,0.46,-0.74,1,9280
100,0.46,-0.74,2,0
100,0.46,-0.75,0,0
100,0.46,-0.75,1,9614
100,0.46,-0.75,2,0
100,0.46,-0.76,0,0
100,0.46,-0.76,1,8540
100,0.46,-0.76,2,0
100,0.46,-0.77,0,0
100,0.46,-0.77,1,180
100,0.46,-0.77,2,0
100,0.46,-0.78,0,0
100,0.46,-0.78,1,180
100,0.46,-0.78,2,0
100,0.46,-0.79,0,0
100,0.46,-0.79,1,9710
100,0.46,-0.79,2,0
100,0.46,-0.8,0,0
100,0.46,-0.8,1,160
100,0.46,-0.8,2,0
100,0.46,0.010000000000000009,0,5510
100,0.46,0.010000000000000009,1,5850
100,0.46,0.010000000000000009,2,1960
100,0.46,0.020000000000000018,0,2320
100,0.46,0.020000000000000018,1,2170
100,0.46,0.020000000000000018,2,490
100,0.46,0.030000000000000027,0,1370
100,0.46,0.030000000000000027,1,1160
100,0.46,0.030000000000000027,2,70
100,0.46,0.039999999999999925,0,980
100,0.46,0.039999999999999925,1,740
100,0.46,0.039999999999999925,2,50
100,0.46,0.04999999999999993,0,760
100,0.46,0.04999999999999993,1,230
100,0.46,0.04999999999999993,2,40
100,0.46,0.05999999999999994,0,620
100,0.46,0.05999999999999994,1,210
100,0.46,0.05999999999999994,2,30
100,0.46,0.06999999999999995,0,120
100,0.46,0.06999999999999995,1,200
100,0.46,0.06999999999999995,2,20
100,0.46,0.07999999999999996,0,110
100,0.46,0.07999999999999996,1,190
100,0.46,0.07999999999999996,2,20
100,0.46,0.08999999999999997,0,100
100,0.46,0.08999999999999997,1,170
100,0.46,0.08999999999999997,2,10
100,0.46,0.09999999999999998,0,90
100,0.46,0.09999999999999998,1,160
100,0.46,0.09999999999999998,2,10
100,0.46,0.0,0,0
100,0.46,0.0,1,0
100,0.46,0.0,2,0
100,0.46,0.10999999999999999,0,80
100,0.46,0.10999999999999999,1,150
100,0.46,0.10999999999999999,2,10
100,0.46,0.12,0,80
100,0.46,0.12,1,140
100,0.46,0.12,2,10
100,0.46,0.13,0,70
100,0.46,0.13,1,130
100,0.46,0.13,2,10
100,0.46,0.14,0,70
100,0.46,0.14,1,50
100,0.46,0.14,2,10
100,0.46,0.15000000000000002,0,70
100,0.46,0.15000000000000002,1,40
100,0.46,0.15000000000000002,2,10
100,0.46,0.15999999999999992,0,60
100,0.46,0.15999999999999992,1,40
100,0.46,0.15999999999999992,2,10
100,0.46,0.16999999999999993,0,60
100,0.46,0.16999999999999993,1,0
100,0.46,0.16999999999999993,2,10
100,0.46,0.17999999999999994,0,50
100,0.46,0.17999999999999994,1,0
100,0.46,0.17999999999999994,2,0
100,0.46,0.18999999999999995,0,50
100,0.46,0.18999999999999995,1,0
100,0.46,0.18999999999999995,2,0
100,0.46,0.2,0,50
100,0.46,0.2,1,0
100,0.46,0.2,2,0
100,0.47000000000000003,-0.010000000000000009,0,70
100,0.47000000000000003,-0.010000000000000009,1,110
100,0.47000000000000003,-0.010000000000000009,2,0
100,0.47000000000000003,-0.020000000000000018,0,80
100,0.47000000000000003,-0.020000000000000018,1,140
100,0.47000000000000003,-0.020000000000000018,2,0
100,0.47000000000000003,-0.030000000000000027,0,100
100,0.47000000000000003,-0.030000000000000027,1,9800
100,0.47000000000000003,-0.030000000000000027,2,0
100,0.47000000000000003,-0.040000000000000036,0,7680
100,0.47000000000000003,-0.040000000000000036,1,9050
100,0.47000000000000003,-0.040000000000000036,2,9800
100,0.47000000000000003,-0.050000000000000044,0,4010
100,0.47000000000000003,-0.050000000000000044,1,9580
100,0.47000000000000003,-0.050000000000000044,2,9920
100,0.47000000000000003,-0.06000000000000005,0,9340
100,0.47000000000000003,-0.06000000000000005,1,9940
100,0.47000000000000003,-0.06000000000000005,2,9730
100,0.47000000000000003,-0.07000000000000006,0,4950
100,0.47000000000000003,-0.07000000000000006,1,9750
100,0.47000000000000003,-0.07000000000000006,2,2700
100,0.47000000000000003,-0.08000000000000007,0,4330
100,0.47000000000000003,-0.08000000000000007,1,9950
100,0.47000000000000003,-0.08000000000000007,2,9190
100,0.47000000000000003,-0.09000000000000008,0,9820
100,0.47000000000000003,-0.09000000000000008,1,8770
100,0.47000000000000003,-0.09000000000000008,2,9030
100,0.47000000000000003,-0.09999999999999998,0,9890
100,0.47000000000000003,-0.09999999999999998,1,9870
100,0.47000000000000003,-0.09999999999999998,2,0
100,0.47000000000000003,-0.10999999999999999,0,9570
100,0.47000000000000003,-0.10999999999999999,1,9710
100,0.47000000000000003,-0.10999999999999999,2,9610
100,0.47000000000000003,-0.12,0,9880
100,0.47000000000000003,-0.12,1,9800
100,0.47000000000000003,-0.12,2,9910
100,0.47000000000000003,-0.13,0,9720
100,0.47000000000000003,-0.13,1,8040
100,0.47000000000000003,-0.13,2,9770
100,0.47000000000000003,-0.14,0,9840
100,0.47000000000000003,-0.14,1,9880
100,0.47000000000000003,-0.14,2,9810
100,0.47000000000000003,-0.15000000000000002,0,9890
100,0.47000000000000003,-0.15000000000000002,1,9700
100,0.47000000000000003,-0.15000000000000002,2,9780
100,0.47000000000000003,-0.16000000000000003,0,9230
100,0.47000000000000003,-0.16000000000000003,1,9810
100,0.47000000000000003,-0.16000000000000003,2,9700
100,0.47000000000000003,-0.17000000000000004,0,9330
100,0.47000000000000003,-0.17000000000000004,1,9720
100,0.47000000000000003,-0.17000000000000004,2,9940
100,0.47000000000000003,-0.18000000000000005,0,9720
100,0.47000000000000003,-0.18000000000000005,1,9830
100,0.47000000000000003,-0.18000000000000005,2,9880
100,0.47000000000000003,-0.19000000000000006,0,9790
100,0.47000000000000003,-0.19000000000000006,1,9910
100,0.47000000000000003,-0.19000000000000006,2,9760
100,0.47000000000000003,-0.20000000000000007,0,9520
100,0.47000000000000003,-0.20000000000000007,1,9860
100,0.47000000000000003,-0.20000000000000007,2,9840
100,0.47000000000000003,-0.21000000000000008,0,9780
100,0.47000000000000003,-0.21000000000000008,1,9910
100,0.47000000000000003,-0.21000000000000008,2,9920
100,0.47000000000000003,-0.22000000000000008,0,9940
100,0.47000000000000003,-0.22000000000000008,1,9910
100,0.47000000000000003,-0.22000000000000008,2,9870
100,0.47000000000000003,-0.22999999999999998,0,9930
100,0.47000000000000003,-0.22999999999999998,1,9740
100,0.47000000000000003,-0.22999999999999998,2,9880
100,0.47000000000000003,-0.24,0,9840
100,0.47000000000000003,-0.24,1,9700
100,0.47000000000000003,-0.24,2,9890
100,0.47000000000000003,-0.25,0,9790
100,0.47000000000000003,-0.25,1,9920
100,0.47000000000000003,-0.25,2,9800
100,0.47000000000000003,-0.26,0,9900
100,0.47000000000000003,-0.26,1,9820
100,0.47000000000000003,-0.26,2,9930
100,0.47000000000000003,-0.27,0,7600
100,0.47000000000000003,-0.27,1,9360
100,0.47000000000000003,-0.27,2,6800
100,0.47000000000000003,-0.28,0,9930
100,0.47000000000000003,-0.28,1,9800
100,0.47000000000000003,-0.28,2,9890
100,0.47000000000000003,-0.29000000000000004,0,9930
100,0.47000000000000003,-0.29000000000000004,1,9930
100,0.47000000000000003,-0.29000000000000004,2,9770
100,0.47000000000000003,-0.30000000000000004,0,9580
100,0.47000000000000003,-0.30000000000000004,1,9930
100,0.47000000000000003,-0.30000000000000004,2,9920
100,0.47000000000000003,-0.31000000000000005,0,9830
100,0.47000000000000003,-0.31000000000000005,1,9910
100,0.47000000000000003,-0.31000000000000005,2,9920
100,0.47000000000000003,-0.32000000000000006,0,9930
100,0.47000000000000003,-0.32000000000000006,1,7640
100,0.47000000000000003,-0.32000000000000006,2,9790
100,0.47000000000000003,-0.33,0,9920
100,0.47000000000000003,-0.33,1,9950
100,0.47000000000000003,-0.33,2,9900
100,0.47000000000000003,-0.34,0,9930
100,0.47000000000000003,-0.34,1,9910
100,0.47000000000000003,-0.34,2,9780
100,0.47000000000000003,-0.35000000000000003,0,9900
100,0.47000000000000003,-0.35000000000000003,1,9880
100,0.47000000000000003,-0.35000000000000003,2,9910
100,0.47000000000000003,-0.36000000000000004,0,9840
100,0.47000000000000003,-0.36000000000000004,1,9950
100,0.47000000000000003,-0.36000000000000004,2,9940
100,0.47000000000000003,-0.37000000000000005,0,9870
100,0.47000000000000003,-0.37000000000000005,1,9930
100,0.47000000000000003,-0.37000000000000005,2,9920
100,0.47000000000000003,-0.38000000000000006,0,9350
100,0.47000000000000003,-0.38000000000000006,1,9760
100,0.47000000000000003,-0.38000000000000006,2,9670
100,0.47000000000000003,-0.39,0,9720
100,0.47000000000000003,-0.39,1,9940
100,0.47000000000000003,-0.39,2,9870
100,0.47000000000000003,-0.41000000000000003,0,9900
100,0.47000000000000003,-0.41000000000000003,1,9870
100,0.47000000000000003,-0.41000000000000003,2,9860
100,0.47000000000000003,-0.42000000000000004,0,9910
100,0.47000000000000003,-0.42000000000000004,1,9870
100,0.47000000000000003,-0.42000000000000004,2,9790
100,0.47000000000000003,-0.43000000000000005,0,9860
100,0.47000000000000003,-0.43000000000000005,1,9740
100,0.47000000000000003,-0.43000000000000005,2,9410
100,0.47000000000000003,-0.44000000000000006,0,9790
100,0.47000000000000003,-0.44000000000000006,1,9710
100,0.47000000000000003,-0.44000000000000006,2,9750
100,0.47000000000000003,-0.45,0,9910
100,0.47000000000000003,-0.45,1,9900
100,0.47000000000000003,-0.45,2,9840
100,0.47000000000000003,-0.46,0,9780
100,0.47000000000000003,-0.46,1,8990
100,0.47000000000000003,-0.46,2,9900
100,0.47000000000000003,-0.47000000000000003,0,8290
100,0.47000000000000003,-0.47000000000000003,1,9800
100,0.47000000000000003,-0.47000000000000003,2,9830
100,0.47000000000000003,-0.48000000000000004,0,9890
100,0.47000000000000003,-0.48000000000000004,1,9830
100,0.47000000000000003,-0.48000000000000004,2,5950
100,0.47000000000000003,-0.49000000000000005,0,9900
100,0.47000000000000003,-0.49000000000000005,1,9560
100,0.47000000000000003,-0.49000000000000005,2,9730
100,0.47000000000000003,-0.4,0,9590
100,0.47000000000000003,-0.4,1,9910
100,0.47000000000000003,-0.4,2,9690
100,0.47000000000000003,-0.51,0,9140
100,0.47000000000000003,-0.51,1,9780
100,0.47000000000000003,-0.51,2,0
100,0.47000000000000003,-0.52,0,9660
100,0.47000000000000003,-0.52,1,9780
100,0.47000000000000003,-0.52,2,9770
100,0.47000000000000003,-0.53,0,9770
100,0.47000000000000003,-0.53,1,9830
100,0.47000000000000003,-0.53,2,9190
100,0.47000000000000003,-0.54,0,9900
100,0.47000000000000003,-0.54,1,9880
100,0.47000000000000003,-0.54,2,9250
100,0.47000000000000003,-0.55,0,9840
100,0.47000000000000003,-0.55,1,360
100,0.47000000000000003,-0.55,2,0
100,0.47000000000000003,-0.56,0,9650
100,0.47000000000000003,-0.56,1,9887
100,0.47000000000000003,-0.56,2,9730
100,0.47000000000000003,-0.5700000000000001,0,9270
100,0.47000000000000003,-0.5700000000000001,1,9700
100,0.47000000000000003,-0.5700000000000001,2,6120
100,0.47000000000000003,-0.5800000000000001,0,8900
100,0.47000000000000003,-0.5800000000000001,1,9350
100,0.47000000000000003,-0.5800000000000001,2,9530
100,0.47000000000000003,-0.5900000000000001,0,6090
100,0.47000000000000003,-0.5900000000000001,1,5830
100,0.47000000000000003,-0.5900000000000001,2,0
100,0.47000000000000003,-0.5,0,9860
100,0.47000000000000003,-0.5,1,9800
100,0.47000000000000003,-0.5,2,9380
100,0.47000000000000003,-0.6000000000000001,0,0
100,0.47000000000000003,-0.6000000000000001,1,540
100,0.47000000000000003,-0.6000000000000001,2,0
100,0.47000000000000003,-0.6100000000000001,0,4410
100,0.47000000000000003,-0.6100000000000001,1,180
100,0.47000000000000003,-0.6100000000000001,2,0
100,0.47000000000000003,-0.6200000000000001,0,6710
100,0.47000000000000003,-0.6200000000000001,1,9210
100,0.47000000000000003,-0.6200000000000001,2,8440
100,0.47000000000000003,-0.63,0,8600
100,0.47000000000000003,-0.63,1,190
100,0.47000000000000003,-0.63,2,0
100,0.47000000000000003,-0.64,0,8820
100,0.47000000000000003,-0.64,1,7160
100,0.47000000000000003,-0.64,2,5060
100,0.47000000000000003,-0.65,0,9697
100,0.47000000000000003,-0.65,1,240
100,0.47000000000000003,-0.65,2,0
100,0.47000000000000003,-0.66,0,6830
100,0.47000000000000003,-0.66,1,220
100,0.47000000000000003,-0.66,2,9760
100,0.47000000000000003,-0.67,0,7050
100,0.47000000000000003,-0.67,1,230
100,0.47000000000000003,-0.67,2,0
100,0.47000000000000003,-0.68,0,0
100,0.47000000000000003,-0.68,1,8860
100,0.47000000000000003,-0.68,2,8160
100,0.47000000000000003,-0.6900000000000001,0,0
100,0.47000000000000003,-0.6900000000000001,1,260
100,0.47000000000000003,-0.6900000000000001,2,0
100,0.47000000000000003,-0.7000000000000001,0,9510
100,0.47000000000000003,-0.7000000000000001,1,220
100,0.47000000000000003,-0.7000000000000001,2,0
100,0.47000000000000003,-0.7100000000000001,0,0
100,0.47000000000000003,-0.7100000000000001,1,190
100,0.47000000000000003,-0.7100000000000001,2,0
100,0.47000000000000003,-0.7200000000000001,0,5200
100,0.47000000000000003,-0.7200000000000001,1,200
100,0.47000000000000003,-0.7200000000000001,2,0
100,0.47000000000000003,-0.73,0,8810
100,0.47000000000000003,-0.73,1,180
100,0.47000000000000003,-0.73,2,0
100,0.47000000000000003,-0.74,0,0
100,0.47000000000000003,-0.74,1,200
100,0.47000000000000003,-0.74,2,0
100,0.47000000000000003,-0.75,0,0
100,0.47000000000000003,-0.75,1,6600
100,0.47000000000000003,-0.75,2,0
100,0.47000000000000003,-0.76,0,7860
100,0.47000000000000003,-0.76,1,9540
100,0.47000000000000003,-0.76,2,0
100,0.47000000000000003,-0.77,0,0
100,0.47000000000000003,-0.77,1,9360
100,0.47000000000000003,-0.77,2,0
100,0.47000000000000003,-0.78,0,8800
100,0.47000000000000003,-0.78,1,180
100,0.47000000000000003,-0.78,2,0
100,0.47000000000000003,-0.79,0,0
100,0.47000000000000003,-0.79,1,170
100,0.47000000000000003,-0.79,2,0
100,0.47000000000000003,-0.8,0,9590
100,0.47000000000000003,-0.8,1,200
100,0.47000000000000003,-0.8,2,0
100,0.47000000000000003,0.010000000000000009,0,5530
100,0.47000000000000003,0.010000000000000009,1,5830
100,0.47000000000000003,0.010000000000000009,2,1960
100,0.47000000000000003,0.020000000000000018,0,2310
100,0.47000000000000003,0.020000000000000018,1,2140
100,0.47000000000000003,0.020000000000000018,2,500
100,0.47000000000000003,0.030000000000000027,0,1390
100,0.47000000000000003,0.030000000000000027,1,1160
100,0.47000000000000003,0.030000000000000027,2,70
100,0.47000000000000003,0.039999999999999925,0,980
100,0.47000000000000003,0.039999999999999925,1,740
100,0.47000000000000003,0.039999999999999925,2,50
100,0.47000000000000003,0.04999999999999993,0,770
100,0.47000000000000003,0.04999999999999993,1,230
100,0.47000000000000003,0.04999999999999993,2,40
100,0.47000000000000003,0.05999999999999994,0,630
100,0.47000000000000003,0.05999999999999994,1,210
100,0.47000000000000003,0.05999999999999994,2,30
100,0.47000000000000003,0.06999999999999995,0,110
100,0.47000000000000003,0.06999999999999995,1,200
100,0.47000000000000003,0.06999999999999995,2,20
100,0.47000000000000003,0.07999999999999996,0,100
100,0.47000000000000003,0.07999999999999996,1,180
100,0.47000000000000003,0.07999999999999996,2,20
100,0.47000000000000003,0.08999999999999997,0,100
100,0.47000000000000003,0.08999999999999997,1,170
100,0.47000000000000003,0.08999999999999997,2,10
100,0.47000000000000003,0.09999999999999998,0,90
100,0.47000000000000003,0.09999999999999998,1,150
100,0.47000000000000003,0.09999999999999998,2,10
100,0.47000000000000003,0.0,0,0
100,0.47000000000000003,0.0,1,0
100,0.47000000000000003,0.0,2,0
100,0.47000000000000003,0.10999999999999999,0,80
100,0.47000000000000003,0.10999999999999999,1,140
100,0.47000000000000003,0.10999999999999999,2,10
100,0.47000000000000003,0.12,0,80
100,0.47000000000000003,0.12,1,140
100,0.47000000000000003,0.12,2,10
100,0.47000000000000003,0.13,0,70
100,0.47000000000000003,0.13,1,130
100,0.47000000000000003,0.13,2,10
100,0.47000000000000003,0.14,0,70
100,0.47000000000000003,0.14,1,120
100,0.47000000000000003,0.14,2,10
100,0.47000000000000003,0.15000000000000002,0,70
100,0.47000000000000003,0.15000000000000002,1,40
100,0.47000000000000003,0.15000000000000002,2,10
100,0.47000000000000003,0.15999999999999992,0,60
100,0.47000000000000003,0.15999999999999992,1,40
100,0.47000000000000003,0.15999999999999992,2,10
100,0.47000000000000003,0.16999999999999993,0,60
100,0.47000000000000003,0.16999999999999993,1,0
100,0.47000000000000003,0.16999999999999993,2,0
100,0.47000000000000003,0.17999999999999994,0,50
100,0.47000000000000003,0.17999999999999994,1,0
100,0.47000000000000003,0.17999999999999994,2,0
100,0.47000000000000003,0.18999999999999995,0,50
100,0.47000000000000003,0.18999999999999995,1,0
100,0.47000000000000003,0.18999999999999995,2,0
100,0.47000000000000003,0.2,0,50
100,0.47000000000000003,0.2,1,0
100,0.47000000000000003,0.2,2,0
100,0.48,-0.010000000000000009,0,60
100,0.48,-0.010000000000000009,1,100
100,0.48,-0.010000000000000009,2,0
100,0.48,-0.020000000000000018,0,9930
100,0.48,-0.020000000000000018,1,9952
100,0.48,-0.020000000000000018,2,0
100,0.48,-0.030000000000000027,0,9940
100,0.48,-0.030000000000000027,1,6780
100,0.48,-0.030000000000000027,2,0
100,0.48,-0.040000000000000036,0,5930
100,0.48,-0.040000000000000036,1,9770
100,0.48,-0.040000000000000036,2,0
100,0.48,-0.050000000000000044,0,9380
100,0.48,-0.050000000000000044,1,9270
100,0.48,-0.050000000000000044,2,6230
100,0.48,-0.06000000000000005,0,9850
100,0.48,-0.06000000000000005,1,9760
100,0.48,-0.06000000000000005,2,6610
100,0.48,-0.07000000000000006,0,6890
100,0.48,-0.07000000000000006,1,9590
100,0.48,-0.07000000000000006,2,0
100,0.48,-0.08000000000000007,0,9730
100,0.48,-0.08000000000000007,1,9670
100,0.48,-0.08000000000000007,2,8670
100,0.48,-0.09000000000000008,0,3500
100,0.48,-0.09000000000000008,1,9920
100,0.48,-0.09000000000000008,2,9940
100,0.48,-0.09999999999999998,0,90
100,0.48,-0.09999999999999998,1,9900
100,0.48,-0.09999999999999998,2,9840
100,0.48,-0.10999999999999999,0,9880
100,0.48,-0.10999999999999999,1,9810
100,0.48,-0.10999999999999999,2,5830
100,0.48,-0.12,0,9630
100,0.48,-0.12,1,9840
100,0.48,-0.12,2,5980
100,0.48,-0.13,0,9950
100,0.48,-0.13,1,9670
100,0.48,-0.13,2,7240
100,0.48,-0.14,0,9870
100,0.48,-0.14,1,9840
100,0.48,-0.14,2,9570
100,0.48,-0.15000000000000002,0,9950
100,0.48,-0.15000000000000002,1,9570
100,0.48,-0.15000000000000002,2,9930
100,0.48,-0.16000000000000003,0,9930
100,0.48,-0.16000000000000003,1,9740
100,0.48,-0.16000000000000003,2,9890
100,0.48,-0.17000000000000004,0,9640
100,0.48,-0.17000000000000004,1,9700
100,0.48,-0.17000000000000004,2,9280
100,0.48,-0.18000000000000005,0,9860
100,0.48,-0.18000000000000005,1,9870
100,0.48,-0.18000000000000005,2,9610
100,0.48,-0.19000000000000006,0,9810
100,0.48,-0.19000000000000006,1,9910
100,0.48,-0.19000000000000006,2,9780
100,0.48,-0.20000000000000007,0,9950
100,0.48,-0.20000000000000007,1,9650
100,0.48,-0.20000000000000007,2,4270
100,0.48,-0.21000000000000008,0,9940
100,0.48,-0.21000000000000008,1,6770
100,0.48,-0.21000000000000008,2,9950
100,0.48,-0.22000000000000008,0,9940
100,0.48,-0.22000000000000008,1,9890
100,0.48,-0.22000000000000008,2,9850
100,0.48,-0.22999999999999998,0,9900
100,0.48,-0.22999999999999998,1,9860
100,0.48,-0.22999999999999998,2,9660
100,0.48,-0.24,0,9890
100,0.48,-0.24,1,9950
100,0.48,-0.24,2,9940
100,0.48,-0.25,0,8890
100,0.48,-0.25,1,9850
100,0.48,-0.25,2,9920
100,0.48,-0.26,0,7560
100,0.48,-0.26,1,9940
100,0.48,-0.26,2,9910
100,0.48,-0.27,0,9940
100,0.48,-0.27,1,9930
100,0.48,-0.27,2,9700
100,0.48,-0.28,0,9940
100,0.48,-0.28,1,9760
100,0.48,-0.28,2,9880
100,0.48,-0.29000000000000004,0,9930
100,0.48,-0.29000000000000004,1,9950
100,0.48,-0.29000000000000004,2,8060
100,0.48,-0.30000000000000004,0,7640
100,0.48,-0.30000000000000004,1,9910
100,0.48,-0.30000000000000004,2,9940
100,0.48,-0.31000000000000005,0,9740
100,0.48,-0.31000000000000005,1,9920
100,0.48,-0.31000000000000005,2,9850
100,0.48,-0.32000000000000006,0,9890
100,0.48,-0.32000000000000006,1,9900
100,0.48,-0.32000000000000006,2,9820
100,0.48,-0.33,0,9920
100,0.48,-0.33,1,9880
100,0.48,-0.33,2,9930
100,0.48,-0.34,0,9850
100,0.48,-0.34,1,6250
100,0.48,-0.34,2,9880
100,0.48,-0.35000000000000003,0,9860
100,0.48,-0.35000000000000003,1,9890
100,0.48,-0.35000000000000003,2,9940
100,0.48,-0.36000000000000004,0,9900
100,0.48,-0.36000000000000004,1,9690
100,0.48,-0.36000000000000004,2,9720
100,0.48,-0.37000000000000005,0,9900
100,0.48,-0.37000000000000005,1,9830
100,0.48,-0.37000000000000005,2,9680
100,0.48,-0.38000000000000006,0,9850
100,0.48,-0.38000000000000006,1,9880
100,0.48,-0.38000000000000006,2,9940
100,0.48,-0.39,0,9910
100,0.48,-0.39,1,9940
100,0.48,-0.39,2,9910
100,0.48,-0.41000000000000003,0,5270
100,0.48,-0.41000000000000003,1,9930
100,0.48,-0.41000000000000003,2,9750
100,0.48,-0.42000000000000004,0,9900
100,0.48,-0.42000000000000004,1,9840
100,0.48,-0.42000000000000004,2,9920
100,0.48,-0.43000000000000005,0,9900
100,0.48,-0.43000000000000005,1,5440
100,0.48,-0.43000000000000005,2,9830
100,0.48,-0.44000000000000006,0,9830
100,0.48,-0.44000000000000006,1,9920
100,0.48,-0.44000000000000006,2,8800
100,0.48,-0.45,0,9760
100,0.48,-0.45,1,9910
100,0.48,-0.45,2,9650
100,0.48,-0.46,0,9870
100,0.48,-0.46,1,9840
100,0.48,-0.46,2,1910
100,0.48,-0.47000000000000003,0,9220
100,0.48,-0.47000000000000003,1,9770
100,0.48,-0.47000000000000003,2,9920
100,0.48,-0.48000000000000004,0,9560
100,0.48,-0.48000000000000004,1,9880
100,0.48,-0.48000000000000004,2,9820
100,0.48,-0.49000000000000005,0,4970
100,0.48,-0.49000000000000005,1,9900
100,0.48,-0.49000000000000005,2,1050
100,0.48,-0.4,0,9890
100,0.48,-0.4,1,9700
100,0.48,-0.4,2,9700
100,0.48,-0.51,0,9780
100,0.48,-0.51,1,9820
100,0.48,-0.51,2,9730
100,0.48,-0.52,0,9827
100,0.48,-0.52,1,9560
100,0.48,-0.52,2,9130
100,0.48,-0.53,0,9050
100,0.48,-0.53,1,9800
100,0.48,-0.53,2,7980
100,0.48,-0.54,0,9780
100,0.48,-0.54,1,9610
100,0.48,-0.54,2,9470
100,0.48,-0.55,0,9720
100,0.48,-0.55,1,9520
100,0.48,-0.55,2,9850
100,0.48,-0.56,0,9590
100,0.48,-0.56,1,2180
100,0.48,-0.56,2,9750
100,0.48,-0.5700000000000001,0,9780
100,0.48,-0.5700000000000001,1,9953
100,0.48,-0.5700000000000001,2,0
100,0.48,-0.5800000000000001,0,9590
100,0.48,-0.5800000000000001,1,9760
100,0.48,-0.5800000000000001,2,8200
100,0.48,-0.5900000000000001,0,9720
100,0.48,-0.5900000000000001,1,6500
100,0.48,-0.5900000000000001,2,0
100,0.48,-0.5,0,9800
100,0.48,-0.5,1,9660
100,0.48,-0.5,2,9310
100,0.48,-0.6000000000000001,0,9590
100,0.48,-0.6000000000000001,1,9890
100,0.48,-0.6000000000000001,2,0
100,0.48,-0.6100000000000001,0,5770
100,0.48,-0.6100000000000001,1,9820
100,0.48,-0.6100000000000001,2,0
100,0.48,-0.6200000000000001,0,0
100,0.48,-0.6200000000000001,1,9900
100,0.48,-0.6200000000000001,2,0
100,0.48,-0.63,0,9640
100,0.48,-0.63,1,220
100,0.48,-0.63,2,0
100,0.48,-0.64,0,0
100,0.48,-0.64,1,9460
100,0.48,-0.64,2,8730
100,0.48,-0.65,0,0
100,0.48,-0.65,1,2530
100,0.48,-0.65,2,0
100,0.48,-0.66,0,9580
100,0.48,-0.66,1,3710
100,0.48,-0.66,2,0
100,0.48,-0.67,0,8030
100,0.48,-0.67,1,200
100,0.48,-0.67,2,0
100,0.48,-0.68,0,8180
100,0.48,-0.68,1,4480
100,0.48,-0.68,2,0
100,0.48,-0.6900000000000001,0,9340
100,0.48,-0.6900000000000001,1,9936
100,0.48,-0.6900000000000001,2,0
100,0.48,-0.7000000000000001,0,0
100,0.48,-0.7000000000000001,1,170
100,0.48,-0.7000000000000001,2,0
100,0.48,-0.7100000000000001,0,9330
100,0.48,-0.7100000000000001,1,9470
100,0.48,-0.7100000000000001,2,0
100,0.48,-0.7200000000000001,0,0
100,0.48,-0.7200000000000001,1,3690
100,0.48,-0.7200000000000001,2,0
100,0.48,-0.73,0,0
100,0.48,-0.73,1,210
100,0.48,-0.73,2,0
100,0.48,-0.74,0,0
100,0.48,-0.74,1,3980
100,0.48,-0.74,2,0
100,0.48,-0.75,0,0
100,0.48,-0.75,1,6110
100,0.48,-0.75,2,0
100,0.48,-0.76,0,0
100,0.48,-0.76,1,180
100,0.48,-0.76,2,0
100,0.48,-0.77,0,9240
100,0.48,-0.77,1,7720
100,0.48,-0.77,2,8230
100,0.48,-0.78,0,0
100,0.48,-0.78,1,7070
100,0.48,-0.78,2,0
100,0.48,-0.79,0,0
100,0.48,-0.79,1,230
100,0.48,-0.79,2,0
100,0.48,-0.8,0,0
100,0.48,-0.8,1,7290
100,0.48,-0.8,2,0
100,0.48,0.010000000000000009,0,5550
100,0.48,0.010000000000000009,1,5860
100,0.48,0.010000000000000009,2,1980
100,0.48,0.020000000000000018,0,2330
100,0.48,0.020000000000000018,1,2180
100,0.48,0.020000000000000018,2,500
100,0.48,0.030000000000000027,0,1400
100,0.48,0.030000000000000027,1,1170
100,0.48,0.030000000000000027,2,70
100,0.48,0.039999999999999925,0,1000
100,0.48,0.039999999999999925,1,740
100,0.48,0.039999999999999925,2,50
100,0.48,0.04999999999999993,0,780
100,0.48,0.04999999999999993,1,230
100,0.48,0.04999999999999993,2,40
100,0.48,0.05999999999999994,0,640
100,0.48,0.05999999999999994,1,210
100,0.48,0.05999999999999994,2,30
100,0.48,0.06999999999999995,0,110
100,0.48,0.06999999999999995,1,190
100,0.48,0.06999999999999995,2,20
100,0.48,0.07999999999999996,0,100
100,0.48,0.07999999999999996,1,180
100,0.48,0.07999999999999996,2,20
100,0.48,0.08999999999999997,0,100
100,0.48,0.08999999999999997,1,170
100,0.48,0.08999999999999997,2,10
100,0.48,0.09999999999999998,0,90
100,0.48,0.09999999999999998,1,150
100,0.48,0.09999999999999998,2,10
100,0.48,0.0,0,0
100,0.48,0.0,1,0
100,0.48,0.0,2,0
100,0.48,0.10999999999999999,0,80
100,0.48,0.10999999999999999,1,140
100,0.48,0.10999999999999999,2,10
100,0.48,0.12,0,80
100,0.48,0.12,1,140
100,0.48,0.12,2,10
100,0.48,0.13,0,70
100,0.48,0.13,1,130
100,0.48,0.13,2,10
100,0.48,0.14,0,70
100,0.48,0.14,1,120
100,0.48,0.14,2,10
100,0.48,0.15000000000000002,0,60
100,0.48,0.15000000000000002,1,40
100,0.48,0.15000000000000002,2,10
100,0.48,0.15999999999999992,0,60
100,0.48,0.15999999999999992,1,40
100,0.48,0.15999999999999992,2,10
100,0.48,0.16999999999999993,0,60
100,0.48,0.16999999999999993,1,0
100,0.48,0.16999999999999993,2,10
100,0.48,0.17999999999999994,0,50
100,0.48,0.17999999999999994,1,0
100,0.48,0.17999999999999994,2,0
100,0.48,0.18999999999999995,0,50
100,0.48,0.18999999999999995,1,0
100,0.48,0.18999999999999995,2,0
100,0.48,0.2,0,50
100,0.48,0.2,1,0
100,0.48,0.2,2,0
100,0.49,-0.010000000000000009,0,60
100,0.49,-0.010000000000000009,1,100
100,0.49,-0.010000000000000009,2,0
100,0.49,-0.020000000000000018,0,70
100,0.49,-0.020000000000000018,1,9980
100,0.49,-0.020000000000000018,2,0
100,0.49,-0.030000000000000027,0,9750
100,0.49,-0.030000000000000027,1,5380
100,0.49,-0.030000000000000027,2,6610
100,0.49,-0.040000000000000036,0,9030
100,0.49,-0.040000000000000036,1,9340
100,0.49,-0.040000000000000036,2,0
100,0.49,-0.050000000000000044,0,9890
100,0.49,-0.050000000000000044,1,6120
100,0.49,-0.050000000000000044,2,0
100,0.49,-0.06000000000000005,0,9890
100,0.49,-0.06000000000000005,1,9700
100,0.49,-0.06000000000000005,2,7280
100,0.49,-0.07000000000000006,0,9890
100,0.49,-0.07000000000000006,1,9940
100,0.49,-0.07000000000000006,2,9910
100,0.49,-0.08000000000000007,0,9820
100,0.49,-0.08000000000000007,1,9550
100,0.49,-0.08000000000000007,2,9840
100,0.49,-0.09000000000000008,0,9840
100,0.49,-0.09000000000000008,1,9580
100,0.49,-0.09000000000000008,2,9710
100,0.49,-0.09999999999999998,0,9810
100,0.49,-0.09999999999999998,1,9800
100,0.49,-0.09999999999999998,2,9890
100,0.49,-0.10999999999999999,0,9880
100,0.49,-0.10999999999999999,1,9860
100,0.49,-0.10999999999999999,2,9100
100,0.49,-0.12,0,9920
100,0.49,-0.12,1,9820
100,0.49,-0.12,2,9880
100,0.49,-0.13,0,7400
100,0.49,-0.13,1,9880
100,0.49,-0.13,2,9890
100,0.49,-0.14,0,9540
100,0.49,-0.14,1,9900
100,0.49,-0.14,2,9910
100,0.49,-0.15000000000000002,0,9910
100,0.49,-0.15000000000000002,1,9840
100,0.49,-0.15000000000000002,2,9920
100,0.49,-0.16000000000000003,0,8540
100,0.49,-0.16000000000000003,1,9930
100,0.49,-0.16000000000000003,2,9930
100,0.49,-0.17000000000000004,0,9640
100,0.49,-0.17000000000000004,1,9890
100,0.49,-0.17000000000000004,2,9830
100,0.49,-0.18000000000000005,0,9730
100,0.49,-0.18000000000000005,1,9910
100,0.49,-0.18000000000000005,2,9920
100,0.49,-0.19000000000000006,0,9580
100,0.49,-0.19000000000000006,1,9820
100,0.49,-0.19000000000000006,2,9930
100,0.49,-0.20000000000000007,0,9540
100,0.49,-0.20000000000000007,1,9900
100,0.49,-0.20000000000000007,2,9590
100,0.49,-0.21000000000000008,0,9600
100,0.49,-0.21000000000000008,1,9700
100,0.49,-0.21000000000000008,2,9530
100,0.49,-0.22000000000000008,0,9840
100,0.49,-0.22000000000000008,1,9940
100,0.49,-0.22000000000000008,2,9900
100,0.49,-0.22999999999999998,0,9670
100,0.49,-0.22999999999999998,1,9910
100,0.49,-0.22999999999999998,2,9950
100,0.49,-0.24,0,9470
100,0.49,-0.24,1,8180
100,0.49,-0.24,2,8520
100,0.49,-0.25,0,9950
100,0.49,-0.25,1,9760
100,0.49,-0.25,2,9860
100,0.49,-0.26,0,9900
100,0.49,-0.26,1,9900
100,0.49,-0.26,2,6020
100,0.49,-0.27,0,9920
100,0.49,-0.27,1,9840
100,0.49,-0.27,2,9870
100,0.49,-0.28,0,8930
100,0.49,-0.28,1,9910
100,0.49,-0.28,2,9950
100,0.49,-0.29000000000000004,0,9940
100,0.49,-0.29000000000000004,1,9780
100,0.49,-0.29000000000000004,2,9710
100,0.49,-0.30000000000000004,0,9890
100,0.49,-0.30000000000000004,1,9900
100,0.49,-0.30000000000000004,2,9910
100,0.49,-0.31000000000000005,0,9730
100,0.49,-0.31000000000000005,1,6840
100,0.49,-0.31000000000000005,2,9810
100,0.49,-0.32000000000000006,0,9920
100,0.49,-0.32000000000000006,1,9940
100,0.49,-0.32000000000000006,2,9470
100,0.49,-0.33,0,9930
100,0.49,-0.33,1,9560
100,0.49,-0.33,2,9900
100,0.49,-0.34,0,7170
100,0.49,-0.34,1,9940
100,0.49,-0.34,2,9920
100,0.49,-0.35000000000000003,0,7880
100,0.49,-0.35000000000000003,1,9900
100,0.49,-0.35000000000000003,2,9750
100,0.49,-0.36000000000000004,0,9930
100,0.49,-0.36000000000000004,1,9670
100,0.49,-0.36000000000000004,2,9370
100,0.49,-0.37000000000000005,0,9820
100,0.49,-0.37000000000000005,1,9830
100,0.49,-0.37000000000000005,2,9780
100,0.49,-0.38000000000000006,0,9870
100,0.49,-0.38000000000000006,1,9950
100,0.49,-0.38000000000000006,2,9930
100,0.49,-0.39,0,9940
100,0.49,-0.39,1,9910
100,0.49,-0.39,2,9920
100,0.49,-0.41000000000000003,0,9830
100,0.49,-0.41000000000000003,1,9920
100,0.49,-0.41000000000000003,2,9710
100,0.49,-0.42000000000000004,0,9910
100,0.49,-0.42000000000000004,1,9940
100,0.49,-0.42000000000000004,2,9910
100,0.49,-0.43000000000000005,0,9863
100,0.49,-0.43000000000000005,1,9900
100,0.49,-0.43000000000000005,2,9930
100,0.49,-0.44000000000000006,0,9870
100,0.49,-0.44000000000000006,1,9900
100,0.49,-0.44000000000000006,2,9920
100,0.49,-0.45,0,9890
100,0.49,-0.45,1,9800
100,0.49,-0.45,2,9530
100,0.49,-0.46,0,9670
100,0.49,-0.46,1,9890
100,0.49,-0.46,2,9710
100,0.49,-0.47000000000000003,0,9830
100,0.49,-0.47000000000000003,1,9920
100,0.49,-0.47000000000000003,2,9750
100,0.49,-0.48000000000000004,0,9250
100,0.49,-0.48000000000000004,1,6380
100,0.49,-0.48000000000000004,2,9690
100,0.49,-0.49000000000000005,0,8860
100,0.49,-0.49000000000000005,1,9800
100,0.49,-0.49000000000000005,2,9160
100,0.49,-0.4,0,9930
100,0.49,-0.4,1,9860
100,0.49,-0.4,2,9230
100,0.49,-0.51,0,9780
100,0.49,-0.51,1,9620
100,0.49,-0.51,2,9690
100,0.49,-0.52,0,9330
100,0.49,-0.52,1,9650
100,0.49,-0.52,2,9110
100,0.49,-0.53,0,9830
100,0.49,-0.53,1,9900
100,0.49,-0.53,2,9650
100,0.49,-0.54,0,9830
100,0.49,-0.54,1,9540
100,0.49,-0.54,2,9060
100,0.49,-0.55,0,9830
100,0.49,-0.55,1,9740
100,0.49,-0.55,2,8550
100,0.49,-0.56,0,9280
100,0.49,-0.56,1,9790
100,0.49,-0.56,2,9840
100,0.49,-0.5700000000000001,0,9080
100,0.49,-0.5700000000000001,1,9899
100,0.49,-0.5700000000000001,2,8490
100,0.49,-0.5800000000000001,0,9800
100,0.49,-0.5800000000000001,1,8740
100,0.49,-0.5800000000000001,2,8900
100,0.49,-0.5900000000000001,0,9900
100,0.49,-0.5900000000000001,1,9200
100,0.49,-0.5900000000000001,2,9740
100,0.49,-0.5,0,9660
100,0.49,-0.5,1,7720
100,0.49,-0.5,2,9580
100,0.49,-0.6000000000000001,0,6700
100,0.49,-0.6000000000000001,1,9310
100,0.49,-0.6000000000000001,2,0
100,0.49,-0.6100000000000001,0,9330
100,0.49,-0.6100000000000001,1,240
100,0.49,-0.6100000000000001,2,0
100,0.49,-0.6200000000000001,0,0
100,0.49,-0.6200000000000001,1,9860
100,0.49,-0.6200000000000001,2,8900
100,0.49,-0.63,0,8360
100,0.49,-0.63,1,9800
100,0.49,-0.63,2,5990
100,0.49,-0.64,0,0
100,0.49,-0.64,1,9380
100,0.49,-0.64,2,0
100,0.49,-0.65,0,9690
100,0.49,-0.65,1,180
100,0.49,-0.65,2,0
100,0.49,-0.66,0,0
100,0.49,-0.66,1,7180
100,0.49,-0.66,2,0
100,0.49,-0.67,0,2450
100,0.49,-0.67,1,210
100,0.49,-0.67,2,0
100,0.49,-0.68,0,8970
100,0.49,-0.68,1,230
100,0.49,-0.68,2,0
100,0.49,-0.6900000000000001,0,8850
100,0.49,-0.6900000000000001,1,9480
100,0.49,-0.6900000000000001,2,9220
100,0.49,-0.7000000000000001,0,0
100,0.49,-0.7000000000000001,1,7710
100,0.49,-0.7000000000000001,2,0
100,0.49,-0.7100000000000001,0,0
100,0.49,-0.7100000000000001,1,7330
100,0.49,-0.7100000000000001,2,0
100,0.49,-0.7200000000000001,0,9410
100,0.49,-0.7200000000000001,1,9440
100,0.49,-0.7200000000000001,2,0
100,0.49,-0.73,0,9350
100,0.49,-0.73,1,9290
100,0.49,-0.73,2,0
100,0.49,-0.74,0,0
100,0.49,-0.74,1,9330
100,0.49,-0.74,2,9510
100,0.49,-0.75,0,0
100,0.49,-0.75,1,9570
100,0.49,-0.75,2,0
100,0.49,-0.76,0,9780
100,0.49,-0.76,1,8920
100,0.49,-0.76,2,0
100,0.49,-0.77,0,5690
100,0.49,-0.77,1,170
100,0.49,-0.77,2,0
100,0.49,-0.78,0,9660
100,0.49,-0.78,1,8990
100,0.49,-0.78,2,0
100,0.49,-0.79,0,0
100,0.49,-0.79,1,9700
100,0.49,-0.79,2,0
100,0.49,-0.8,0,5090
100,0.49,-0.8,1,210
100,0.49,-0.8,2,0
100,0.49,0.010000000000000009,0,5580
100,0.49,0.010000000000000009,1,5840
100,0.49,0.010000000000000009,2,1970
100,0.49,0.020000000000000018,0,2390
100,0.49,0.020000000000000018,1,2180
100,0.49,0.020000000000000018,2,500
100,0.49,0.030000000000000027,0,1460
100,0.49,0.030000000000000027,1,1170
100,0.49,0.030000000000000027,2,60
100,0.49,0.039999999999999925,0,1040
100,0.49,0.039999999999999925,1,760
100,0.49,0.039999999999999925,2,50
100,0.49,0.04999999999999993,0,790
100,0.49,0.04999999999999993,1,220
100,0.49,0.04999999999999993,2,40
100,0.49,0.05999999999999994,0,650
100,0.49,0.05999999999999994,1,200
100,0.49,0.05999999999999994,2,30
100,0.49,0.06999999999999995,0,110
100,0.49,0.06999999999999995,1,190
100,0.49,0.06999999999999995,2,20
100,0.49,0.07999999999999996,0,100
100,0.49,0.07999999999999996,1,180
100,0.49,0.07999999999999996,2,20
100,0.49,0.08999999999999997,0,100
100,0.49,0.08999999999999997,1,170
100,0.49,0.08999999999999997,2,10
100,0.49,0.09999999999999998,0,90
100,0.49,0.09999999999999998,1,150
100,0.49,0.09999999999999998,2,10
100,0.49,0.0,0,0
100,0.49,0.0,1,0
100,0.49,0.0,2,0
100,0.49,0.10999999999999999,0,80
100,0.49,0.10999999999999999,1,140
100,0.49,0.10999999999999999,2,10
100,0.49,0.12,0,80
100,0.49,0.12,1,130
100,0.49,0.12,2,10
100,0.49,0.13,0,70
100,0.49,0.13,1,130
100,0.49,0.13,2,10
100,0.49,0.14,0,70
100,0.49,0.14,1,120
100,0.49,0.14,2,10
100,0.49,0.15000000000000002,0,70
100,0.49,0.15000000000000002,1,40
100,0.49,0.15000000000000002,2,10
100,0.49,0.15999999999999992,0,60
100,0.49,0.15999999999999992,1,40
100,0.49,0.15999999999999992,2,10
100,0.49,0.16999999999999993,0,60
100,0.49,0.16999999999999993,1,0
100,0.49,0.16999999999999993,2,10
100,0.49,0.17999999999999994,0,50
100,0.49,0.17999999999999994,1,0
100,0.49,0.17999999999999994,2,0
100,0.49,0.18999999999999995,0,50
100,0.49,0.18999999999999995,1,0
100,0.49,0.18999999999999995,2,0
100,0.49,0.2,0,50
100,0.49,0.2,1,0
100,0.49,0.2,2,0
100,0.4,-0.010000000000000009,0,100
100,0.4,-0.010000000000000009,1,140
100,0.4,-0.010000000000000009,2,0
100,0.4,-0.020000000000000018,0,130
100,0.4,-0.020000000000000018,1,190
100,0.4,-0.020000000000000018,2,0
100,0.4,-0.030000000000000027,0,7840
100,0.4,-0.030000000000000027,1,9880
100,0.4,-0.030000000000000027,2,9870
100,0.4,-0.040000000000000036,0,140
100,0.4,-0.040000000000000036,1,9730
100,0.4,-0.040000000000000036,2,0
100,0.4,-0.050000000000000044,0,3100
100,0.4,-0.050000000000000044,1,9070
100,0.4,-0.050000000000000044,2,9560
100,0.4,-0.06000000000000005,0,9670
100,0.4,-0.06000000000000005,1,8490
100,0.4,-0.06000000000000005,2,6370
100,0.4,-0.07000000000000006,0,9790
100,0.4,-0.07000000000000006,1,9260
100,0.4,-0.07000000000000006,2,9820
100,0.4,-0.08000000000000007,0,9270
100,0.4,-0.08000000000000007,1,9690
100,0.4,-0.08000000000000007,2,9920
100,0.4,-0.09000000000000008,0,9530
100,0.4,-0.09000000000000008,1,9880
100,0.4,-0.09000000000000008,2,9500
100,0.4,-0.09999999999999998,0,9230
100,0.4,-0.09999999999999998,1,9900
100,0.4,-0.09999999999999998,2,9870
100,0.4,-0.10999999999999999,0,9940
100,0.4,-0.10999999999999999,1,9880
100,0.4,-0.10999999999999999,2,9860
100,0.4,-0.12,0,9900
100,0.4,-0.12,1,9920
100,0.4,-0.12,2,9910
100,0.4,-0.13,0,9900
100,0.4,-0.13,1,9850
100,0.4,-0.13,2,9700
100,0.4,-0.14,0,9350
100,0.4,-0.14,1,9880
100,0.4,-0.14,2,5210
100,0.4,-0.15000000000000002,0,9530
100,0.4,-0.15000000000000002,1,9710
100,0.4,-0.15000000000000002,2,9030
100,0.4,-0.16000000000000003,0,9870
100,0.4,-0.16000000000000003,1,5820
100,0.4,-0.16000000000000003,2,9920
100,0.4,-0.17000000000000004,0,9740
100,0.4,-0.17000000000000004,1,9690
100,0.4,-0.17000000000000004,2,9830
100,0.4,-0.18000000000000005,0,9920
100,0.4,-0.18000000000000005,1,8680
100,0.4,-0.18000000000000005,2,9800
100,0.4,-0.19000000000000006,0,9920
100,0.4,-0.19000000000000006,1,8780
100,0.4,-0.19000000000000006,2,9790
100,0.4,-0.20000000000000007,0,2890
100,0.4,-0.20000000000000007,1,9840
100,0.4,-0.20000000000000007,2,9760
100,0.4,-0.21000000000000008,0,7170
100,0.4,-0.21000000000000008,1,9940
100,0.4,-0.21000000000000008,2,9660
100,0.4,-0.22000000000000008,0,9540
100,0.4,-0.22000000000000008,1,9880
100,0.4,-0.22000000000000008,2,9710
100,0.4,-0.22999999999999998,0,9950
100,0.4,-0.22999999999999998,1,9940
100,0.4,-0.22999999999999998,2,9950
100,0.4,-0.24,0,9840
100,0.4,-0.24,1,9890
100,0.4,-0.24,2,9930
100,0.4,-0.25,0,9870
100,0.4,-0.25,1,9940
100,0.4,-0.25,2,9950
100,0.4,-0.26,0,9810
100,0.4,-0.26,1,9839
100,0.4,-0.26,2,9940
100,0.4,-0.27,0,9780
100,0.4,-0.27,1,9940
100,0.4,-0.27,2,9810
100,0.4,-0.28,0,9490
100,0.4,-0.28,1,9930
100,0.4,-0.28,2,9890
100,0.4,-0.29000000000000004,0,9900
100,0.4,-0.29000000000000004,1,9940
100,0.4,-0.29000000000000004,2,9860
100,0.4,-0.30000000000000004,0,9930
100,0.4,-0.30000000000000004,1,9870
100,0.4,-0.30000000000000004,2,9860
100,0.4,-0.31000000000000005,0,9860
100,0.4,-0.31000000000000005,1,9890
100,0.4,-0.31000000000000005,2,9820
100,0.4,-0.32000000000000006,0,9910
100,0.4,-0.32000000000000006,1,9910
100,0.4,-0.32000000000000006,2,9910
100,0.4,-0.33,0,8620
100,0.4,-0.33,1,9840
100,0.4,-0.33,2,9910
100,0.4,-0.34,0,9850
100,0.4,-0.34,1,9940
100,0.4,-0.34,2,9880
100,0.4,-0.35000000000000003,0,9876
100,0.4,-0.35000000000000003,1,8280
100,0.4,-0.35000000000000003,2,9991
100,0.4,-0.36000000000000004,0,9620
100,0.4,-0.36000000000000004,1,9840
100,0.4,-0.36000000000000004,2,9880
100,0.4,-0.37000000000000005,0,9270
100,0.4,-0.37000000000000005,1,9530
100,0.4,-0.37000000000000005,2,9930
100,0.4,-0.38000000000000006,0,0
100,0.4,-0.38000000000000006,1,9840
100,0.4,-0.38000000000000006,2,9360
100,0.4,-0.39,0,8770
100,0.4,-0.39,1,6840
100,0.4,-0.39,2,9480
100,0.4,-0.41000000000000003,0,8750
100,0.4,-0.41000000000000003,1,270
100,0.4,-0.41000000000000003,2,8680
100,0.4,-0.42000000000000004,0,9140
100,0.4,-0.42000000000000004,1,9470
100,0.4,-0.42000000000000004,2,9810
100,0.4,-0.43000000000000005,0,9470
100,0.4,-0.43000000000000005,1,9640
100,0.4,-0.43000000000000005,2,0
100,0.4,-0.44000000000000006,0,2380
100,0.4,-0.44000000000000006,1,360
100,0.4,-0.44000000000000006,2,0
100,0.4,-0.45,0,1330
100,0.4,-0.45,1,320
100,0.4,-0.45,2,0
100,0.4,-0.46,0,1130
100,0.4,-0.46,1,8550
100,0.4,-0.46,2,0
100,0.4,-0.47000000000000003,0,8640
100,0.4,-0.47000000000000003,1,4240
100,0.4,-0.47000000000000003,2,0
100,0.4,-0.48000000000000004,0,2580
100,0.4,-0.48000000000000004,1,9200
100,0.4,-0.48000000000000004,2,0
100,0.4,-0.49000000000000005,0,0
100,0.4,-0.49000000000000005,1,1270
100,0.4,-0.49000000000000005,2,0
100,0.4,-0.4,0,9360
100,0.4,-0.4,1,9790
100,0.4,-0.4,2,4500
100,0.4,-0.51,0,0
100,0.4,-0.51,1,3450
100,0.4,-0.51,2,0
100,0.4,-0.52,0,0
100,0.4,-0.52,1,340
100,0.4,-0.52,2,0
100,0.4,-0.53,0,0
100,0.4,-0.53,1,320
100,0.4,-0.53,2,0
100,0.4,-0.54,0,0
100,0.4,-0.54,1,350
100,0.4,-0.54,2,0
100,0.4,-0.55,0,0
100,0.4,-0.55,1,280
100,0.4,-0.55,2,0
100,0.4,-0.56,0,0
100,0.4,-0.56,1,310
100,0.4,-0.56,2,0
100,0.4,-0.5700000000000001,0,9971
100,0.4,-0.5700000000000001,1,3030
100,0.4,-0.5700000000000001,2,0
100,0.4,-0.5800000000000001,0,0
100,0.4,-0.5800000000000001,1,230
100,0.4,-0.5800000000000001,2,0
100,0.4,-0.5900000000000001,0,0
100,0.4,-0.5900000000000001,1,240
100,0.4,-0.5900000000000001,2,0
100,0.4,-0.5,0,0
100,0.4,-0.5,1,280
100,0.4,-0.5,2,9600
100,0.4,-0.6000000000000001,0,0
100,0.4,-0.6000000000000001,1,200
100,0.4,-0.6000000000000001,2,0
100,0.4,-0.6100000000000001,0,0
100,0.4,-0.6100000000000001,1,220
100,0.4,-0.6100000000000001,2,0
100,0.4,-0.6200000000000001,0,0
100,0.4,-0.6200000000000001,1,190
100,0.4,-0.6200000000000001,2,0
100,0.4,-0.63,0,0
100,0.4,-0.63,1,220
100,0.4,-0.63,2,0
100,0.4,-0.64,0,0
100,0.4,-0.64,1,9510
100,0.4,-0.64,2,0
100,0.4,-0.65,0,0
100,0.4,-0.65,1,160
100,0.4,-0.65,2,0
100,0.4,-0.66,0,0
100,0.4,-0.66,1,180
100,0.4,-0.66,2,0
100,0.4,-0.67,0,0
100,0.4,-0.67,1,190
100,0.4,-0.67,2,0
100,0.4,-0.68,0,0
100,0.4,-0.68,1,190
100,0.4,-0.68,2,0
100,0.4,-0.6900000000000001,0,0
100,0.4,-0.6900000000000001,1,160
100,0.4,-0.6900000000000001,2,0
100,0.4,-0.7000000000000001,0,0
100,0.4,-0.7000000000000001,1,190
100,0.4,-0.7000000000000001,2,0
100,0.4,-0.7100000000000001,0,0
100,0.4,-0.7100000000000001,1,190
100,0.4,-0.7100000000000001,2,0
100,0.4,-0.7200000000000001,0,0
100,0.4,-0.7200000000000001,1,220
100,0.4,-0.7200000000000001,2,0
100,0.4,-0.73,0,0
100,0.4,-0.73,1,1640
100,0.4,-0.73,2,0
100,0.4,-0.74,0,0
100,0.4,-0.74,1,8600
100,0.4,-0.74,2,0
100,0.4,-0.75,0,0
100,0.4,-0.75,1,160
100,0.4,-0.75,2,0
100,0.4,-0.76,0,0
100,0.4,-0.76,1,160
100,0.4,-0.76,2,0
100,0.4,-0.77,0,0
100,0.4,-0.77,1,2840
100,0.4,-0.77,2,0
100,0.4,-0.78,0,0
100,0.4,-0.78,1,180
100,0.4,-0.78,2,0
100,0.4,-0.79,0,0
100,0.4,-0.79,1,190
100,0.4,-0.79,2,0
100,0.4,-0.8,0,0
100,0.4,-0.8,1,150
100,0.4,-0.8,2,0
100,0.4,0.010000000000000009,0,5380
100,0.4,0.010000000000000009,1,5800
100,0.4,0.010000000000000009,2,1930
100,0.4,0.020000000000000018,0,2260
100,0.4,0.020000000000000018,1,2090
100,0.4,0.020000000000000018,2,120
100,0.4,0.030000000000000027,0,1330
100,0.4,0.030000000000000027,1,1110
100,0.4,0.030000000000000027,2,80
100,0.4,0.039999999999999925,0,970
100,0.4,0.039999999999999925,1,300
100,0.4,0.039999999999999925,2,50
100,0.4,0.04999999999999993,0,750
100,0.4,0.04999999999999993,1,270
100,0.4,0.04999999999999993,2,40
100,0.4,0.05999999999999994,0,610
100,0.4,0.05999999999999994,1,240
100,0.4,0.05999999999999994,2,30
100,0.4,0.06999999999999995,0,130
100,0.4,0.06999999999999995,1,220
100,0.4,0.06999999999999995,2,20
100,0.4,0.07999999999999996,0,120
100,0.4,0.07999999999999996,1,210
100,0.4,0.07999999999999996,2,10
100,0.4,0.08999999999999997,0,110
100,0.4,0.08999999999999997,1,180
100,0.4,0.08999999999999997,2,10
100,0.4,0.09999999999999998,0,100
100,0.4,0.09999999999999998,1,170
100,0.4,0.09999999999999998,2,10
100,0.4,0.0,0,0
100,0.4,0.0,1,0
100,0.4,0.0,2,0
100,0.4,0.10999999999999999,0,90
100,0.4,0.10999999999999999,1,160
100,0.4,0.10999999999999999,2,10
100,0.4,0.12,0,90
100,0.4,0.12,1,150
100,0.4,0.12,2,10
100,0.4,0.13,0,80
100,0.4,0.13,1,140
100,0.4,0.13,2,10
100,0.4,0.14,0,80
100,0.4,0.14,1,50
100,0.4,0.14,2,10
100,0.4,0.15000000000000002,0,70
100,0.4,0.15000000000000002,1,50
100,0.4,0.15000000000000002,2,0
100,0.4,0.15999999999999992,0,70
100,0.4,0.15999999999999992,1,40
100,0.4,0.15999999999999992,2,0
100,0.4,0.16999999999999993,0,60
100,0.4,0.16999999999999993,1,40
100,0.4,0.16999999999999993,2,0
100,0.4,0.17999999999999994,0,60
100,0.4,0.17999999999999994,1,0
100,0.4,0.17999999999999994,2,0
100,0.4,0.18999999999999995,0,50
100,0.4,0.18999999999999995,1,0
100,0.4,0.18999999999999995,2,0
100,0.4,0.2,0,50
100,0.4,0.2,1,0
100,0.4,0.2,2,0
100,0.51,-0.010000000000000009,0,50
100,0.51,-0.010000000000000009,1,9934
100,0.51,-0.010000000000000009,2,0
100,0.51,-0.020000000000000018,0,70
100,0.51,-0.020000000000000018,1,110
100,0.51,-0.020000000000000018,2,0
100,0.51,-0.030000000000000027,0,6840
100,0.51,-0.030000000000000027,1,120
100,0.51,-0.030000000000000027,2,0
100,0.51,-0.040000000000000036,0,9740
100,0.51,-0.040000000000000036,1,9240
100,0.51,-0.040000000000000036,2,0
100,0.51,-0.050000000000000044,0,90
100,0.51,-0.050000000000000044,1,9500
100,0.51,-0.050000000000000044,2,9930
100,0.51,-0.06000000000000005,0,3710
100,0.51,-0.06000000000000005,1,140
100,0.51,-0.06000000000000005,2,2660
100,0.51,-0.07000000000000006,0,9220
100,0.51,-0.07000000000000006,1,9700
100,0.51,-0.07000000000000006,2,4580
100,0.51,-0.08000000000000007,0,9870
100,0.51,-0.08000000000000007,1,9740
100,0.51,-0.08000000000000007,2,2340
100,0.51,-0.09000000000000008,0,9880
100,0.51,-0.09000000000000008,1,9050
100,0.51,-0.09000000000000008,2,0
100,0.51,-0.09999999999999998,0,9830
100,0.51,-0.09999999999999998,1,9870
100,0.51,-0.09999999999999998,2,0
100,0.51,-0.10999999999999999,0,9930
100,0.51,-0.10999999999999999,1,9940
100,0.51,-0.10999999999999999,2,9220
100,0.51,-0.12,0,9830
100,0.51,-0.12,1,9810
100,0.51,-0.12,2,0
100,0.51,-0.13,0,2490
100,0.51,-0.13,1,9930
100,0.51,-0.13,2,9770
100,0.51,-0.14,0,9920
100,0.51,-0.14,1,9830
100,0.51,-0.14,2,9880
100,0.51,-0.15000000000000002,0,9870
100,0.51,-0.15000000000000002,1,9820
100,0.51,-0.15000000000000002,2,9940
100,0.51,-0.16000000000000003,0,9920
100,0.51,-0.16000000000000003,1,9300
100,0.51,-0.16000000000000003,2,9890
100,0.51,-0.17000000000000004,0,9910
100,0.51,-0.17000000000000004,1,9890
100,0.51,-0.17000000000000004,2,9780
100,0.51,-0.18000000000000005,0,9920
100,0.51,-0.18000000000000005,1,9820
100,0.51,-0.18000000000000005,2,9810
100,0.51,-0.19000000000000006,0,9940
100,0.51,-0.19000000000000006,1,9840
100,0.51,-0.19000000000000006,2,9750
100,0.51,-0.20000000000000007,0,9810
100,0.51,-0.20000000000000007,1,9890
100,0.51,-0.20000000000000007,2,9890
100,0.51,-0.21000000000000008,0,9790
100,0.51,-0.21000000000000008,1,9190
100,0.51,-0.21000000000000008,2,9790
100,0.51,-0.22000000000000008,0,9840
100,0.51,-0.22000000000000008,1,9890
100,0.51,-0.22000000000000008,2,9940
100,0.51,-0.22999999999999998,0,9950
100,0.51,-0.22999999999999998,1,9290
100,0.51,-0.22999999999999998,2,9910
100,0.51,-0.24,0,9640
100,0.51,-0.24,1,9900
100,0.51,-0.24,2,9850
100,0.51,-0.25,0,9600
100,0.51,-0.25,1,9940
100,0.51,-0.25,2,9950
100,0.51,-0.26,0,9930
100,0.51,-0.26,1,9750
100,0.51,-0.26,2,7000
100,0.51,-0.27,0,9930
100,0.51,-0.27,1,9910
100,0.51,-0.27,2,9890
100,0.51,-0.28,0,9890
100,0.51,-0.28,1,9810
100,0.51,-0.28,2,9430
100,0.51,-0.29000000000000004,0,9820
100,0.51,-0.29000000000000004,1,8380
100,0.51,-0.29000000000000004,2,9700
100,0.51,-0.30000000000000004,0,9920
100,0.51,-0.30000000000000004,1,9920
100,0.51,-0.30000000000000004,2,9870
100,0.51,-0.31000000000000005,0,8150
100,0.51,-0.31000000000000005,1,9950
100,0.51,-0.31000000000000005,2,9770
100,0.51,-0.32000000000000006,0,9900
100,0.51,-0.32000000000000006,1,9850
100,0.51,-0.32000000000000006,2,9900
100,0.51,-0.33,0,9920
100,0.51,-0.33,1,9940
100,0.51,-0.33,2,9860
100,0.51,-0.34,0,9760
100,0.51,-0.34,1,9860
100,0.51,-0.34,2,9790
100,0.51,-0.35000000000000003,0,9910
100,0.51,-0.35000000000000003,1,9900
100,0.51,-0.35000000000000003,2,9890
100,0.51,-0.36000000000000004,0,9670
100,0.51,-0.36000000000000004,1,9720
100,0.51,-0.36000000000000004,2,9910
100,0.51,-0.37000000000000005,0,9750
100,0.51,-0.37000000000000005,1,9930
100,0.51,-0.37000000000000005,2,9900
100,0.51,-0.38000000000000006,0,9900
100,0.51,-0.38000000000000006,1,9830
100,0.51,-0.38000000000000006,2,9900
100,0.51,-0.39,0,9560
100,0.51,-0.39,1,9910
100,0.51,-0.39,2,9910
100,0.51,-0.41000000000000003,0,9920
100,0.51,-0.41000000000000003,1,9890
100,0.51,-0.41000000000000003,2,9930
100,0.51,-0.42000000000000004,0,8130
100,0.51,-0.42000000000000004,1,9920
100,0.51,-0.42000000000000004,2,9410
100,0.51,-0.43000000000000005,0,9950
100,0.51,-0.43000000000000005,1,9860
100,0.51,-0.43000000000000005,2,9760
100,0.51,-0.44000000000000006,0,9910
100,0.51,-0.44000000000000006,1,9940
100,0.51,-0.44000000000000006,2,9880
100,0.51,-0.45,0,9940
100,0.51,-0.45,1,9930
100,0.51,-0.45,2,9670
100,0.51,-0.46,0,9910
100,0.51,-0.46,1,9940
100,0.51,-0.46,2,9910
100,0.51,-0.47000000000000003,0,9870
100,0.51,-0.47000000000000003,1,9260
100,0.51,-0.47000000000000003,2,9890
100,0.51,-0.48000000000000004,0,8970
100,0.51,-0.48000000000000004,1,9860
100,0.51,-0.48000000000000004,2,9920
100,0.51,-0.49000000000000005,0,7880
100,0.51,-0.49000000000000005,1,9780
100,0.51,-0.49000000000000005,2,9880
100,0.51,-0.4,0,9370
100,0.51,-0.4,1,9650
100,0.51,-0.4,2,9910
100,0.51,-0.51,0,9780
100,0.51,-0.51,1,9850
100,0.51,-0.51,2,9660
100,0.51,-0.52,0,9780
100,0.51,-0.52,1,9860
100,0.51,-0.52,2,9920
100,0.51,-0.53,0,9810
100,0.51,-0.53,1,9630
100,0.51,-0.53,2,9870
100,0.51,-0.54,0,9800
100,0.51,-0.54,1,9910
100,0.51,-0.54,2,9890
100,0.51,-0.55,0,9900
100,0.51,-0.55,1,7180
100,0.51,-0.55,2,9910
100,0.51,-0.56,0,9180
100,0.51,-0.56,1,9230
100,0.51,-0.56,2,9530
100,0.51,-0.5700000000000001,0,9850
100,0.51,-0.5700000000000001,1,8930
100,0.51,-0.5700000000000001,2,9510
100,0.51,-0.5800000000000001,0,9030
100,0.51,-0.5800000000000001,1,9670
100,0.51,-0.5800000000000001,2,9600
100,0.51,-0.5900000000000001,0,7890
100,0.51,-0.5900000000000001,1,9850
100,0.51,-0.5900000000000001,2,8270
100,0.51,-0.5,0,9770
100,0.51,-0.5,1,9850
100,0.51,-0.5,2,9730
100,0.51,-0.6000000000000001,0,9390
100,0.51,-0.6000000000000001,1,9820
100,0.51,-0.6000000000000001,2,9690
100,0.51,-0.6100000000000001,0,9711
100,0.51,-0.6100000000000001,1,9910
100,0.51,-0.6100000000000001,2,9810
100,0.51,-0.6200000000000001,0,9996
100,0.51,-0.6200000000000001,1,9520
100,0.51,-0.6200000000000001,2,9190
100,0.51,-0.63,0,9170
100,0.51,-0.63,1,7020
100,0.51,-0.63,2,9707
100,0.51,-0.64,0,6310
100,0.51,-0.64,1,9190
100,0.51,-0.64,2,9580
100,0.51,-0.65,0,9540
100,0.51,-0.65,1,9480
100,0.51,-0.65,2,0
100,0.51,-0.66,0,6490
100,0.51,-0.66,1,9620
100,0.51,-0.66,2,9840
100,0.51,-0.67,0,0
100,0.51,-0.67,1,9740
100,0.51,-0.67,2,0
100,0.51,-0.68,0,9427
100,0.51,-0.68,1,8980
100,0.51,-0.68,2,0
100,0.51,-0.6900000000000001,0,9900
100,0.51,-0.6900000000000001,1,9840
100,0.51,-0.6900000000000001,2,9290
100,0.51,-0.7000000000000001,0,8180
100,0.51,-0.7000000000000001,1,7470
100,0.51,-0.7000000000000001,2,8050
100,0.51,-0.7100000000000001,0,0
100,0.51,-0.7100000000000001,1,6010
100,0.51,-0.7100000000000001,2,9760
100,0.51,-0.7200000000000001,0,9580
100,0.51,-0.7200000000000001,1,9590
100,0.51,-0.7200000000000001,2,0
100,0.51,-0.73,0,9876
100,0.51,-0.73,1,9160
100,0.51,-0.73,2,9710
100,0.51,-0.74,0,0
100,0.51,-0.74,1,180
100,0.51,-0.74,2,9690
100,0.51,-0.75,0,5650
100,0.51,-0.75,1,9650
100,0.51,-0.75,2,0
100,0.51,-0.76,0,0
100,0.51,-0.76,1,9430
100,0.51,-0.76,2,0
100,0.51,-0.77,0,9710
100,0.51,-0.77,1,7470
100,0.51,-0.77,2,4440
100,0.51,-0.78,0,9250
100,0.51,-0.78,1,1680
100,0.51,-0.78,2,0
100,0.51,-0.79,0,9230
100,0.51,-0.79,1,7790
100,0.51,-0.79,2,0
100,0.51,-0.8,0,0
100,0.51,-0.8,1,200
100,0.51,-0.8,2,0
100,0.51,0.010000000000000009,0,5620
100,0.51,0.010000000000000009,1,9915
100,0.51,0.010000000000000009,2,1980
100,0.51,0.020000000000000018,0,2400
100,0.51,0.020000000000000018,1,2210
100,0.51,0.020000000000000018,2,520
100,0.51,0.030000000000000027,0,1470
100,0.51,0.030000000000000027,1,1220
100,0.51,0.030000000000000027,2,60
100,0.51,0.039999999999999925,0,1070
100,0.51,0.039999999999999925,1,770
100,0.51,0.039999999999999925,2,50
100,0.51,0.04999999999999993,0,820
100,0.51,0.04999999999999993,1,220
100,0.51,0.04999999999999993,2,40
100,0.51,0.05999999999999994,0,660
100,0.51,0.05999999999999994,1,200
100,0.51,0.05999999999999994,2,30
100,0.51,0.06999999999999995,0,110
100,0.51,0.06999999999999995,1,180
100,0.51,0.06999999999999995,2,20
100,0.51,0.07999999999999996,0,100
100,0.51,0.07999999999999996,1,170
100,0.51,0.07999999999999996,2,20
100,0.51,0.08999999999999997,0,90
100,0.51,0.08999999999999997,1,160
100,0.51,0.08999999999999997,2,10
100,0.51,0.09999999999999998,0,90
100,0.51,0.09999999999999998,1,150
100,0.51,0.09999999999999998,2,10
100,0.51,0.0,0,0
100,0.51,0.0,1,0
100,0.51,0.0,2,0
100,0.51,0.10999999999999999,0,80
100,0.51,0.10999999999999999,1,140
100,0.51,0.10999999999999999,2,10
100,0.51,0.12,0,80
100,0.51,0.12,1,130
100,0.51,0.12,2,10
100,0.51,0.13,0,70
100,0.51,0.13,1,130
100,0.51,0.13,2,10
100,0.51,0.14,0,70
100,0.51,0.14,1,120
100,0.51,0.14,2,10
100,0.51,0.15000000000000002,0,60
100,0.51,0.15000000000000002,1,40
100,0.51,0.15000000000000002,2,10
100,0.51,0.15999999999999992,0,60
100,0.51,0.15999999999999992,1,0
100,0.51,0.15999999999999992,2,10
100,0.51,0.16999999999999993,0,60
100,0.51,0.16999999999999993,1,0
100,0.51,0.16999999999999993,2,10
100,0.51,0.17999999999999994,0,50
100,0.51,0.17999999999999994,1,0
100,0.51,0.17999999999999994,2,10
100,0.51,0.18999999999999995,0,50
100,0.51,0.18999999999999995,1,0
100,0.51,0.18999999999999995,2,10
100,0.51,0.2,0,50
100,0.51,0.2,1,0
100,0.51,0.2,2,0
100,0.52,-0.010000000000000009,0,50
100,0.52,-0.010000000000000009,1,9969
100,0.52,-0.010000000000000009,2,0
100,0.52,-0.020000000000000018,0,60
100,0.52,-0.020000000000000018,1,110
100,0.52,-0.020000000000000018,2,0
100,0.52,-0.030000000000000027,0,6750
100,0.52,-0.030000000000000027,1,120
100,0.52,-0.030000000000000027,2,7850
100,0.52,-0.040000000000000036,0,9860
100,0.52,-0.040000000000000036,1,6890
100,0.52,-0.040000000000000036,2,0
100,0.52,-0.050000000000000044,0,7440
100,0.52,-0.050000000000000044,1,9350
100,0.52,-0.050000000000000044,2,9520
100,0.52,-0.06000000000000005,0,4260
100,0.52,-0.06000000000000005,1,9920
100,0.52,-0.06000000000000005,2,0
100,0.52,-0.07000000000000006,0,9870
100,0.52,-0.07000000000000006,1,8930
100,0.52,-0.07000000000000006,2,6070
100,0.52,-0.08000000000000007,0,9730
100,0.52,-0.08000000000000007,1,9450
100,0.52,-0.08000000000000007,2,9340
100,0.52,-0.09000000000000008,0,5740
100,0.52,-0.09000000000000008,1,9640
100,0.52,-0.09000000000000008,2,9680
100,0.52,-0.09999999999999998,0,9690
100,0.52,-0.09999999999999998,1,9470
100,0.52,-0.09999999999999998,2,9710
100,0.52,-0.10999999999999999,0,9910
100,0.52,-0.10999999999999999,1,9790
100,0.52,-0.10999999999999999,2,9910
100,0.52,-0.12,0,9830
100,0.52,-0.12,1,9790
100,0.52,-0.12,2,9530
100,0.52,-0.13,0,9840
100,0.52,-0.13,1,9450
100,0.52,-0.13,2,9730
100,0.52,-0.14,0,9820
100,0.52,-0.14,1,9880
100,0.52,-0.14,2,7390
100,0.52,-0.15000000000000002,0,9640
100,0.52,-0.15000000000000002,1,9890
100,0.52,-0.15000000000000002,2,9850
100,0.52,-0.16000000000000003,0,9930
100,0.52,-0.16000000000000003,1,9880
100,0.52,-0.16000000000000003,2,9790
100,0.52,-0.17000000000000004,0,9940
100,0.52,-0.17000000000000004,1,9950
100,0.52,-0.17000000000000004,2,9490
100,0.52,-0.18000000000000005,0,9790
100,0.52,-0.18000000000000005,1,9230
100,0.52,-0.18000000000000005,2,9300
100,0.52,-0.19000000000000006,0,9880
100,0.52,-0.19000000000000006,1,9710
100,0.52,-0.19000000000000006,2,9930
100,0.52,-0.20000000000000007,0,9880
100,0.52,-0.20000000000000007,1,9900
100,0.52,-0.20000000000000007,2,9780
100,0.52,-0.21000000000000008,0,9880
100,0.52,-0.21000000000000008,1,9840
100,0.52,-0.21000000000000008,2,9850
100,0.52,-0.22000000000000008,0,9940
100,0.52,-0.22000000000000008,1,9890
100,0.52,-0.22000000000000008,2,9880
100,0.52,-0.22999999999999998,0,8360
100,0.52,-0.22999999999999998,1,9740
100,0.52,-0.22999999999999998,2,5320
100,0.52,-0.24,0,9870
100,0.52,-0.24,1,9490
100,0.52,-0.24,2,9920
100,0.52,-0.25,0,9870
100,0.52,-0.25,1,9320
100,0.52,-0.25,2,9880
100,0.52,-0.26,0,9790
100,0.52,-0.26,1,9900
100,0.52,-0.26,2,9930
100,0.52,-0.27,0,9770
100,0.52,-0.27,1,9900
100,0.52,-0.27,2,9810
100,0.52,-0.28,0,7890
100,0.52,-0.28,1,9930
100,0.52,-0.28,2,9930
100,0.52,-0.29000000000000004,0,9930
100,0.52,-0.29000000000000004,1,9830
100,0.52,-0.29000000000000004,2,9760
100,0.52,-0.30000000000000004,0,9940
100,0.52,-0.30000000000000004,1,9870
100,0.52,-0.30000000000000004,2,9510
100,0.52,-0.31000000000000005,0,8440
100,0.52,-0.31000000000000005,1,7350
100,0.52,-0.31000000000000005,2,9900
100,0.52,-0.32000000000000006,0,7500
100,0.52,-0.32000000000000006,1,9550
100,0.52,-0.32000000000000006,2,9930
100,0.52,-0.33,0,9860
100,0.52,-0.33,1,9850
100,0.52,-0.33,2,9900
100,0.52,-0.34,0,9930
100,0.52,-0.34,1,9900
100,0.52,-0.34,2,9910
100,0.52,-0.35000000000000003,0,6990
100,0.52,-0.35000000000000003,1,8630
100,0.52,-0.35000000000000003,2,8030
100,0.52,-0.36000000000000004,0,9950
100,0.52,-0.36000000000000004,1,9940
100,0.52,-0.36000000000000004,2,9680
100,0.52,-0.37000000000000005,0,9840
100,0.52,-0.37000000000000005,1,9780
100,0.52,-0.37000000000000005,2,9920
100,0.52,-0.38000000000000006,0,9910
100,0.52,-0.38000000000000006,1,9900
100,0.52,-0.38000000000000006,2,9890
100,0.52,-0.39,0,8570
100,0.52,-0.39,1,7130
100,0.52,-0.39,2,9720
100,0.52,-0.41000000000000003,0,9930
100,0.52,-0.41000000000000003,1,7570
100,0.52,-0.41000000000000003,2,9470
100,0.52,-0.42000000000000004,0,9920
100,0.52,-0.42000000000000004,1,9910
100,0.52,-0.42000000000000004,2,9910
100,0.52,-0.43000000000000005,0,9680
100,0.52,-0.43000000000000005,1,8030
100,0.52,-0.43000000000000005,2,9930
100,0.52,-0.44000000000000006,0,9750
100,0.52,-0.44000000000000006,1,9920
100,0.52,-0.44000000000000006,2,9850
100,0.52,-0.45,0,9890
100,0.52,-0.45,1,9900
100,0.52,-0.45,2,9940
100,0.52,-0.46,0,9870
100,0.52,-0.46,1,9780
100,0.52,-0.46,2,9930
100,0.52,-0.47000000000000003,0,9940
100,0.52,-0.47000000000000003,1,9910
100,0.52,-0.47000000000000003,2,9880
100,0.52,-0.48000000000000004,0,9850
100,0.52,-0.48000000000000004,1,9890
100,0.52,-0.48000000000000004,2,9950
100,0.52,-0.49000000000000005,0,9670
100,0.52,-0.49000000000000005,1,9810
100,0.52,-0.49000000000000005,2,9890
100,0.52,-0.4,0,9930
100,0.52,-0.4,1,9920
100,0.52,-0.4,2,9270
100,0.52,-0.51,0,9820
100,0.52,-0.51,1,9730
100,0.52,-0.51,2,9750
100,0.52,-0.52,0,9381
100,0.52,-0.52,1,9740
100,0.52,-0.52,2,9830
100,0.52,-0.53,0,9910
100,0.52,-0.53,1,9710
100,0.52,-0.53,2,9830
100,0.52,-0.54,0,9810
100,0.52,-0.54,1,9910
100,0.52,-0.54,2,9400
100,0.52,-0.55,0,8940
100,0.52,-0.55,1,6090
100,0.52,-0.55,2,50
100,0.52,-0.56,0,9620
100,0.52,-0.56,1,9850
100,0.52,-0.56,2,9640
100,0.52,-0.5700000000000001,0,9850
100,0.52,-0.5700000000000001,1,9870
100,0.52,-0.5700000000000001,2,9780
100,0.52,-0.5800000000000001,0,9610
100,0.52,-0.5800000000000001,1,9440
100,0.52,-0.5800000000000001,2,0
100,0.52,-0.5900000000000001,0,9600
100,0.52,-0.5900000000000001,1,9860
100,0.52,-0.5900000000000001,2,0
100,0.52,-0.5,0,9690
100,0.52,-0.5,1,9700
100,0.52,-0.5,2,9700
100,0.52,-0.6000000000000001,0,9870
100,0.52,-0.6000000000000001,1,9860
100,0.52,-0.6000000000000001,2,9320
100,0.52,-0.6100000000000001,0,9790
100,0.52,-0.6100000000000001,1,9860
100,0.52,-0.6100000000000001,2,9680
100,0.52,-0.6200000000000001,0,3980
100,0.52,-0.6200000000000001,1,7680
100,0.52,-0.6200000000000001,2,9690
100,0.52,-0.63,0,9600
100,0.52,-0.63,1,9870
100,0.52,-0.63,2,0
100,0.52,-0.64,0,9430
100,0.52,-0.64,1,970
100,0.52,-0.64,2,9730
100,0.52,-0.65,0,9720
100,0.52,-0.65,1,9877
100,0.52,-0.65,2,0
100,0.52,-0.66,0,9580
100,0.52,-0.66,1,9760
100,0.52,-0.66,2,0
100,0.52,-0.67,0,8604
100,0.52,-0.67,1,8930
100,0.52,-0.67,2,0
100,0.52,-0.68,0,9370
100,0.52,-0.68,1,9760
100,0.52,-0.68,2,0
100,0.52,-0.6900000000000001,0,9870
100,0.52,-0.6900000000000001,1,670
100,0.52,-0.6900000000000001,2,9770
100,0.52,-0.7000000000000001,0,9340
100,0.52,-0.7000000000000001,1,9690
100,0.52,-0.7000000000000001,2,9610
100,0.52,-0.7100000000000001,0,0
100,0.52,-0.7100000000000001,1,690
100,0.52,-0.7100000000000001,2,9820
100,0.52,-0.7200000000000001,0,8480
100,0.52,-0.7200000000000001,1,9971
100,0.52,-0.7200000000000001,2,0
100,0.52,-0.73,0,9939
100,0.52,-0.73,1,9780
100,0.52,-0.73,2,0
100,0.52,-0.74,0,0
100,0.52,-0.74,1,9270
100,0.52,-0.74,2,0
100,0.52,-0.75,0,6820
100,0.52,-0.75,1,150
100,0.52,-0.75,2,0
100,0.52,-0.76,0,9520
100,0.52,-0.76,1,8900
100,0.52,-0.76,2,0
100,0.52,-0.77,0,9937
100,0.52,-0.77,1,9780
100,0.52,-0.77,2,0
100,0.52,-0.78,0,9300
100,0.52,-0.78,1,9860
100,0.52,-0.78,2,0
100,0.52,-0.79,0,8990
100,0.52,-0.79,1,9720
100,0.52,-0.79,2,9958
100,0.52,-0.8,0,0
100,0.52,-0.8,1,9610
100,0.52,-0.8,2,0
100,0.52,0.010000000000000009,0,5570
100,0.52,0.010000000000000009,1,5830
100,0.52,0.010000000000000009,2,1980
100,0.52,0.020000000000000018,0,2370
100,0.52,0.020000000000000018,1,2230
100,0.52,0.020000000000000018,2,520
100,0.52,0.030000000000000027,0,1500
100,0.52,0.030000000000000027,1,1220
100,0.52,0.030000000000000027,2,60
100,0.52,0.039999999999999925,0,1060
100,0.52,0.039999999999999925,1,770
100,0.52,0.039999999999999925,2,50
100,0.52,0.04999999999999993,0,820
100,0.52,0.04999999999999993,1,210
100,0.52,0.04999999999999993,2,40
100,0.52,0.05999999999999994,0,660
100,0.52,0.05999999999999994,1,190
100,0.52,0.05999999999999994,2,30
100,0.52,0.06999999999999995,0,110
100,0.52,0.06999999999999995,1,180
100,0.52,0.06999999999999995,2,20
100,0.52,0.07999999999999996,0,100
100,0.52,0.07999999999999996,1,170
100,0.52,0.07999999999999996,2,20
100,0.52,0.08999999999999997,0,90
100,0.52,0.08999999999999997,1,160
100,0.52,0.08999999999999997,2,10
100,0.52,0.09999999999999998,0,80
100,0.52,0.09999999999999998,1,150
100,0.52,0.09999999999999998,2,10
100,0.52,0.0,0,0
100,0.52,0.0,1,0
100,0.52,0.0,2,0
100,0.52,0.10999999999999999,0,80
100,0.52,0.10999999999999999,1,140
100,0.52,0.10999999999999999,2,10
100,0.52,0.12,0,70
100,0.52,0.12,1,130
100,0.52,0.12,2,10
100,0.52,0.13,0,70
100,0.52,0.13,1,120
100,0.52,0.13,2,10
100,0.52,0.14,0,70
100,0.52,0.14,1,120
100,0.52,0.14,2,10
100,0.52,0.15000000000000002,0,60
100,0.52,0.15000000000000002,1,110
100,0.52,0.15000000000000002,2,10
100,0.52,0.15999999999999992,0,60
100,0.52,0.15999999999999992,1,0
100,0.52,0.15999999999999992,2,10
100,0.52,0.16999999999999993,0,60
100,0.52,0.16999999999999993,1,0
100,0.52,0.16999999999999993,2,10
100,0.52,0.17999999999999994,0,50
100,0.52,0.17999999999999994,1,0
100,0.52,0.17999999999999994,2,10
100,0.52,0.18999999999999995,0,50
100,0.52,0.18999999999999995,1,0
100,0.52,0.18999999999999995,2,10
100,0.52,0.2,0,50
100,0.52,0.2,1,0
100,0.52,0.2,2,0
100,0.53,-0.010000000000000009,0,50
100,0.53,-0.010000000000000009,1,80
100,0.53,-0.010000000000000009,2,0
100,0.53,-0.020000000000000018,0,60
100,0.53,-0.020000000000000018,1,110
100,0.53,-0.020000000000000018,2,0
100,0.53,-0.030000000000000027,0,70
100,0.53,-0.030000000000000027,1,8720
100,0.53,-0.030000000000000027,2,0
100,0.53,-0.040000000000000036,0,80
100,0.53,-0.040000000000000036,1,9900
100,0.53,-0.040000000000000036,2,5970
100,0.53,-0.050000000000000044,0,9930
100,0.53,-0.050000000000000044,1,9930
100,0.53,-0.050000000000000044,2,9900
100,0.53,-0.06000000000000005,0,9470
100,0.53,-0.06000000000000005,1,5020
100,0.53,-0.06000000000000005,2,8230
100,0.53,-0.07000000000000006,0,9920
100,0.53,-0.07000000000000006,1,9890
100,0.53,-0.07000000000000006,2,9560
100,0.53,-0.08000000000000007,0,9350
100,0.53,-0.08000000000000007,1,9220
100,0.53,-0.08000000000000007,2,9860
100,0.53,-0.09000000000000008,0,9730
100,0.53,-0.09000000000000008,1,9890
100,0.53,-0.09000000000000008,2,9860
100,0.53,-0.09999999999999998,0,9920
100,0.53,-0.09999999999999998,1,9850
100,0.53,-0.09999999999999998,2,4040
100,0.53,-0.10999999999999999,0,8900
100,0.53,-0.10999999999999999,1,9790
100,0.53,-0.10999999999999999,2,9730
100,0.53,-0.12,0,9780
100,0.53,-0.12,1,9930
100,0.53,-0.12,2,9890
100,0.53,-0.13,0,9760
100,0.53,-0.13,1,9920
100,0.53,-0.13,2,9540
100,0.53,-0.14,0,8560
100,0.53,-0.14,1,9890
100,0.53,-0.14,2,0
100,0.53,-0.15000000000000002,0,9930
100,0.53,-0.15000000000000002,1,9930
100,0.53,-0.15000000000000002,2,9900
100,0.53,-0.16000000000000003,0,9880
100,0.53,-0.16000000000000003,1,9640
100,0.53,-0.16000000000000003,2,9800
100,0.53,-0.17000000000000004,0,9890
100,0.53,-0.17000000000000004,1,9940
100,0.53,-0.17000000000000004,2,9210
100,0.53,-0.18000000000000005,0,9790
100,0.53,-0.18000000000000005,1,9780
100,0.53,-0.18000000000000005,2,9590
100,0.53,-0.19000000000000006,0,9790
100,0.53,-0.19000000000000006,1,9930
100,0.53,-0.19000000000000006,2,9770
100,0.53,-0.20000000000000007,0,9700
100,0.53,-0.20000000000000007,1,9930
100,0.53,-0.20000000000000007,2,9780
100,0.53,-0.21000000000000008,0,9900
100,0.53,-0.21000000000000008,1,7220
100,0.53,-0.21000000000000008,2,9870
100,0.53,-0.22000000000000008,0,9840
100,0.53,-0.22000000000000008,1,9640
100,0.53,-0.22000000000000008,2,9910
100,0.53,-0.22999999999999998,0,9930
100,0.53,-0.22999999999999998,1,9780
100,0.53,-0.22999999999999998,2,9850
100,0.53,-0.24,0,9900
100,0.53,-0.24,1,9940
100,0.53,-0.24,2,9850
100,0.53,-0.25,0,9860
100,0.53,-0.25,1,9860
100,0.53,-0.25,2,9880
100,0.53,-0.26,0,9920
100,0.53,-0.26,1,9920
100,0.53,-0.26,2,9940
100,0.53,-0.27,0,9810
100,0.53,-0.27,1,7950
100,0.53,-0.27,2,8880
100,0.53,-0.28,0,9910
100,0.53,-0.28,1,9750
100,0.53,-0.28,2,9770
100,0.53,-0.29000000000000004,0,9890
100,0.53,-0.29000000000000004,1,7150
100,0.53,-0.29000000000000004,2,9940
100,0.53,-0.30000000000000004,0,9100
100,0.53,-0.30000000000000004,1,9950
100,0.53,-0.30000000000000004,2,9900
100,0.53,-0.31000000000000005,0,9800
100,0.53,-0.31000000000000005,1,9940
100,0.53,-0.31000000000000005,2,9940
100,0.53,-0.32000000000000006,0,9830
100,0.53,-0.32000000000000006,1,9840
100,0.53,-0.32000000000000006,2,9930
100,0.53,-0.33,0,9910
100,0.53,-0.33,1,9870
100,0.53,-0.33,2,9790
100,0.53,-0.34,0,9900
100,0.53,-0.34,1,9770
100,0.53,-0.34,2,9080
100,0.53,-0.35000000000000003,0,9940
100,0.53,-0.35000000000000003,1,9900
100,0.53,-0.35000000000000003,2,9910
100,0.53,-0.36000000000000004,0,8190
100,0.53,-0.36000000000000004,1,9950
100,0.53,-0.36000000000000004,2,9930
100,0.53,-0.37000000000000005,0,9900
100,0.53,-0.37000000000000005,1,9880
100,0.53,-0.37000000000000005,2,9940
100,0.53,-0.38000000000000006,0,9830
100,0.53,-0.38000000000000006,1,9910
100,0.53,-0.38000000000000006,2,9940
100,0.53,-0.39,0,9670
100,0.53,-0.39,1,9800
100,0.53,-0.39,2,9860
100,0.53,-0.41000000000000003,0,9900
100,0.53,-0.41000000000000003,1,9890
100,0.53,-0.41000000000000003,2,9860
100,0.53,-0.42000000000000004,0,9930
100,0.53,-0.42000000000000004,1,9630
100,0.53,-0.42000000000000004,2,9850
100,0.53,-0.43000000000000005,0,9830
100,0.53,-0.43000000000000005,1,9900
100,0.53,-0.43000000000000005,2,9810
100,0.53,-0.44000000000000006,0,5880
100,0.53,-0.44000000000000006,1,9870
100,0.53,-0.44000000000000006,2,9920
100,0.53,-0.45,0,9930
100,0.53,-0.45,1,9910
100,0.53,-0.45,2,9830
100,0.53,-0.46,0,9910
100,0.53,-0.46,1,9850
100,0.53,-0.46,2,9880
100,0.53,-0.47000000000000003,0,9740
100,0.53,-0.47000000000000003,1,9580
100,0.53,-0.47000000000000003,2,9930
100,0.53,-0.48000000000000004,0,9770
100,0.53,-0.48000000000000004,1,9830
100,0.53,-0.48000000000000004,2,9900
100,0.53,-0.49000000000000005,0,9790
100,0.53,-0.49000000000000005,1,9850
100,0.53,-0.49000000000000005,2,9550
100,0.53,-0.4,0,9930
100,0.53,-0.4,1,9930
100,0.53,-0.4,2,9850
100,0.53,-0.51,0,9870
100,0.53,-0.51,1,9920
100,0.53,-0.51,2,9760
100,0.53,-0.52,0,9200
100,0.53,-0.52,1,9100
100,0.53,-0.52,2,9750
100,0.53,-0.53,0,9820
100,0.53,-0.53,1,9850
100,0.53,-0.53,2,9450
100,0.53,-0.54,0,9020
100,0.53,-0.54,1,9890
100,0.53,-0.54,2,7130
100,0.53,-0.55,0,9920
100,0.53,-0.55,1,8800
100,0.53,-0.55,2,9770
100,0.53,-0.56,0,9820
100,0.53,-0.56,1,9500
100,0.53,-0.56,2,9530
100,0.53,-0.5700000000000001,0,9580
100,0.53,-0.5700000000000001,1,9760
100,0.53,-0.5700000000000001,2,9140
100,0.53,-0.5800000000000001,0,9890
100,0.53,-0.5800000000000001,1,6250
100,0.53,-0.5800000000000001,2,9650
100,0.53,-0.5900000000000001,0,9850
100,0.53,-0.5900000000000001,1,9810
100,0.53,-0.5900000000000001,2,9964
100,0.53,-0.5,0,8530
100,0.53,-0.5,1,9930
100,0.53,-0.5,2,9890
100,0.53,-0.6000000000000001,0,9730
100,0.53,-0.6000000000000001,1,9750
100,0.53,-0.6000000000000001,2,9910
100,0.53,-0.6100000000000001,0,6680
100,0.53,-0.6100000000000001,1,9880
100,0.53,-0.6100000000000001,2,9520
100,0.53,-0.6200000000000001,0,9760
100,0.53,-0.6200000000000001,1,7050
100,0.53,-0.6200000000000001,2,4960
100,0.53,-0.63,0,9510
100,0.53,-0.63,1,8910
100,0.53,-0.63,2,9790
100,0.53,-0.64,0,9500
100,0.53,-0.64,1,9740
100,0.53,-0.64,2,9700
100,0.53,-0.65,0,9140
100,0.53,-0.65,1,8990
100,0.53,-0.65,2,0
100,0.53,-0.66,0,9844
100,0.53,-0.66,1,9901
100,0.53,-0.66,2,9890
100,0.53,-0.67,0,7630
100,0.53,-0.67,1,9910
100,0.53,-0.67,2,9930
100,0.53,-0.68,0,9600
100,0.53,-0.68,1,9810
100,0.53,-0.68,2,8480
100,0.53,-0.6900000000000001,0,2280
100,0.53,-0.6900000000000001,1,9460
100,0.53,-0.6900000000000001,2,0
100,0.53,-0.7000000000000001,0,9770
100,0.53,-0.7000000000000001,1,9670
100,0.53,-0.7000000000000001,2,9620
100,0.53,-0.7100000000000001,0,9150
100,0.53,-0.7100000000000001,1,9837
100,0.53,-0.7100000000000001,2,7900
100,0.53,-0.7200000000000001,0,8940
100,0.53,-0.7200000000000001,1,9850
100,0.53,-0.7200000000000001,2,8700
100,0.53,-0.73,0,8230
100,0.53,-0.73,1,460
100,0.53,-0.73,2,9890
100,0.53,-0.74,0,4360
100,0.53,-0.74,1,9840
100,0.53,-0.74,2,0
100,0.53,-0.75,0,6620
100,0.53,-0.75,1,4720
100,0.53,-0.75,2,9710
100,0.53,-0.76,0,9720
100,0.53,-0.76,1,2290
100,0.53,-0.76,2,0
100,0.53,-0.77,0,8330
100,0.53,-0.77,1,200
100,0.53,-0.77,2,9750
100,0.53,-0.78,0,9550
100,0.53,-0.78,1,180
100,0.53,-0.78,2,0
100,0.53,-0.79,0,9890
100,0.53,-0.79,1,210
100,0.53,-0.79,2,0
100,0.53,-0.8,0,9579
100,0.53,-0.8,1,5340
100,0.53,-0.8,2,6150
100,0.53,0.010000000000000009,0,5580
100,0.53,0.010000000000000009,1,9909
100,0.53,0.010000000000000009,2,1990
100,0.53,0.020000000000000018,0,2400
100,0.53,0.020000000000000018,1,2240
100,0.53,0.020000000000000018,2,520
100,0.53,0.030000000000000027,0,1510
100,0.53,0.030000000000000027,1,1220
100,0.53,0.030000000000000027,2,60
100,0.53,0.039999999999999925,0,1070
100,0.53,0.039999999999999925,1,760
100,0.53,0.039999999999999925,2,50
100,0.53,0.04999999999999993,0,830
100,0.53,0.04999999999999993,1,210
100,0.53,0.04999999999999993,2,40
100,0.53,0.05999999999999994,0,670
100,0.53,0.05999999999999994,1,190
100,0.53,0.05999999999999994,2,30
100,0.53,0.06999999999999995,0,110
100,0.53,0.06999999999999995,1,180
100,0.53,0.06999999999999995,2,20
100,0.53,0.07999999999999996,0,100
100,0.53,0.07999999999999996,1,170
100,0.53,0.07999999999999996,2,20
100,0.53,0.08999999999999997,0,90
100,0.53,0.08999999999999997,1,160
100,0.53,0.08999999999999997,2,20
100,0.53,0.09999999999999998,0,80
100,0.53,0.09999999999999998,1,150
100,0.53,0.09999999999999998,2,10
100,0.53,0.0,0,0
100,0.53,0.0,1,0
100,0.53,0.0,2,0
100,0.53,0.10999999999999999,0,80
100,0.53,0.10999999999999999,1,140
100,0.53,0.10999999999999999,2,10
100,0.53,0.12,0,70
100,0.53,0.12,1,130
100,0.53,0.12,2,10
100,0.53,0.13,0,70
100,0.53,0.13,1,120
100,0.53,0.13,2,10
100,0.53,0.14,0,70
100,0.53,0.14,1,120
100,0.53,0.14,2,10
100,0.53,0.15000000000000002,0,60
100,0.53,0.15000000000000002,1,110
100,0.53,0.15000000000000002,2,10
100,0.53,0.15999999999999992,0,60
100,0.53,0.15999999999999992,1,0
100,0.53,0.15999999999999992,2,10
100,0.53,0.16999999999999993,0,60
100,0.53,0.16999999999999993,1,0
100,0.53,0.16999999999999993,2,10
100,0.53,0.17999999999999994,0,50
100,0.53,0.17999999999999994,1,0
100,0.53,0.17999999999999994,2,10
100,0.53,0.18999999999999995,0,50
100,0.53,0.18999999999999995,1,0
100,0.53,0.18999999999999995,2,10
100,0.53,0.2,0,50
100,0.53,0.2,1,0
100,0.53,0.2,2,10
100,0.54,-0.010000000000000009,0,50
100,0.54,-0.010000000000000009,1,70
100,0.54,-0.010000000000000009,2,0
100,0.54,-0.020000000000000018,0,60
100,0.54,-0.020000000000000018,1,110
100,0.54,-0.020000000000000018,2,0
100,0.54,-0.030000000000000027,0,70
100,0.54,-0.030000000000000027,1,110
100,0.54,-0.030000000000000027,2,0
100,0.54,-0.040000000000000036,0,70
100,0.54,-0.040000000000000036,1,6770
100,0.54,-0.040000000000000036,2,0
100,0.54,-0.050000000000000044,0,9880
100,0.54,-0.050000000000000044,1,9930
100,0.54,-0.050000000000000044,2,9910
100,0.54,-0.06000000000000005,0,9620
100,0.54,-0.06000000000000005,1,9900
100,0.54,-0.06000000000000005,2,9870
100,0.54,-0.07000000000000006,0,9900
100,0.54,-0.07000000000000006,1,9400
100,0.54,-0.07000000000000006,2,0
100,0.54,-0.08000000000000007,0,9420
100,0.54,-0.08000000000000007,1,9720
100,0.54,-0.08000000000000007,2,9730
100,0.54,-0.09000000000000008,0,9390
100,0.54,-0.09000000000000008,1,9920
100,0.54,-0.09000000000000008,2,9940
100,0.54,-0.09999999999999998,0,9810
100,0.54,-0.09999999999999998,1,9880
100,0.54,-0.09999999999999998,2,9750
100,0.54,-0.10999999999999999,0,9780
100,0.54,-0.10999999999999999,1,9170
100,0.54,-0.10999999999999999,2,9930
100,0.54,-0.12,0,9860
100,0.54,-0.12,1,9870
100,0.54,-0.12,2,9140
100,0.54,-0.13,0,9910
100,0.54,-0.13,1,9720
100,0.54,-0.13,2,9880
100,0.54,-0.14,0,7400
100,0.54,-0.14,1,9780
100,0.54,-0.14,2,6880
100,0.54,-0.15000000000000002,0,9350
100,0.54,-0.15000000000000002,1,9860
100,0.54,-0.15000000000000002,2,8810
100,0.54,-0.16000000000000003,0,9930
100,0.54,-0.16000000000000003,1,9920
100,0.54,-0.16000000000000003,2,9870
100,0.54,-0.17000000000000004,0,9640
100,0.54,-0.17000000000000004,1,9690
100,0.54,-0.17000000000000004,2,9940
100,0.54,-0.18000000000000005,0,9550
100,0.54,-0.18000000000000005,1,9830
100,0.54,-0.18000000000000005,2,9930
100,0.54,-0.19000000000000006,0,9920
100,0.54,-0.19000000000000006,1,9930
100,0.54,-0.19000000000000006,2,9730
100,0.54,-0.20000000000000007,0,9750
100,0.54,-0.20000000000000007,1,9940
100,0.54,-0.20000000000000007,2,9930
100,0.54,-0.21000000000000008,0,9760
100,0.54,-0.21000000000000008,1,9950
100,0.54,-0.21000000000000008,2,9930
100,0.54,-0.22000000000000008,0,9770
100,0.54,-0.22000000000000008,1,9870
100,0.54,-0.22000000000000008,2,9910
100,0.54,-0.22999999999999998,0,9890
100,0.54,-0.22999999999999998,1,9850
100,0.54,-0.22999999999999998,2,9750
100,0.54,-0.24,0,9760
100,0.54,-0.24,1,9850
100,0.54,-0.24,2,9930
100,0.54,-0.25,0,9820
100,0.54,-0.25,1,9670
100,0.54,-0.25,2,9860
100,0.54,-0.26,0,9560
100,0.54,-0.26,1,9890
100,0.54,-0.26,2,9930
100,0.54,-0.27,0,9920
100,0.54,-0.27,1,9940
100,0.54,-0.27,2,9900
100,0.54,-0.28,0,9920
100,0.54,-0.28,1,9920
100,0.54,-0.28,2,9850
100,0.54,-0.29000000000000004,0,9910
100,0.54,-0.29000000000000004,1,9930
100,0.54,-0.29000000000000004,2,9930
100,0.54,-0.30000000000000004,0,9880
100,0.54,-0.30000000000000004,1,9950
100,0.54,-0.30000000000000004,2,9940
100,0.54,-0.31000000000000005,0,9940
100,0.54,-0.31000000000000005,1,9810
100,0.54,-0.31000000000000005,2,9900
100,0.54,-0.32000000000000006,0,9840
100,0.54,-0.32000000000000006,1,9930
100,0.54,-0.32000000000000006,2,9910
100,0.54,-0.33,0,9900
100,0.54,-0.33,1,9920
100,0.54,-0.33,2,9950
100,0.54,-0.34,0,9740
100,0.54,-0.34,1,9900
100,0.54,-0.34,2,9950
100,0.54,-0.35000000000000003,0,9870
100,0.54,-0.35000000000000003,1,6580
100,0.54,-0.35000000000000003,2,9930
100,0.54,-0.36000000000000004,0,9950
100,0.54,-0.36000000000000004,1,9940
100,0.54,-0.36000000000000004,2,9940
100,0.54,-0.37000000000000005,0,8010
100,0.54,-0.37000000000000005,1,9820
100,0.54,-0.37000000000000005,2,9770
100,0.54,-0.38000000000000006,0,9780
100,0.54,-0.38000000000000006,1,6810
100,0.54,-0.38000000000000006,2,7520
100,0.54,-0.39,0,9650
100,0.54,-0.39,1,9720
100,0.54,-0.39,2,9780
100,0.54,-0.41000000000000003,0,9940
100,0.54,-0.41000000000000003,1,9930
100,0.54,-0.41000000000000003,2,9790
100,0.54,-0.42000000000000004,0,9890
100,0.54,-0.42000000000000004,1,9950
100,0.54,-0.42000000000000004,2,9940
100,0.54,-0.43000000000000005,0,9930
100,0.54,-0.43000000000000005,1,9850
100,0.54,-0.43000000000000005,2,9850
100,0.54,-0.44000000000000006,0,9930
100,0.54,-0.44000000000000006,1,9880
100,0.54,-0.44000000000000006,2,9900
100,0.54,-0.45,0,9770
100,0.54,-0.45,1,9770
100,0.54,-0.45,2,9910
100,0.54,-0.46,0,9930
100,0.54,-0.46,1,9910
100,0.54,-0.46,2,9600
100,0.54,-0.47000000000000003,0,9720
100,0.54,-0.47000000000000003,1,9730
100,0.54,-0.47000000000000003,2,9900
100,0.54,-0.48000000000000004,0,9890
100,0.54,-0.48000000000000004,1,9840
100,0.54,-0.48000000000000004,2,9900
100,0.54,-0.49000000000000005,0,9910
100,0.54,-0.49000000000000005,1,9920
100,0.54,-0.49000000000000005,2,9450
100,0.54,-0.4,0,9870
100,0.54,-0.4,1,9890
100,0.54,-0.4,2,9860
100,0.54,-0.51,0,9690
100,0.54,-0.51,1,9900
100,0.54,-0.51,2,9900
100,0.54,-0.52,0,9580
100,0.54,-0.52,1,9530
100,0.54,-0.52,2,9830
100,0.54,-0.53,0,9830
100,0.54,-0.53,1,9890
100,0.54,-0.53,2,9930
100,0.54,-0.54,0,9880
100,0.54,-0.54,1,9830
100,0.54,-0.54,2,9900
100,0.54,-0.55,0,9606
100,0.54,-0.55,1,9755
100,0.54,-0.55,2,9830
100,0.54,-0.56,0,9710
100,0.54,-0.56,1,8810
100,0.54,-0.56,2,9890
100,0.54,-0.5700000000000001,0,9810
100,0.54,-0.5700000000000001,1,7770
100,0.54,-0.5700000000000001,2,9780
100,0.54,-0.5800000000000001,0,9620
100,0.54,-0.5800000000000001,1,9810
100,0.54,-0.5800000000000001,2,9870
100,0.54,-0.5900000000000001,0,9360
100,0.54,-0.5900000000000001,1,9740
100,0.54,-0.5900000000000001,2,9560
100,0.54,-0.5,0,9850
100,0.54,-0.5,1,9860
100,0.54,-0.5,2,8070
100,0.54,-0.6000000000000001,0,9820
100,0.54,-0.6000000000000001,1,9710
100,0.54,-0.6000000000000001,2,2550
100,0.54,-0.6100000000000001,0,9780
100,0.54,-0.6100000000000001,1,9770
100,0.54,-0.6100000000000001,2,9830
100,0.54,-0.6200000000000001,0,9780
100,0.54,-0.6200000000000001,1,9590
100,0.54,-0.6200000000000001,2,9940
100,0.54,-0.63,0,5320
100,0.54,-0.63,1,8830
100,0.54,-0.63,2,9860
100,0.54,-0.64,0,9530
100,0.54,-0.64,1,9390
100,0.54,-0.64,2,9810
100,0.54,-0.65,0,9880
100,0.54,-0.65,1,9910
100,0.54,-0.65,2,9940
100,0.54,-0.66,0,9840
100,0.54,-0.66,1,9900
100,0.54,-0.66,2,5230
100,0.54,-0.67,0,9840
100,0.54,-0.67,1,9270
100,0.54,-0.67,2,8760
100,0.54,-0.68,0,8880
100,0.54,-0.68,1,7080
100,0.54,-0.68,2,9820
100,0.54,-0.6900000000000001,0,9820
100,0.54,-0.6900000000000001,1,9920
100,0.54,-0.6900000000000001,2,9590
100,0.54,-0.7000000000000001,0,9490
100,0.54,-0.7000000000000001,1,9530
100,0.54,-0.7000000000000001,2,6460
100,0.54,-0.7100000000000001,0,9580
100,0.54,-0.7100000000000001,1,9460
100,0.54,-0.7100000000000001,2,9850
100,0.54,-0.7200000000000001,0,9650
100,0.54,-0.7200000000000001,1,2230
100,0.54,-0.7200000000000001,2,9580
100,0.54,-0.73,0,9920
100,0.54,-0.73,1,460
100,0.54,-0.73,2,9630
100,0.54,-0.74,0,9850
100,0.54,-0.74,1,5020
100,0.54,-0.74,2,0
100,0.54,-0.75,0,2060
100,0.54,-0.75,1,9590
100,0.54,-0.75,2,5640
100,0.54,-0.76,0,0
100,0.54,-0.76,1,180
100,0.54,-0.76,2,0
100,0.54,-0.77,0,6150
100,0.54,-0.77,1,1130
100,0.54,-0.77,2,0
100,0.54,-0.78,0,2090
100,0.54,-0.78,1,8970
100,0.54,-0.78,2,0
100,0.54,-0.79,0,9780
100,0.54,-0.79,1,9160
100,0.54,-0.79,2,9160
100,0.54,-0.8,0,9030
100,0.54,-0.8,1,8210
100,0.54,-0.8,2,9180
100,0.54,0.010000000000000009,0,5610
100,0.54,0.010000000000000009,1,5830
100,0.54,0.010000000000000009,2,1990
100,0.54,0.020000000000000018,0,2410
100,0.54,0.020000000000000018,1,2230
100,0.54,0.020000000000000018,2,530
100,0.54,0.030000000000000027,0,1510
100,0.54,0.030000000000000027,1,1240
100,0.54,0.030000000000000027,2,60
100,0.54,0.039999999999999925,0,1090
100,0.54,0.039999999999999925,1,760
100,0.54,0.039999999999999925,2,50
100,0.54,0.04999999999999993,0,860
100,0.54,0.04999999999999993,1,200
100,0.54,0.04999999999999993,2,40
100,0.54,0.05999999999999994,0,680
100,0.54,0.05999999999999994,1,190
100,0.54,0.05999999999999994,2,30
100,0.54,0.06999999999999995,0,100
100,0.54,0.06999999999999995,1,180
100,0.54,0.06999999999999995,2,20
100,0.54,0.07999999999999996,0,90
100,0.54,0.07999999999999996,1,160
100,0.54,0.07999999999999996,2,20
100,0.54,0.08999999999999997,0,90
100,0.54,0.08999999999999997,1,150
100,0.54,0.08999999999999997,2,20
100,0.54,0.09999999999999998,0,80
100,0.54,0.09999999999999998,1,140
100,0.54,0.09999999999999998,2,10
100,0.54,0.0,0,0
100,0.54,0.0,1,0
100,0.54,0.0,2,0
100,0.54,0.10999999999999999,0,80
100,0.54,0.10999999999999999,1,130
100,0.54,0.10999999999999999,2,10
100,0.54,0.12,0,70
100,0.54,0.12,1,130
100,0.54,0.12,2,10
100,0.54,0.13,0,70
100,0.54,0.13,1,120
100,0.54,0.13,2,10
100,0.54,0.14,0,60
100,0.54,0.14,1,120
100,0.54,0.14,2,10
100,0.54,0.15000000000000002,0,60
100,0.54,0.15000000000000002,1,110
100,0.54,0.15000000000000002,2,10
100,0.54,0.15999999999999992,0,60
100,0.54,0.15999999999999992,1,0
100,0.54,0.15999999999999992,2,10
100,0.54,0.16999999999999993,0,60
100,0.54,0.16999999999999993,1,0
100,0.54,0.16999999999999993,2,10
100,0.54,0.17999999999999994,0,50
100,0.54,0.17999999999999994,1,0
100,0.54,0.17999999999999994,2,10
100,0.54,0.18999999999999995,0,50
100,0.54,0.18999999999999995,1,0
100,0.54,0.18999999999999995,2,10
100,0.54,0.2,0,50
100,0.54,0.2,1,0
100,0.54,0.2,2,10
100,0.55,-0.010000000000000009,0,50
100,0.55,-0.010000000000000009,1,70
100,0.55,-0.010000000000000009,2,0
100,0.55,-0.020000000000000018,0,60
100,0.55,-0.020000000000000018,1,100
100,0.55,-0.020000000000000018,2,0
100,0.55,-0.030000000000000027,0,7520
100,0.55,-0.030000000000000027,1,110
100,0.55,-0.030000000000000027,2,0
100,0.55,-0.040000000000000036,0,70
100,0.55,-0.040000000000000036,1,110
100,0.55,-0.040000000000000036,2,0
100,0.55,-0.050000000000000044,0,70
100,0.55,-0.050000000000000044,1,9840
100,0.55,-0.050000000000000044,2,9760
100,0.55,-0.06000000000000005,0,9030
100,0.55,-0.06000000000000005,1,9900
100,0.55,-0.06000000000000005,2,0
100,0.55,-0.07000000000000006,0,9760
100,0.55,-0.07000000000000006,1,9920
100,0.55,-0.07000000000000006,2,0
100,0.55,-0.08000000000000007,0,9700
100,0.55,-0.08000000000000007,1,8860
100,0.55,-0.08000000000000007,2,9890
100,0.55,-0.09000000000000008,0,9780
100,0.55,-0.09000000000000008,1,9940
100,0.55,-0.09000000000000008,2,9830
100,0.55,-0.09999999999999998,0,9900
100,0.55,-0.09999999999999998,1,9910
100,0.55,-0.09999999999999998,2,0
100,0.55,-0.10999999999999999,0,2150
100,0.55,-0.10999999999999999,1,9630
100,0.55,-0.10999999999999999,2,9630
100,0.55,-0.12,0,9910
100,0.55,-0.12,1,9600
100,0.55,-0.12,2,9600
100,0.55,-0.13,0,9850
100,0.55,-0.13,1,9790
100,0.55,-0.13,2,7120
100,0.55,-0.14,0,9800
100,0.55,-0.14,1,9900
100,0.55,-0.14,2,9570
100,0.55,-0.15000000000000002,0,2610
100,0.55,-0.15000000000000002,1,9320
100,0.55,-0.15000000000000002,2,9890
100,0.55,-0.16000000000000003,0,9930
100,0.55,-0.16000000000000003,1,9910
100,0.55,-0.16000000000000003,2,0
100,0.55,-0.17000000000000004,0,9930
100,0.55,-0.17000000000000004,1,9720
100,0.55,-0.17000000000000004,2,9760
100,0.55,-0.18000000000000005,0,1660
100,0.55,-0.18000000000000005,1,9940
100,0.55,-0.18000000000000005,2,9920
100,0.55,-0.19000000000000006,0,9710
100,0.55,-0.19000000000000006,1,9660
100,0.55,-0.19000000000000006,2,7220
100,0.55,-0.20000000000000007,0,9930
100,0.55,-0.20000000000000007,1,9840
100,0.55,-0.20000000000000007,2,9880
100,0.55,-0.21000000000000008,0,9710
100,0.55,-0.21000000000000008,1,9860
100,0.55,-0.21000000000000008,2,9830
100,0.55,-0.22000000000000008,0,9560
100,0.55,-0.22000000000000008,1,9480
100,0.55,-0.22000000000000008,2,9890
100,0.55,-0.22999999999999998,0,9940
100,0.55,-0.22999999999999998,1,9770
100,0.55,-0.22999999999999998,2,9830
100,0.55,-0.24,0,9850
100,0.55,-0.24,1,9780
100,0.55,-0.24,2,9940
100,0.55,-0.25,0,9650
100,0.55,-0.25,1,9910
100,0.55,-0.25,2,6850
100,0.55,-0.26,0,9870
100,0.55,-0.26,1,9840
100,0.55,-0.26,2,9900
100,0.55,-0.27,0,7340
100,0.55,-0.27,1,9890
100,0.55,-0.27,2,9920
100,0.55,-0.28,0,9950
100,0.55,-0.28,1,9700
100,0.55,-0.28,2,9900
100,0.55,-0.29000000000000004,0,9900
100,0.55,-0.29000000000000004,1,7970
100,0.55,-0.29000000000000004,2,9900
100,0.55,-0.30000000000000004,0,5400
100,0.55,-0.30000000000000004,1,9890
100,0.55,-0.30000000000000004,2,9860
100,0.55,-0.31000000000000005,0,9830
100,0.55,-0.31000000000000005,1,9940
100,0.55,-0.31000000000000005,2,9850
100,0.55,-0.32000000000000006,0,5810
100,0.55,-0.32000000000000006,1,9490
100,0.55,-0.32000000000000006,2,9850
100,0.55,-0.33,0,9880
100,0.55,-0.33,1,9880
100,0.55,-0.33,2,9870
100,0.55,-0.34,0,9760
100,0.55,-0.34,1,9870
100,0.55,-0.34,2,9900
100,0.55,-0.35000000000000003,0,7110
100,0.55,-0.35000000000000003,1,7650
100,0.55,-0.35000000000000003,2,9810
100,0.55,-0.36000000000000004,0,9940
100,0.55,-0.36000000000000004,1,9770
100,0.55,-0.36000000000000004,2,9890
100,0.55,-0.37000000000000005,0,6150
100,0.55,-0.37000000000000005,1,9860
100,0.55,-0.37000000000000005,2,9900
100,0.55,-0.38000000000000006,0,9850
100,0.55,-0.38000000000000006,1,9920
100,0.55,-0.38000000000000006,2,9900
100,0.55,-0.39,0,9640
100,0.55,-0.39,1,9910
100,0.55,-0.39,2,9910
100,0.55,-0.41000000000000003,0,9930
100,0.55,-0.41000000000000003,1,9860
100,0.55,-0.41000000000000003,2,9920
100,0.55,-0.42000000000000004,0,9850
100,0.55,-0.42000000000000004,1,9890
100,0.55,-0.42000000000000004,2,9910
100,0.55,-0.43000000000000005,0,9900
100,0.55,-0.43000000000000005,1,9400
100,0.55,-0.43000000000000005,2,6980
100,0.55,-0.44000000000000006,0,9920
100,0.55,-0.44000000000000006,1,9880
100,0.55,-0.44000000000000006,2,9930
100,0.55,-0.45,0,9930
100,0.55,-0.45,1,9940
100,0.55,-0.45,2,9940
100,0.55,-0.46,0,9950
100,0.55,-0.46,1,9920
100,0.55,-0.46,2,9910
100,0.55,-0.47000000000000003,0,9920
100,0.55,-0.47000000000000003,1,9900
100,0.55,-0.47000000000000003,2,9780
100,0.55,-0.48000000000000004,0,9850
100,0.55,-0.48000000000000004,1,9830
100,0.55,-0.48000000000000004,2,9930
100,0.55,-0.49000000000000005,0,9889
100,0.55,-0.49000000000000005,1,9870
100,0.55,-0.49000000000000005,2,9930
100,0.55,-0.4,0,9910
100,0.55,-0.4,1,9890
100,0.55,-0.4,2,9830
100,0.55,-0.51,0,9860
100,0.55,-0.51,1,9890
100,0.55,-0.51,2,9850
100,0.55,-0.52,0,9910
100,0.55,-0.52,1,9920
100,0.55,-0.52,2,9830
100,0.55,-0.53,0,9910
100,0.55,-0.53,1,9860
100,0.55,-0.53,2,9652
100,0.55,-0.54,0,9890
100,0.55,-0.54,1,9750
100,0.55,-0.54,2,9840
100,0.55,-0.55,0,9610
100,0.55,-0.55,1,9690
100,0.55,-0.55,2,9690
100,0.55,-0.56,0,9710
100,0.55,-0.56,1,9880
100,0.55,-0.56,2,8850
100,0.55,-0.5700000000000001,0,9710
100,0.55,-0.5700000000000001,1,9640
100,0.55,-0.5700000000000001,2,9670
100,0.55,-0.5800000000000001,0,9910
100,0.55,-0.5800000000000001,1,9810
100,0.55,-0.5800000000000001,2,6720
100,0.55,-0.5900000000000001,0,9560
100,0.55,-0.5900000000000001,1,9920
100,0.55,-0.5900000000000001,2,7330
100,0.55,-0.5,0,8650
100,0.55,-0.5,1,9930
100,0.55,-0.5,2,9870
100,0.55,-0.6000000000000001,0,9910
100,0.55,-0.6000000000000001,1,9820
100,0.55,-0.6000000000000001,2,8390
100,0.55,-0.6100000000000001,0,9210
100,0.55,-0.6100000000000001,1,9860
100,0.55,-0.6100000000000001,2,9740
100,0.55,-0.6200000000000001,0,9890
100,0.55,-0.6200000000000001,1,9660
100,0.55,-0.6200000000000001,2,9660
100,0.55,-0.63,0,9700
100,0.55,-0.63,1,9910
100,0.55,-0.63,2,9860
100,0.55,-0.64,0,9190
100,0.55,-0.64,1,9620
100,0.55,-0.64,2,9890
100,0.55,-0.65,0,8240
100,0.55,-0.65,1,9750
100,0.55,-0.65,2,9590
100,0.55,-0.66,0,9010
100,0.55,-0.66,1,7710
100,0.55,-0.66,2,9860
100,0.55,-0.67,0,7770
100,0.55,-0.67,1,9630
100,0.55,-0.67,2,9040
100,0.55,-0.68,0,9760
100,0.55,-0.68,1,9340
100,0.55,-0.68,2,0
100,0.55,-0.6900000000000001,0,9190
100,0.55,-0.6900000000000001,1,9890
100,0.55,-0.6900000000000001,2,9380
100,0.55,-0.7000000000000001,0,8140
100,0.55,-0.7000000000000001,1,9800
100,0.55,-0.7000000000000001,2,9810
100,0.55,-0.7100000000000001,0,9870
100,0.55,-0.7100000000000001,1,9860
100,0.55,-0.7100000000000001,2,5850
100,0.55,-0.7200000000000001,0,3240
100,0.55,-0.7200000000000001,1,7490
100,0.55,-0.7200000000000001,2,9250
100,0.55,-0.73,0,9710
100,0.55,-0.73,1,9820
100,0.55,-0.73,2,0
100,0.55,-0.74,0,9220
100,0.55,-0.74,1,9900
100,0.55,-0.74,2,9500
100,0.55,-0.75,0,4980
100,0.55,-0.75,1,340
100,0.55,-0.75,2,0
100,0.55,-0.76,0,7220
100,0.55,-0.76,1,190
100,0.55,-0.76,2,8480
100,0.55,-0.77,0,9940
100,0.55,-0.77,1,9460
100,0.55,-0.77,2,9060
100,0.55,-0.78,0,2680
100,0.55,-0.78,1,210
100,0.55,-0.78,2,5980
100,0.55,-0.79,0,9580
100,0.55,-0.79,1,9160
100,0.55,-0.79,2,0
100,0.55,-0.8,0,9860
100,0.55,-0.8,1,160
100,0.55,-0.8,2,0
100,0.55,0.010000000000000009,0,5620
100,0.55,0.010000000000000009,1,5840
100,0.55,0.010000000000000009,2,1990
100,0.55,0.020000000000000018,0,2430
100,0.55,0.020000000000000018,1,2210
100,0.55,0.020000000000000018,2,530
100,0.55,0.030000000000000027,0,1550
100,0.55,0.030000000000000027,1,1250
100,0.55,0.030000000000000027,2,60
100,0.55,0.039999999999999925,0,1100
100,0.55,0.039999999999999925,1,770
100,0.55,0.039999999999999925,2,40
100,0.55,0.04999999999999993,0,860
100,0.55,0.04999999999999993,1,200
100,0.55,0.04999999999999993,2,40
100,0.55,0.05999999999999994,0,690
100,0.55,0.05999999999999994,1,190
100,0.55,0.05999999999999994,2,30
100,0.55,0.06999999999999995,0,100
100,0.55,0.06999999999999995,1,170
100,0.55,0.06999999999999995,2,20
100,0.55,0.07999999999999996,0,90
100,0.55,0.07999999999999996,1,160
100,0.55,0.07999999999999996,2,20
100,0.55,0.08999999999999997,0,90
100,0.55,0.08999999999999997,1,150
100,0.55,0.08999999999999997,2,20
100,0.55,0.09999999999999998,0,80
100,0.55,0.09999999999999998,1,140
100,0.55,0.09999999999999998,2,10
100,0.55,0.0,0,0
100,0.55,0.0,1,0
100,0.55,0.0,2,0
100,0.55,0.10999999999999999,0,80
100,0.55,0.10999999999999999,1,130
100,0.55,0.10999999999999999,2,10
100,0.55,0.12,0,70
100,0.55,0.12,1,130
100,0.55,0.12,2,10
100,0.55,0.13,0,70
100,0.55,0.13,1,120
100,0.55,0.13,2,10
100,0.55,0.14,0,60
100,0.55,0.14,1,120
100,0.55,0.14,2,10
100,0.55,0.15000000000000002,0,60
100,0.55,0.15000000000000002,1,40
100,0.55,0.15000000000000002,2,10
100,0.55,0.15999999999999992,0,60
100,0.55,0.15999999999999992,1,0
100,0.55,0.15999999999999992,2,10
100,0.55,0.16999999999999993,0,60
100,0.55,0.16999999999999993,1,0
100,0.55,0.16999999999999993,2,10
100,0.55,0.17999999999999994,0,50
100,0.55,0.17999999999999994,1,0
100,0.55,0.17999999999999994,2,10
100,0.55,0.18999999999999995,0,50
100,0.55,0.18999999999999995,1,0
100,0.55,0.18999999999999995,2,10
100,0.55,0.2,0,50
100,0.55,0.2,1,0
100,0.55,0.2,2,10
100,0.56,-0.010000000000000009,0,40
100,0.56,-0.010000000000000009,1,70
100,0.56,-0.010000000000000009,2,0
100,0.56,-0.020000000000000018,0,50
100,0.56,-0.020000000000000018,1,100
100,0.56,-0.020000000000000018,2,0
100,0.56,-0.030000000000000027,0,60
100,0.56,-0.030000000000000027,1,90
100,0.56,-0.030000000000000027,2,0
100,0.56,-0.040000000000000036,0,4870
100,0.56,-0.040000000000000036,1,9837
100,0.56,-0.040000000000000036,2,7730
100,0.56,-0.050000000000000044,0,9000
100,0.56,-0.050000000000000044,1,9570
100,0.56,-0.050000000000000044,2,0
100,0.56,-0.06000000000000005,0,9930
100,0.56,-0.06000000000000005,1,9080
100,0.56,-0.06000000000000005,2,7370
100,0.56,-0.07000000000000006,0,9940
100,0.56,-0.07000000000000006,1,9800
100,0.56,-0.07000000000000006,2,9580
100,0.56,-0.08000000000000007,0,9590
100,0.56,-0.08000000000000007,1,9830
100,0.56,-0.08000000000000007,2,9100
100,0.56,-0.09000000000000008,0,9450
100,0.56,-0.09000000000000008,1,9870
100,0.56,-0.09000000000000008,2,9790
100,0.56,-0.09999999999999998,0,9640
100,0.56,-0.09999999999999998,1,9810
100,0.56,-0.09999999999999998,2,9590
100,0.56,-0.10999999999999999,0,460
100,0.56,-0.10999999999999999,1,9660
100,0.56,-0.10999999999999999,2,9840
100,0.56,-0.12,0,9760
100,0.56,-0.12,1,8770
100,0.56,-0.12,2,8830
100,0.56,-0.13,0,9520
100,0.56,-0.13,1,9620
100,0.56,-0.13,2,0
100,0.56,-0.14,0,9930
100,0.56,-0.14,1,9920
100,0.56,-0.14,2,3880
100,0.56,-0.15000000000000002,0,9820
100,0.56,-0.15000000000000002,1,9740
100,0.56,-0.15000000000000002,2,9900
100,0.56,-0.16000000000000003,0,9940
100,0.56,-0.16000000000000003,1,9930
100,0.56,-0.16000000000000003,2,8580
100,0.56,-0.17000000000000004,0,9680
100,0.56,-0.17000000000000004,1,9940
100,0.56,-0.17000000000000004,2,7270
100,0.56,-0.18000000000000005,0,9810
100,0.56,-0.18000000000000005,1,9930
100,0.56,-0.18000000000000005,2,9820
100,0.56,-0.19000000000000006,0,9650
100,0.56,-0.19000000000000006,1,9550
100,0.56,-0.19000000000000006,2,9910
100,0.56,-0.20000000000000007,0,9930
100,0.56,-0.20000000000000007,1,9800
100,0.56,-0.20000000000000007,2,9820
100,0.56,-0.21000000000000008,0,9860
100,0.56,-0.21000000000000008,1,9850
100,0.56,-0.21000000000000008,2,9900
100,0.56,-0.22000000000000008,0,9690
100,0.56,-0.22000000000000008,1,9910
100,0.56,-0.22000000000000008,2,9870
100,0.56,-0.22999999999999998,0,9910
100,0.56,-0.22999999999999998,1,9900
100,0.56,-0.22999999999999998,2,9860
100,0.56,-0.24,0,9810
100,0.56,-0.24,1,9830
100,0.56,-0.24,2,9690
100,0.56,-0.25,0,9340
100,0.56,-0.25,1,9690
100,0.56,-0.25,2,9870
100,0.56,-0.26,0,9240
100,0.56,-0.26,1,6440
100,0.56,-0.26,2,9820
100,0.56,-0.27,0,9910
100,0.56,-0.27,1,9940
100,0.56,-0.27,2,9940
100,0.56,-0.28,0,8510
100,0.56,-0.28,1,9910
100,0.56,-0.28,2,8560
100,0.56,-0.29000000000000004,0,9800
100,0.56,-0.29000000000000004,1,9680
100,0.56,-0.29000000000000004,2,8110
100,0.56,-0.30000000000000004,0,9900
100,0.56,-0.30000000000000004,1,9790
100,0.56,-0.30000000000000004,2,7830
100,0.56,-0.31000000000000005,0,9950
100,0.56,-0.31000000000000005,1,9730
100,0.56,-0.31000000000000005,2,9940
100,0.56,-0.32000000000000006,0,9880
100,0.56,-0.32000000000000006,1,9660
100,0.56,-0.32000000000000006,2,9940
100,0.56,-0.33,0,9770
100,0.56,-0.33,1,9950
100,0.56,-0.33,2,9840
100,0.56,-0.34,0,9910
100,0.56,-0.34,1,9800
100,0.56,-0.34,2,9880
100,0.56,-0.35000000000000003,0,6480
100,0.56,-0.35000000000000003,1,9820
100,0.56,-0.35000000000000003,2,9930
100,0.56,-0.36000000000000004,0,9890
100,0.56,-0.36000000000000004,1,9880
100,0.56,-0.36000000000000004,2,9820
100,0.56,-0.37000000000000005,0,9900
100,0.56,-0.37000000000000005,1,9310
100,0.56,-0.37000000000000005,2,9940
100,0.56,-0.38000000000000006,0,9870
100,0.56,-0.38000000000000006,1,6860
100,0.56,-0.38000000000000006,2,9920
100,0.56,-0.39,0,5130
100,0.56,-0.39,1,5520
100,0.56,-0.39,2,9790
100,0.56,-0.41000000000000003,0,8430
100,0.56,-0.41000000000000003,1,9880
100,0.56,-0.41000000000000003,2,9910
100,0.56,-0.42000000000000004,0,9850
100,0.56,-0.42000000000000004,1,9670
100,0.56,-0.42000000000000004,2,9940
100,0.56,-0.43000000000000005,0,9940
100,0.56,-0.43000000000000005,1,9940
100,0.56,-0.43000000000000005,2,9870
100,0.56,-0.44000000000000006,0,9920
100,0.56,-0.44000000000000006,1,9830
100,0.56,-0.44000000000000006,2,9910
100,0.56,-0.45,0,9900
100,0.56,-0.45,1,9900
100,0.56,-0.45,2,9690
100,0.56,-0.46,0,9900
100,0.56,-0.46,1,8830
100,0.56,-0.46,2,9900
100,0.56,-0.47000000000000003,0,9920
100,0.56,-0.47000000000000003,1,9190
100,0.56,-0.47000000000000003,2,9870
100,0.56,-0.48000000000000004,0,9950
100,0.56,-0.48000000000000004,1,9800
100,0.56,-0.48000000000000004,2,9920
100,0.56,-0.49000000000000005,0,9900
100,0.56,-0.49000000000000005,1,9500
100,0.56,-0.49000000000000005,2,9920
100,0.56,-0.4,0,9760
100,0.56,-0.4,1,9910
100,0.56,-0.4,2,9900
100,0.56,-0.51,0,9940
100,0.56,-0.51,1,9910
100,0.56,-0.51,2,9840
100,0.56,-0.52,0,6760
100,0.56,-0.52,1,9820
100,0.56,-0.52,2,9810
100,0.56,-0.53,0,9940
100,0.56,-0.53,1,9890
100,0.56,-0.53,2,9930
100,0.56,-0.54,0,9880
100,0.56,-0.54,1,9870
100,0.56,-0.54,2,9790
100,0.56,-0.55,0,9270
100,0.56,-0.55,1,9910
100,0.56,-0.55,2,9890
100,0.56,-0.56,0,9976
100,0.56,-0.56,1,9490
100,0.56,-0.56,2,8790
100,0.56,-0.5700000000000001,0,9850
100,0.56,-0.5700000000000001,1,9900
100,0.56,-0.5700000000000001,2,7550
100,0.56,-0.5800000000000001,0,9620
100,0.56,-0.5800000000000001,1,9810
100,0.56,-0.5800000000000001,2,9920
100,0.56,-0.5900000000000001,0,9450
100,0.56,-0.5900000000000001,1,9900
100,0.56,-0.5900000000000001,2,9710
100,0.56,-0.5,0,7770
100,0.56,-0.5,1,9840
100,0.56,-0.5,2,9920
100,0.56,-0.6000000000000001,0,8080
100,0.56,-0.6000000000000001,1,9760
100,0.56,-0.6000000000000001,2,9930
100,0.56,-0.6100000000000001,0,9010
100,0.56,-0.6100000000000001,1,9780
100,0.56,-0.6100000000000001,2,9910
100,0.56,-0.6200000000000001,0,9790
100,0.56,-0.6200000000000001,1,9600
100,0.56,-0.6200000000000001,2,9730
100,0.56,-0.63,0,9540
100,0.56,-0.63,1,9890
100,0.56,-0.63,2,9430
100,0.56,-0.64,0,9100
100,0.56,-0.64,1,9830
100,0.56,-0.64,2,8830
100,0.56,-0.65,0,9680
100,0.56,-0.65,1,9590
100,0.56,-0.65,2,9440
100,0.56,-0.66,0,9700
100,0.56,-0.66,1,9803
100,0.56,-0.66,2,9910
100,0.56,-0.67,0,9860
100,0.56,-0.67,1,9560
100,0.56,-0.67,2,9830
100,0.56,-0.68,0,9880
100,0.56,-0.68,1,9930
100,0.56,-0.68,2,9810
100,0.56,-0.6900000000000001,0,9780
100,0.56,-0.6900000000000001,1,9820
100,0.56,-0.6900000000000001,2,7320
100,0.56,-0.7000000000000001,0,9880
100,0.56,-0.7000000000000001,1,9915
100,0.56,-0.7000000000000001,2,9770
100,0.56,-0.7100000000000001,0,9850
100,0.56,-0.7100000000000001,1,9280
100,0.56,-0.7100000000000001,2,9780
100,0.56,-0.7200000000000001,0,8020
100,0.56,-0.7200000000000001,1,9410
100,0.56,-0.7200000000000001,2,9990
100,0.56,-0.73,0,9580
100,0.56,-0.73,1,9410
100,0.56,-0.73,2,8050
100,0.56,-0.74,0,9830
100,0.56,-0.74,1,9930
100,0.56,-0.74,2,9900
100,0.56,-0.75,0,9740
100,0.56,-0.75,1,7400
100,0.56,-0.75,2,9450
100,0.56,-0.76,0,9880
100,0.56,-0.76,1,2810
100,0.56,-0.76,2,8870
100,0.56,-0.77,0,9660
100,0.56,-0.77,1,900
100,0.56,-0.77,2,7950
100,0.56,-0.78,0,9913
100,0.56,-0.78,1,9420
100,0.56,-0.78,2,2930
100,0.56,-0.79,0,9900
100,0.56,-0.79,1,6930
100,0.56,-0.79,2,0
100,0.56,-0.8,0,6500
100,0.56,-0.8,1,9140
100,0.56,-0.8,2,9850
100,0.56,0.010000000000000009,0,5650
100,0.56,0.010000000000000009,1,5830
100,0.56,0.010000000000000009,2,2000
100,0.56,0.020000000000000018,0,2440
100,0.56,0.020000000000000018,1,2230
100,0.56,0.020000000000000018,2,530
100,0.56,0.030000000000000027,0,1560
100,0.56,0.030000000000000027,1,1260
100,0.56,0.030000000000000027,2,60
100,0.56,0.039999999999999925,0,1120
100,0.56,0.039999999999999925,1,780
100,0.56,0.039999999999999925,2,40
100,0.56,0.04999999999999993,0,880
100,0.56,0.04999999999999993,1,500
100,0.56,0.04999999999999993,2,40
100,0.56,0.05999999999999994,0,700
100,0.56,0.05999999999999994,1,180
100,0.56,0.05999999999999994,2,30
100,0.56,0.06999999999999995,0,100
100,0.56,0.06999999999999995,1,170
100,0.56,0.06999999999999995,2,20
100,0.56,0.07999999999999996,0,90
100,0.56,0.07999999999999996,1,160
100,0.56,0.07999999999999996,2,20
100,0.56,0.08999999999999997,0,90
100,0.56,0.08999999999999997,1,150
100,0.56,0.08999999999999997,2,20
100,0.56,0.09999999999999998,0,80
100,0.56,0.09999999999999998,1,140
100,0.56,0.09999999999999998,2,10
100,0.56,0.0,0,0
100,0.56,0.0,1,0
100,0.56,0.0,2,0
100,0.56,0.10999999999999999,0,70
100,0.56,0.10999999999999999,1,130
100,0.56,0.10999999999999999,2,10
100,0.56,0.12,0,70
100,0.56,0.12,1,120
100,0.56,0.12,2,10
100,0.56,0.13,0,70
100,0.56,0.13,1,120
100,0.56,0.13,2,10
100,0.56,0.14,0,60
100,0.56,0.14,1,110
100,0.56,0.14,2,10
100,0.56,0.15000000000000002,0,60
100,0.56,0.15000000000000002,1,40
100,0.56,0.15000000000000002,2,10
100,0.56,0.15999999999999992,0,60
100,0.56,0.15999999999999992,1,0
100,0.56,0.15999999999999992,2,10
100,0.56,0.16999999999999993,0,50
100,0.56,0.16999999999999993,1,0
100,0.56,0.16999999999999993,2,10
100,0.56,0.17999999999999994,0,50
100,0.56,0.17999999999999994,1,0
100,0.56,0.17999999999999994,2,10
100,0.56,0.18999999999999995,0,50
100,0.56,0.18999999999999995,1,0
100,0.56,0.18999999999999995,2,10
100,0.56,0.2,0,50
100,0.56,0.2,1,0
100,0.56,0.2,2,10
100,0.5700000000000001,-0.010000000000000009,0,40
100,0.5700000000000001,-0.010000000000000009,1,9975
100,0.5700000000000001,-0.010000000000000009,2,0
100,0.5700000000000001,-0.020000000000000018,0,5320
100,0.5700000000000001,-0.020000000000000018,1,90
100,0.5700000000000001,-0.020000000000000018,2,0
100,0.5700000000000001,-0.030000000000000027,0,50
100,0.5700000000000001,-0.030000000000000027,1,90
100,0.5700000000000001,-0.030000000000000027,2,0
100,0.5700000000000001,-0.040000000000000036,0,60
100,0.5700000000000001,-0.040000000000000036,1,8920
100,0.5700000000000001,-0.040000000000000036,2,4380
100,0.5700000000000001,-0.050000000000000044,0,9680
100,0.5700000000000001,-0.050000000000000044,1,9470
100,0.5700000000000001,-0.050000000000000044,2,9320
100,0.5700000000000001,-0.06000000000000005,0,8300
100,0.5700000000000001,-0.06000000000000005,1,9810
100,0.5700000000000001,-0.06000000000000005,2,9910
100,0.5700000000000001,-0.07000000000000006,0,9690
100,0.5700000000000001,-0.07000000000000006,1,9650
100,0.5700000000000001,-0.07000000000000006,2,9200
100,0.5700000000000001,-0.08000000000000007,0,9930
100,0.5700000000000001,-0.08000000000000007,1,9850
100,0.5700000000000001,-0.08000000000000007,2,9580
100,0.5700000000000001,-0.09000000000000008,0,9840
100,0.5700000000000001,-0.09000000000000008,1,9440
100,0.5700000000000001,-0.09000000000000008,2,5900
100,0.5700000000000001,-0.09999999999999998,0,9930
100,0.5700000000000001,-0.09999999999999998,1,9840
100,0.5700000000000001,-0.09999999999999998,2,9190
100,0.5700000000000001,-0.10999999999999999,0,9920
100,0.5700000000000001,-0.10999999999999999,1,9790
100,0.5700000000000001,-0.10999999999999999,2,9590
100,0.5700000000000001,-0.12,0,2640
100,0.5700000000000001,-0.12,1,9480
100,0.5700000000000001,-0.12,2,9300
100,0.5700000000000001,-0.13,0,9850
100,0.5700000000000001,-0.13,1,9810
100,0.5700000000000001,-0.13,2,0
100,0.5700000000000001,-0.14,0,3250
100,0.5700000000000001,-0.14,1,9870
100,0.5700000000000001,-0.14,2,9680
100,0.5700000000000001,-0.15000000000000002,0,9660
100,0.5700000000000001,-0.15000000000000002,1,9680
100,0.5700000000000001,-0.15000000000000002,2,9830
100,0.5700000000000001,-0.16000000000000003,0,9670
100,0.5700000000000001,-0.16000000000000003,1,9470
100,0.5700000000000001,-0.16000000000000003,2,4660
100,0.5700000000000001,-0.17000000000000004,0,9930
100,0.5700000000000001,-0.17000000000000004,1,9880
100,0.5700000000000001,-0.17000000000000004,2,6350
100,0.5700000000000001,-0.18000000000000005,0,9860
100,0.5700000000000001,-0.18000000000000005,1,9940
100,0.5700000000000001,-0.18000000000000005,2,8210
100,0.5700000000000001,-0.19000000000000006,0,9910
100,0.5700000000000001,-0.19000000000000006,1,9880
100,0.5700000000000001,-0.19000000000000006,2,9760
100,0.5700000000000001,-0.20000000000000007,0,9560
100,0.5700000000000001,-0.20000000000000007,1,9870
100,0.5700000000000001,-0.20000000000000007,2,9950
100,0.5700000000000001,-0.21000000000000008,0,9660
100,0.5700000000000001,-0.21000000000000008,1,9840
100,0.5700000000000001,-0.21000000000000008,2,9780
100,0.5700000000000001,-0.22000000000000008,0,9460
100,0.5700000000000001,-0.22000000000000008,1,9920
100,0.5700000000000001,-0.22000000000000008,2,9710
100,0.5700000000000001,-0.22999999999999998,0,9890
100,0.5700000000000001,-0.22999999999999998,1,9670
100,0.5700000000000001,-0.22999999999999998,2,9650
100,0.5700000000000001,-0.24,0,9930
100,0.5700000000000001,-0.24,1,9930
100,0.5700000000000001,-0.24,2,9830
100,0.5700000000000001,-0.25,0,9780
100,0.5700000000000001,-0.25,1,8000
100,0.5700000000000001,-0.25,2,9900
100,0.5700000000000001,-0.26,0,9910
100,0.5700000000000001,-0.26,1,7940
100,0.5700000000000001,-0.26,2,9900
100,0.5700000000000001,-0.27,0,9870
100,0.5700000000000001,-0.27,1,9850
100,0.5700000000000001,-0.27,2,9950
100,0.5700000000000001,-0.28,0,9920
100,0.5700000000000001,-0.28,1,9900
100,0.5700000000000001,-0.28,2,9940
100,0.5700000000000001,-0.29000000000000004,0,8340
100,0.5700000000000001,-0.29000000000000004,1,9760
100,0.5700000000000001,-0.29000000000000004,2,9910
100,0.5700000000000001,-0.30000000000000004,0,9930
100,0.5700000000000001,-0.30000000000000004,1,9890
100,0.5700000000000001,-0.30000000000000004,2,9760
100,0.5700000000000001,-0.31000000000000005,0,4880
100,0.5700000000000001,-0.31000000000000005,1,9890
100,0.5700000000000001,-0.31000000000000005,2,9060
100,0.5700000000000001,-0.32000000000000006,0,9940
100,0.5700000000000001,-0.32000000000000006,1,9850
100,0.5700000000000001,-0.32000000000000006,2,9700
100,0.5700000000000001,-0.33,0,9710
100,0.5700000000000001,-0.33,1,9830
100,0.5700000000000001,-0.33,2,9910
100,0.5700000000000001,-0.34,0,9900
100,0.5700000000000001,-0.34,1,9950
100,0.5700000000000001,-0.34,2,9600
100,0.5700000000000001,-0.35000000000000003,0,9860
100,0.5700000000000001,-0.35000000000000003,1,8760
100,0.5700000000000001,-0.35000000000000003,2,9920
100,0.5700000000000001,-0.36000000000000004,0,9950
100,0.5700000000000001,-0.36000000000000004,1,9860
100,0.5700000000000001,-0.36000000000000004,2,9940
100,0.5700000000000001,-0.37000000000000005,0,9930
100,0.5700000000000001,-0.37000000000000005,1,7780
100,0.5700000000000001,-0.37000000000000005,2,9950
100,0.5700000000000001,-0.38000000000000006,0,9920
100,0.5700000000000001,-0.38000000000000006,1,9890
100,0.5700000000000001,-0.38000000000000006,2,9900
100,0.5700000000000001,-0.39,0,9890
100,0.5700000000000001,-0.39,1,9840
100,0.5700000000000001,-0.39,2,9950
100,0.5700000000000001,-0.41000000000000003,0,9870
100,0.5700000000000001,-0.41000000000000003,1,9420
100,0.5700000000000001,-0.41000000000000003,2,9580
100,0.5700000000000001,-0.42000000000000004,0,9910
100,0.5700000000000001,-0.42000000000000004,1,9920
100,0.5700000000000001,-0.42000000000000004,2,9810
100,0.5700000000000001,-0.43000000000000005,0,9850
100,0.5700000000000001,-0.43000000000000005,1,9930
100,0.5700000000000001,-0.43000000000000005,2,9940
100,0.5700000000000001,-0.44000000000000006,0,9900
100,0.5700000000000001,-0.44000000000000006,1,9690
100,0.5700000000000001,-0.44000000000000006,2,9880
100,0.5700000000000001,-0.45,0,8640
100,0.5700000000000001,-0.45,1,9900
100,0.5700000000000001,-0.45,2,9760
100,0.5700000000000001,-0.46,0,9890
100,0.5700000000000001,-0.46,1,9950
100,0.5700000000000001,-0.46,2,9940
100,0.5700000000000001,-0.47000000000000003,0,9900
100,0.5700000000000001,-0.47000000000000003,1,9890
100,0.5700000000000001,-0.47000000000000003,2,9850
100,0.5700000000000001,-0.48000000000000004,0,9890
100,0.5700000000000001,-0.48000000000000004,1,9870
100,0.5700000000000001,-0.48000000000000004,2,9870
100,0.5700000000000001,-0.49000000000000005,0,9860
100,0.5700000000000001,-0.49000000000000005,1,9880
100,0.5700000000000001,-0.49000000000000005,2,9920
100,0.5700000000000001,-0.4,0,9940
100,0.5700000000000001,-0.4,1,9920
100,0.5700000000000001,-0.4,2,9950
100,0.5700000000000001,-0.51,0,9930
100,0.5700000000000001,-0.51,1,9900
100,0.5700000000000001,-0.51,2,9910
100,0.5700000000000001,-0.52,0,9890
100,0.5700000000000001,-0.52,1,9810
100,0.5700000000000001,-0.52,2,7700
100,0.5700000000000001,-0.53,0,9630
100,0.5700000000000001,-0.53,1,9930
100,0.5700000000000001,-0.53,2,9750
100,0.5700000000000001,-0.54,0,9510
100,0.5700000000000001,-0.54,1,9780
100,0.5700000000000001,-0.54,2,9880
100,0.5700000000000001,-0.55,0,9350
100,0.5700000000000001,-0.55,1,9900
100,0.5700000000000001,-0.55,2,9890
100,0.5700000000000001,-0.56,0,9170
100,0.5700000000000001,-0.56,1,9870
100,0.5700000000000001,-0.56,2,9680
100,0.5700000000000001,-0.5700000000000001,0,9870
100,0.5700000000000001,-0.5700000000000001,1,9380
100,0.5700000000000001,-0.5700000000000001,2,9880
100,0.5700000000000001,-0.5800000000000001,0,9770
100,0.5700000000000001,-0.5800000000000001,1,9580
100,0.5700000000000001,-0.5800000000000001,2,9870
100,0.5700000000000001,-0.5900000000000001,0,9720
100,0.5700000000000001,-0.5900000000000001,1,9240
100,0.5700000000000001,-0.5900000000000001,2,9790
100,0.5700000000000001,-0.5,0,9930
100,0.5700000000000001,-0.5,1,9820
100,0.5700000000000001,-0.5,2,9660
100,0.5700000000000001,-0.6000000000000001,0,9700
100,0.5700000000000001,-0.6000000000000001,1,9830
100,0.5700000000000001,-0.6000000000000001,2,9860
100,0.5700000000000001,-0.6100000000000001,0,9890
100,0.5700000000000001,-0.6100000000000001,1,9390
100,0.5700000000000001,-0.6100000000000001,2,9930
100,0.5700000000000001,-0.6200000000000001,0,9400
100,0.5700000000000001,-0.6200000000000001,1,9274
100,0.5700000000000001,-0.6200000000000001,2,9030
100,0.5700000000000001,-0.63,0,8460
100,0.5700000000000001,-0.63,1,9900
100,0.5700000000000001,-0.63,2,9850
100,0.5700000000000001,-0.64,0,7840
100,0.5700000000000001,-0.64,1,9910
100,0.5700000000000001,-0.64,2,9910
100,0.5700000000000001,-0.65,0,9830
100,0.5700000000000001,-0.65,1,9660
100,0.5700000000000001,-0.65,2,9260
100,0.5700000000000001,-0.66,0,9880
100,0.5700000000000001,-0.66,1,9922
100,0.5700000000000001,-0.66,2,9650
100,0.5700000000000001,-0.67,0,9640
100,0.5700000000000001,-0.67,1,390
100,0.5700000000000001,-0.67,2,9900
100,0.5700000000000001,-0.68,0,9860
100,0.5700000000000001,-0.68,1,9680
100,0.5700000000000001,-0.68,2,9670
100,0.5700000000000001,-0.6900000000000001,0,9210
100,0.5700000000000001,-0.6900000000000001,1,9670
100,0.5700000000000001,-0.6900000000000001,2,9620
100,0.5700000000000001,-0.7000000000000001,0,9780
100,0.5700000000000001,-0.7000000000000001,1,9910
100,0.5700000000000001,-0.7000000000000001,2,9860
100,0.5700000000000001,-0.7100000000000001,0,9460
100,0.5700000000000001,-0.7100000000000001,1,9880
100,0.5700000000000001,-0.7100000000000001,2,9940
100,0.5700000000000001,-0.7200000000000001,0,9040
100,0.5700000000000001,-0.7200000000000001,1,9870
100,0.5700000000000001,-0.7200000000000001,2,9840
100,0.5700000000000001,-0.73,0,9590
100,0.5700000000000001,-0.73,1,9000
100,0.5700000000000001,-0.73,2,9900
100,0.5700000000000001,-0.74,0,9650
100,0.5700000000000001,-0.74,1,8470
100,0.5700000000000001,-0.74,2,9918
100,0.5700000000000001,-0.75,0,9600
100,0.5700000000000001,-0.75,1,9110
100,0.5700000000000001,-0.75,2,9870
100,0.5700000000000001,-0.76,0,9350
100,0.5700000000000001,-0.76,1,3040
100,0.5700000000000001,-0.76,2,9550
100,0.5700000000000001,-0.77,0,9780
100,0.5700000000000001,-0.77,1,9820
100,0.5700000000000001,-0.77,2,5670
100,0.5700000000000001,-0.78,0,9870
100,0.5700000000000001,-0.78,1,9910
100,0.5700000000000001,-0.78,2,9910
100,0.5700000000000001,-0.79,0,8350
100,0.5700000000000001,-0.79,1,9900
100,0.5700000000000001,-0.79,2,9995
100,0.5700000000000001,-0.8,0,0
100,0.5700000000000001,-0.8,1,9840
100,0.5700000000000001,-0.8,2,9590
100,0.5700000000000001,0.010000000000000009,0,5670
100,0.5700000000000001,0.010000000000000009,1,5810
100,0.5700000000000001,0.010000000000000009,2,2000
100,0.5700000000000001,0.020000000000000018,0,2450
100,0.5700000000000001,0.020000000000000018,1,2210
100,0.5700000000000001,0.020000000000000018,2,540
100,0.5700000000000001,0.030000000000000027,0,1580
100,0.5700000000000001,0.030000000000000027,1,1260
100,0.5700000000000001,0.030000000000000027,2,60
100,0.5700000000000001,0.039999999999999925,0,1130
100,0.5700000000000001,0.039999999999999925,1,790
100,0.5700000000000001,0.039999999999999925,2,50
100,0.5700000000000001,0.04999999999999993,0,900
100,0.5700000000000001,0.04999999999999993,1,500
100,0.5700000000000001,0.04999999999999993,2,40
100,0.5700000000000001,0.05999999999999994,0,720
100,0.5700000000000001,0.05999999999999994,1,180
100,0.5700000000000001,0.05999999999999994,2,30
100,0.5700000000000001,0.06999999999999995,0,100
100,0.5700000000000001,0.06999999999999995,1,160
100,0.5700000000000001,0.06999999999999995,2,30
100,0.5700000000000001,0.07999999999999996,0,90
100,0.5700000000000001,0.07999999999999996,1,150
100,0.5700000000000001,0.07999999999999996,2,20
100,0.5700000000000001,0.08999999999999997,0,90
100,0.5700000000000001,0.08999999999999997,1,140
100,0.5700000000000001,0.08999999999999997,2,10
100,0.5700000000000001,0.09999999999999998,0,80
100,0.5700000000000001,0.09999999999999998,1,140
100,0.5700000000000001,0.09999999999999998,2,10
100,0.5700000000000001,0.0,0,0
100,0.5700000000000001,0.0,1,0
100,0.5700000000000001,0.0,2,0
100,0.5700000000000001,0.10999999999999999,0,70
100,0.5700000000000001,0.10999999999999999,1,130
100,0.5700000000000001,0.10999999999999999,2,10
100,0.5700000000000001,0.12,0,70
100,0.5700000000000001,0.12,1,120
100,0.5700000000000001,0.12,2,10
100,0.5700000000000001,0.13,0,70
100,0.5700000000000001,0.13,1,120
100,0.5700000000000001,0.13,2,10
100,0.5700000000000001,0.14,0,60
100,0.5700000000000001,0.14,1,110
100,0.5700000000000001,0.14,2,10
100,0.5700000000000001,0.15000000000000002,0,60
100,0.5700000000000001,0.15000000000000002,1,110
100,0.5700000000000001,0.15000000000000002,2,10
100,0.5700000000000001,0.15999999999999992,0,60
100,0.5700000000000001,0.15999999999999992,1,0
100,0.5700000000000001,0.15999999999999992,2,10
100,0.5700000000000001,0.16999999999999993,0,50
100,0.5700000000000001,0.16999999999999993,1,0
100,0.5700000000000001,0.16999999999999993,2,10
100,0.5700000000000001,0.17999999999999994,0,50
100,0.5700000000000001,0.17999999999999994,1,0
100,0.5700000000000001,0.17999999999999994,2,10
100,0.5700000000000001,0.18999999999999995,0,50
100,0.5700000000000001,0.18999999999999995,1,0
100,0.5700000000000001,0.18999999999999995,2,10
100,0.5700000000000001,0.2,0,50
100,0.5700000000000001,0.2,1,0
100,0.5700000000000001,0.2,2,10
100,0.58,-0.010000000000000009,0,40
100,0.58,-0.010000000000000009,1,70
100,0.58,-0.010000000000000009,2,0
100,0.58,-0.020000000000000018,0,50
100,0.58,-0.020000000000000018,1,90
100,0.58,-0.020000000000000018,2,0
100,0.58,-0.030000000000000027,0,4730
100,0.58,-0.030000000000000027,1,100
100,0.58,-0.030000000000000027,2,7870
100,0.58,-0.040000000000000036,0,8770
100,0.58,-0.040000000000000036,1,9540
100,0.58,-0.040000000000000036,2,0
100,0.58,-0.050000000000000044,0,9690
100,0.58,-0.050000000000000044,1,9600
100,0.58,-0.050000000000000044,2,9890
100,0.58,-0.06000000000000005,0,3180
100,0.58,-0.06000000000000005,1,110
100,0.58,-0.06000000000000005,2,0
100,0.58,-0.07000000000000006,0,8980
100,0.58,-0.07000000000000006,1,9800
100,0.58,-0.07000000000000006,2,0
100,0.58,-0.08000000000000007,0,9640
100,0.58,-0.08000000000000007,1,9850
100,0.58,-0.08000000000000007,2,9910
100,0.58,-0.09000000000000008,0,9910
100,0.58,-0.09000000000000008,1,9870
100,0.58,-0.09000000000000008,2,8930
100,0.58,-0.09999999999999998,0,9850
100,0.58,-0.09999999999999998,1,9910
100,0.58,-0.09999999999999998,2,7340
100,0.58,-0.10999999999999999,0,9910
100,0.58,-0.10999999999999999,1,9900
100,0.58,-0.10999999999999999,2,9680
100,0.58,-0.12,0,9670
100,0.58,-0.12,1,9590
100,0.58,-0.12,2,9920
100,0.58,-0.13,0,9920
100,0.58,-0.13,1,9750
100,0.58,-0.13,2,9870
100,0.58,-0.14,0,9610
100,0.58,-0.14,1,9870
100,0.58,-0.14,2,3580
100,0.58,-0.15000000000000002,0,9950
100,0.58,-0.15000000000000002,1,9590
100,0.58,-0.15000000000000002,2,2360
100,0.58,-0.16000000000000003,0,9830
100,0.58,-0.16000000000000003,1,9860
100,0.58,-0.16000000000000003,2,9940
100,0.58,-0.17000000000000004,0,9830
100,0.58,-0.17000000000000004,1,7940
100,0.58,-0.17000000000000004,2,9910
100,0.58,-0.18000000000000005,0,9830
100,0.58,-0.18000000000000005,1,9660
100,0.58,-0.18000000000000005,2,9010
100,0.58,-0.19000000000000006,0,9780
100,0.58,-0.19000000000000006,1,9740
100,0.58,-0.19000000000000006,2,9910
100,0.58,-0.20000000000000007,0,9910
100,0.58,-0.20000000000000007,1,9920
100,0.58,-0.20000000000000007,2,9920
100,0.58,-0.21000000000000008,0,9900
100,0.58,-0.21000000000000008,1,9770
100,0.58,-0.21000000000000008,2,9880
100,0.58,-0.22000000000000008,0,9890
100,0.58,-0.22000000000000008,1,9920
100,0.58,-0.22000000000000008,2,9940
100,0.58,-0.22999999999999998,0,9560
100,0.58,-0.22999999999999998,1,9860
100,0.58,-0.22999999999999998,2,8470
100,0.58,-0.24,0,9940
100,0.58,-0.24,1,9920
100,0.58,-0.24,2,9700
100,0.58,-0.25,0,9630
100,0.58,-0.25,1,9870
100,0.58,-0.25,2,9940
100,0.58,-0.26,0,9900
100,0.58,-0.26,1,9870
100,0.58,-0.26,2,9880
100,0.58,-0.27,0,9820
100,0.58,-0.27,1,9950
100,0.58,-0.27,2,9920
100,0.58,-0.28,0,9950
100,0.58,-0.28,1,9760
100,0.58,-0.28,2,9880
100,0.58,-0.29000000000000004,0,9950
100,0.58,-0.29000000000000004,1,9940
100,0.58,-0.29000000000000004,2,9860
100,0.58,-0.30000000000000004,0,9930
100,0.58,-0.30000000000000004,1,9950
100,0.58,-0.30000000000000004,2,9890
100,0.58,-0.31000000000000005,0,8220
100,0.58,-0.31000000000000005,1,9840
100,0.58,-0.31000000000000005,2,9720
100,0.58,-0.32000000000000006,0,8670
100,0.58,-0.32000000000000006,1,9930
100,0.58,-0.32000000000000006,2,9940
100,0.58,-0.33,0,9940
100,0.58,-0.33,1,9900
100,0.58,-0.33,2,9920
100,0.58,-0.34,0,9810
100,0.58,-0.34,1,9930
100,0.58,-0.34,2,9810
100,0.58,-0.35000000000000003,0,9700
100,0.58,-0.35000000000000003,1,9930
100,0.58,-0.35000000000000003,2,9890
100,0.58,-0.36000000000000004,0,9840
100,0.58,-0.36000000000000004,1,8340
100,0.58,-0.36000000000000004,2,7020
100,0.58,-0.37000000000000005,0,9790
100,0.58,-0.37000000000000005,1,9920
100,0.58,-0.37000000000000005,2,9940
100,0.58,-0.38000000000000006,0,9820
100,0.58,-0.38000000000000006,1,9940
100,0.58,-0.38000000000000006,2,9890
100,0.58,-0.39,0,9910
100,0.58,-0.39,1,9940
100,0.58,-0.39,2,9940
100,0.58,-0.41000000000000003,0,9910
100,0.58,-0.41000000000000003,1,9850
100,0.58,-0.41000000000000003,2,9760
100,0.58,-0.42000000000000004,0,9900
100,0.58,-0.42000000000000004,1,9870
100,0.58,-0.42000000000000004,2,9890
100,0.58,-0.43000000000000005,0,9870
100,0.58,-0.43000000000000005,1,9880
100,0.58,-0.43000000000000005,2,9820
100,0.58,-0.44000000000000006,0,9830
100,0.58,-0.44000000000000006,1,9940
100,0.58,-0.44000000000000006,2,9670
100,0.58,-0.45,0,9930
100,0.58,-0.45,1,9940
100,0.58,-0.45,2,9940
100,0.58,-0.46,0,9920
100,0.58,-0.46,1,9870
100,0.58,-0.46,2,9800
100,0.58,-0.47000000000000003,0,9940
100,0.58,-0.47000000000000003,1,9930
100,0.58,-0.47000000000000003,2,9790
100,0.58,-0.48000000000000004,0,7960
100,0.58,-0.48000000000000004,1,9930
100,0.58,-0.48000000000000004,2,9810
100,0.58,-0.49000000000000005,0,9910
100,0.58,-0.49000000000000005,1,9900
100,0.58,-0.49000000000000005,2,9860
100,0.58,-0.4,0,9920
100,0.58,-0.4,1,9930
100,0.58,-0.4,2,9940
100,0.58,-0.51,0,9860
100,0.58,-0.51,1,9820
100,0.58,-0.51,2,9890
100,0.58,-0.52,0,9750
100,0.58,-0.52,1,9930
100,0.58,-0.52,2,9940
100,0.58,-0.53,0,9350
100,0.58,-0.53,1,8500
100,0.58,-0.53,2,9900
100,0.58,-0.54,0,9910
100,0.58,-0.54,1,8290
100,0.58,-0.54,2,9790
100,0.58,-0.55,0,9550
100,0.58,-0.55,1,9920
100,0.58,-0.55,2,9870
100,0.58,-0.56,0,9830
100,0.58,-0.56,1,9880
100,0.58,-0.56,2,9910
100,0.58,-0.5700000000000001,0,9360
100,0.58,-0.5700000000000001,1,9630
100,0.58,-0.5700000000000001,2,8500
100,0.58,-0.5800000000000001,0,9920
100,0.58,-0.5800000000000001,1,9890
100,0.58,-0.5800000000000001,2,9940
100,0.58,-0.5900000000000001,0,9780
100,0.58,-0.5900000000000001,1,9890
100,0.58,-0.5900000000000001,2,9810
100,0.58,-0.5,0,9840
100,0.58,-0.5,1,9920
100,0.58,-0.5,2,9890
100,0.58,-0.6000000000000001,0,9210
100,0.58,-0.6000000000000001,1,9850
100,0.58,-0.6000000000000001,2,4140
100,0.58,-0.6100000000000001,0,9910
100,0.58,-0.6100000000000001,1,9840
100,0.58,-0.6100000000000001,2,9820
100,0.58,-0.6200000000000001,0,9840
100,0.58,-0.6200000000000001,1,9860
100,0.58,-0.6200000000000001,2,9760
100,0.58,-0.63,0,9649
100,0.58,-0.63,1,9900
100,0.58,-0.63,2,9760
100,0.58,-0.64,0,8890
100,0.58,-0.64,1,9350
100,0.58,-0.64,2,9220
100,0.58,-0.65,0,9820
100,0.58,-0.65,1,9670
100,0.58,-0.65,2,9760
100,0.58,-0.66,0,9780
100,0.58,-0.66,1,8140
100,0.58,-0.66,2,9810
100,0.58,-0.67,0,9870
100,0.58,-0.67,1,9830
100,0.58,-0.67,2,9320
100,0.58,-0.68,0,9930
100,0.58,-0.68,1,9520
100,0.58,-0.68,2,9830
100,0.58,-0.6900000000000001,0,9360
100,0.58,-0.6900000000000001,1,9800
100,0.58,-0.6900000000000001,2,9750
100,0.58,-0.7000000000000001,0,9560
100,0.58,-0.7000000000000001,1,9760
100,0.58,-0.7000000000000001,2,9910
100,0.58,-0.7100000000000001,0,9720
100,0.58,-0.7100000000000001,1,9540
100,0.58,-0.7100000000000001,2,9720
100,0.58,-0.7200000000000001,0,9870
100,0.58,-0.7200000000000001,1,9700
100,0.58,-0.7200000000000001,2,9710
100,0.58,-0.73,0,9820
100,0.58,-0.73,1,9830
100,0.58,-0.73,2,9880
100,0.58,-0.74,0,9810
100,0.58,-0.74,1,9900
100,0.58,-0.74,2,9710
100,0.58,-0.75,0,9780
100,0.58,-0.75,1,9750
100,0.58,-0.75,2,9620
100,0.58,-0.76,0,9790
100,0.58,-0.76,1,9916
100,0.58,-0.76,2,9770
100,0.58,-0.77,0,9280
100,0.58,-0.77,1,9630
100,0.58,-0.77,2,9850
100,0.58,-0.78,0,9830
100,0.58,-0.78,1,8280
100,0.58,-0.78,2,9910
100,0.58,-0.79,0,9790
100,0.58,-0.79,1,8663
100,0.58,-0.79,2,7000
100,0.58,-0.8,0,9090
100,0.58,-0.8,1,9470
100,0.58,-0.8,2,9420
100,0.58,0.010000000000000009,0,5700
100,0.58,0.010000000000000009,1,5820
100,0.58,0.010000000000000009,2,2010
100,0.58,0.020000000000000018,0,2480
100,0.58,0.020000000000000018,1,2200
100,0.58,0.020000000000000018,2,540
100,0.58,0.030000000000000027,0,1570
100,0.58,0.030000000000000027,1,1270
100,0.58,0.030000000000000027,2,60
100,0.58,0.039999999999999925,0,1150
100,0.58,0.039999999999999925,1,800
100,0.58,0.039999999999999925,2,40
100,0.58,0.04999999999999993,0,910
100,0.58,0.04999999999999993,1,510
100,0.58,0.04999999999999993,2,40
100,0.58,0.05999999999999994,0,740
100,0.58,0.05999999999999994,1,180
100,0.58,0.05999999999999994,2,30
100,0.58,0.06999999999999995,0,100
100,0.58,0.06999999999999995,1,160
100,0.58,0.06999999999999995,2,30
100,0.58,0.07999999999999996,0,90
100,0.58,0.07999999999999996,1,150
100,0.58,0.07999999999999996,2,20
100,0.58,0.08999999999999997,0,90
100,0.58,0.08999999999999997,1,140
100,0.58,0.08999999999999997,2,20
100,0.58,0.09999999999999998,0,80
100,0.58,0.09999999999999998,1,140
100,0.58,0.09999999999999998,2,10
100,0.58,0.0,0,0
100,0.58,0.0,1,0
100,0.58,0.0,2,0
100,0.58,0.10999999999999999,0,70
100,0.58,0.10999999999999999,1,130
100,0.58,0.10999999999999999,2,10
100,0.58,0.12,0,70
100,0.58,0.12,1,120
100,0.58,0.12,2,10
100,0.58,0.13,0,70
100,0.58,0.13,1,110
100,0.58,0.13,2,10
100,0.58,0.14,0,60
100,0.58,0.14,1,110
100,0.58,0.14,2,10
100,0.58,0.15000000000000002,0,60
100,0.58,0.15000000000000002,1,110
100,0.58,0.15000000000000002,2,10
100,0.58,0.15999999999999992,0,60
100,0.58,0.15999999999999992,1,100
100,0.58,0.15999999999999992,2,10
100,0.58,0.16999999999999993,0,50
100,0.58,0.16999999999999993,1,0
100,0.58,0.16999999999999993,2,10
100,0.58,0.17999999999999994,0,50
100,0.58,0.17999999999999994,1,0
100,0.58,0.17999999999999994,2,10
100,0.58,0.18999999999999995,0,50
100,0.58,0.18999999999999995,1,0
100,0.58,0.18999999999999995,2,10
100,0.58,0.2,0,50
100,0.58,0.2,1,0
100,0.58,0.2,2,10
100,0.59,-0.010000000000000009,0,0
100,0.59,-0.010000000000000009,1,60
100,0.59,-0.010000000000000009,2,0
100,0.59,-0.020000000000000018,0,50
100,0.59,-0.020000000000000018,1,90
100,0.59,-0.020000000000000018,2,0
100,0.59,-0.030000000000000027,0,9920
100,0.59,-0.030000000000000027,1,90
100,0.59,-0.030000000000000027,2,4730
100,0.59,-0.040000000000000036,0,50
100,0.59,-0.040000000000000036,1,90
100,0.59,-0.040000000000000036,2,0
100,0.59,-0.050000000000000044,0,9640
100,0.59,-0.050000000000000044,1,9930
100,0.59,-0.050000000000000044,2,9760
100,0.59,-0.06000000000000005,0,5440
100,0.59,-0.06000000000000005,1,8980
100,0.59,-0.06000000000000005,2,9740
100,0.59,-0.07000000000000006,0,9490
100,0.59,-0.07000000000000006,1,9550
100,0.59,-0.07000000000000006,2,5710
100,0.59,-0.08000000000000007,0,9840
100,0.59,-0.08000000000000007,1,9640
100,0.59,-0.08000000000000007,2,9760
100,0.59,-0.09000000000000008,0,9760
100,0.59,-0.09000000000000008,1,9400
100,0.59,-0.09000000000000008,2,9690
100,0.59,-0.09999999999999998,0,9630
100,0.59,-0.09999999999999998,1,9770
100,0.59,-0.09999999999999998,2,9770
100,0.59,-0.10999999999999999,0,9620
100,0.59,-0.10999999999999999,1,9840
100,0.59,-0.10999999999999999,2,0
100,0.59,-0.12,0,9760
100,0.59,-0.12,1,9870
100,0.59,-0.12,2,8660
100,0.59,-0.13,0,0
100,0.59,-0.13,1,9820
100,0.59,-0.13,2,9800
100,0.59,-0.14,0,9910
100,0.59,-0.14,1,9930
100,0.59,-0.14,2,8070
100,0.59,-0.15000000000000002,0,9940
100,0.59,-0.15000000000000002,1,9800
100,0.59,-0.15000000000000002,2,9660
100,0.59,-0.16000000000000003,0,9900
100,0.59,-0.16000000000000003,1,9910
100,0.59,-0.16000000000000003,2,6440
100,0.59,-0.17000000000000004,0,9900
100,0.59,-0.17000000000000004,1,9680
100,0.59,-0.17000000000000004,2,9800
100,0.59,-0.18000000000000005,0,9830
100,0.59,-0.18000000000000005,1,9740
100,0.59,-0.18000000000000005,2,6290
100,0.59,-0.19000000000000006,0,9950
100,0.59,-0.19000000000000006,1,9940
100,0.59,-0.19000000000000006,2,9910
100,0.59,-0.20000000000000007,0,1480
100,0.59,-0.20000000000000007,1,9860
100,0.59,-0.20000000000000007,2,9850
100,0.59,-0.21000000000000008,0,6290
100,0.59,-0.21000000000000008,1,9850
100,0.59,-0.21000000000000008,2,6960
100,0.59,-0.22000000000000008,0,9720
100,0.59,-0.22000000000000008,1,9880
100,0.59,-0.22000000000000008,2,6550
100,0.59,-0.22999999999999998,0,9880
100,0.59,-0.22999999999999998,1,9260
100,0.59,-0.22999999999999998,2,8620
100,0.59,-0.24,0,9710
100,0.59,-0.24,1,9800
100,0.59,-0.24,2,9890
100,0.59,-0.25,0,9940
100,0.59,-0.25,1,9770
100,0.59,-0.25,2,9820
100,0.59,-0.26,0,5700
100,0.59,-0.26,1,9880
100,0.59,-0.26,2,9910
100,0.59,-0.27,0,9910
100,0.59,-0.27,1,9860
100,0.59,-0.27,2,9730
100,0.59,-0.28,0,9900
100,0.59,-0.28,1,9120
100,0.59,-0.28,2,9900
100,0.59,-0.29000000000000004,0,9350
100,0.59,-0.29000000000000004,1,9830
100,0.59,-0.29000000000000004,2,9900
100,0.59,-0.30000000000000004,0,9890
100,0.59,-0.30000000000000004,1,9630
100,0.59,-0.30000000000000004,2,9930
100,0.59,-0.31000000000000005,0,9760
100,0.59,-0.31000000000000005,1,9910
100,0.59,-0.31000000000000005,2,9890
100,0.59,-0.32000000000000006,0,9890
100,0.59,-0.32000000000000006,1,9920
100,0.59,-0.32000000000000006,2,9860
100,0.59,-0.33,0,9860
100,0.59,-0.33,1,9910
100,0.59,-0.33,2,7670
100,0.59,-0.34,0,9950
100,0.59,-0.34,1,9920
100,0.59,-0.34,2,9840
100,0.59,-0.35000000000000003,0,9730
100,0.59,-0.35000000000000003,1,9910
100,0.59,-0.35000000000000003,2,9940
100,0.59,-0.36000000000000004,0,9940
100,0.59,-0.36000000000000004,1,9950
100,0.59,-0.36000000000000004,2,9520
100,0.59,-0.37000000000000005,0,9950
100,0.59,-0.37000000000000005,1,9940
100,0.59,-0.37000000000000005,2,9910
100,0.59,-0.38000000000000006,0,9820
100,0.59,-0.38000000000000006,1,9760
100,0.59,-0.38000000000000006,2,9720
100,0.59,-0.39,0,9940
100,0.59,-0.39,1,9650
100,0.59,-0.39,2,9860
100,0.59,-0.41000000000000003,0,9900
100,0.59,-0.41000000000000003,1,9760
100,0.59,-0.41000000000000003,2,9890
100,0.59,-0.42000000000000004,0,9950
100,0.59,-0.42000000000000004,1,9930
100,0.59,-0.42000000000000004,2,9940
100,0.59,-0.43000000000000005,0,9930
100,0.59,-0.43000000000000005,1,9700
100,0.59,-0.43000000000000005,2,9890
100,0.59,-0.44000000000000006,0,9920
100,0.59,-0.44000000000000006,1,9930
100,0.59,-0.44000000000000006,2,9930
100,0.59,-0.45,0,8290
100,0.59,-0.45,1,9600
100,0.59,-0.45,2,9930
100,0.59,-0.46,0,9810
100,0.59,-0.46,1,9190
100,0.59,-0.46,2,9930
100,0.59,-0.47000000000000003,0,9940
100,0.59,-0.47000000000000003,1,9520
100,0.59,-0.47000000000000003,2,9850
100,0.59,-0.48000000000000004,0,9890
100,0.59,-0.48000000000000004,1,9940
100,0.59,-0.48000000000000004,2,9920
100,0.59,-0.49000000000000005,0,9890
100,0.59,-0.49000000000000005,1,9930
100,0.59,-0.49000000000000005,2,9930
100,0.59,-0.4,0,9920
100,0.59,-0.4,1,9930
100,0.59,-0.4,2,9880
100,0.59,-0.51,0,9840
100,0.59,-0.51,1,9920
100,0.59,-0.51,2,9870
100,0.59,-0.52,0,9880
100,0.59,-0.52,1,9930
100,0.59,-0.52,2,9900
100,0.59,-0.53,0,5960
100,0.59,-0.53,1,9920
100,0.59,-0.53,2,9930
100,0.59,-0.54,0,9890
100,0.59,-0.54,1,9920
100,0.59,-0.54,2,9870
100,0.59,-0.55,0,9860
100,0.59,-0.55,1,9950
100,0.59,-0.55,2,9430
100,0.59,-0.56,0,9900
100,0.59,-0.56,1,9830
100,0.59,-0.56,2,9870
100,0.59,-0.5700000000000001,0,9660
100,0.59,-0.5700000000000001,1,9780
100,0.59,-0.5700000000000001,2,9870
100,0.59,-0.5800000000000001,0,9880
100,0.59,-0.5800000000000001,1,9900
100,0.59,-0.5800000000000001,2,9930
100,0.59,-0.5900000000000001,0,9660
100,0.59,-0.5900000000000001,1,9580
100,0.59,-0.5900000000000001,2,9890
100,0.59,-0.5,0,9950
100,0.59,-0.5,1,9860
100,0.59,-0.5,2,9870
100,0.59,-0.6000000000000001,0,9760
100,0.59,-0.6000000000000001,1,9910
100,0.59,-0.6000000000000001,2,9830
100,0.59,-0.6100000000000001,0,9230
100,0.59,-0.6100000000000001,1,9720
100,0.59,-0.6100000000000001,2,9750
100,0.59,-0.6200000000000001,0,9750
100,0.59,-0.6200000000000001,1,7820
100,0.59,-0.6200000000000001,2,9820
100,0.59,-0.63,0,9920
100,0.59,-0.63,1,9380
100,0.59,-0.63,2,9830
100,0.59,-0.64,0,8920
100,0.59,-0.64,1,9460
100,0.59,-0.64,2,8780
100,0.59,-0.65,0,9830
100,0.59,-0.65,1,9800
100,0.59,-0.65,2,9740
100,0.59,-0.66,0,9620
100,0.59,-0.66,1,9640
100,0.59,-0.66,2,8710
100,0.59,-0.67,0,9510
100,0.59,-0.67,1,9600
100,0.59,-0.67,2,9830
100,0.59,-0.68,0,9930
100,0.59,-0.68,1,9670
100,0.59,-0.68,2,9800
100,0.59,-0.6900000000000001,0,9890
100,0.59,-0.6900000000000001,1,9910
100,0.59,-0.6900000000000001,2,9880
100,0.59,-0.7000000000000001,0,9600
100,0.59,-0.7000000000000001,1,9860
100,0.59,-0.7000000000000001,2,9770
100,0.59,-0.7100000000000001,0,9880
100,0.59,-0.7100000000000001,1,9510
100,0.59,-0.7100000000000001,2,8650
100,0.59,-0.7200000000000001,0,9830
100,0.59,-0.7200000000000001,1,9920
100,0.59,-0.7200000000000001,2,9780
100,0.59,-0.73,0,8120
100,0.59,-0.73,1,9860
100,0.59,-0.73,2,9220
100,0.59,-0.74,0,9640
100,0.59,-0.74,1,9680
100,0.59,-0.74,2,9660
100,0.59,-0.75,0,9830
100,0.59,-0.75,1,9810
100,0.59,-0.75,2,9390
100,0.59,-0.76,0,9170
100,0.59,-0.76,1,9760
100,0.59,-0.76,2,9660
100,0.59,-0.77,0,9680
100,0.59,-0.77,1,8590
100,0.59,-0.77,2,9640
100,0.59,-0.78,0,0
100,0.59,-0.78,1,8380
100,0.59,-0.78,2,9790
100,0.59,-0.79,0,9880
100,0.59,-0.79,1,2280
100,0.59,-0.79,2,9500
100,0.59,-0.8,0,9920
100,0.59,-0.8,1,7780
100,0.59,-0.8,2,5480
100,0.59,0.010000000000000009,0,5730
100,0.59,0.010000000000000009,1,5860
100,0.59,0.010000000000000009,2,2010
100,0.59,0.020000000000000018,0,2510
100,0.59,0.020000000000000018,1,2220
100,0.59,0.020000000000000018,2,540
100,0.59,0.030000000000000027,0,1600
100,0.59,0.030000000000000027,1,1260
100,0.59,0.030000000000000027,2,60
100,0.59,0.039999999999999925,0,1180
100,0.59,0.039999999999999925,1,810
100,0.59,0.039999999999999925,2,40
100,0.59,0.04999999999999993,0,920
100,0.59,0.04999999999999993,1,520
100,0.59,0.04999999999999993,2,40
100,0.59,0.05999999999999994,0,760
100,0.59,0.05999999999999994,1,170
100,0.59,0.05999999999999994,2,30
100,0.59,0.06999999999999995,0,100
100,0.59,0.06999999999999995,1,160
100,0.59,0.06999999999999995,2,30
100,0.59,0.07999999999999996,0,90
100,0.59,0.07999999999999996,1,150
100,0.59,0.07999999999999996,2,20
100,0.59,0.08999999999999997,0,80
100,0.59,0.08999999999999997,1,140
100,0.59,0.08999999999999997,2,20
100,0.59,0.09999999999999998,0,80
100,0.59,0.09999999999999998,1,130
100,0.59,0.09999999999999998,2,10
100,0.59,0.0,0,0
100,0.59,0.0,1,0
100,0.59,0.0,2,0
100,0.59,0.10999999999999999,0,70
100,0.59,0.10999999999999999,1,130
100,0.59,0.10999999999999999,2,10
100,0.59,0.12,0,70
100,0.59,0.12,1,120
100,0.59,0.12,2,10
100,0.59,0.13,0,60
100,0.59,0.13,1,110
100,0.59,0.13,2,10
100,0.59,0.14,0,60
100,0.59,0.14,1,110
100,0.59,0.14,2,10
100,0.59,0.15000000000000002,0,60
100,0.59,0.15000000000000002,1,110
100,0.59,0.15000000000000002,2,10
100,0.59,0.15999999999999992,0,60
100,0.59,0.15999999999999992,1,100
100,0.59,0.15999999999999992,2,10
100,0.59,0.16999999999999993,0,50
100,0.59,0.16999999999999993,1,0
100,0.59,0.16999999999999993,2,10
100,0.59,0.17999999999999994,0,50
100,0.59,0.17999999999999994,1,0
100,0.59,0.17999999999999994,2,10
100,0.59,0.18999999999999995,0,50
100,0.59,0.18999999999999995,1,0
100,0.59,0.18999999999999995,2,10
100,0.59,0.2,0,50
100,0.59,0.2,1,0
100,0.59,0.2,2,10
100,0.5,-0.010000000000000009,0,60
100,0.5,-0.010000000000000009,1,90
100,0.5,-0.010000000000000009,2,0
100,0.5,-0.020000000000000018,0,70
100,0.5,-0.020000000000000018,1,120
100,0.5,-0.020000000000000018,2,0
100,0.5,-0.030000000000000027,0,6610
100,0.5,-0.030000000000000027,1,9920
100,0.5,-0.030000000000000027,2,0
100,0.5,-0.040000000000000036,0,90
100,0.5,-0.040000000000000036,1,7760
100,0.5,-0.040000000000000036,2,0
100,0.5,-0.050000000000000044,0,9750
100,0.5,-0.050000000000000044,1,9880
100,0.5,-0.050000000000000044,2,0
100,0.5,-0.06000000000000005,0,9930
100,0.5,-0.06000000000000005,1,9780
100,0.5,-0.06000000000000005,2,2260
100,0.5,-0.07000000000000006,0,9880
100,0.5,-0.07000000000000006,1,9940
100,0.5,-0.07000000000000006,2,9320
100,0.5,-0.08000000000000007,0,9740
100,0.5,-0.08000000000000007,1,9330
100,0.5,-0.08000000000000007,2,9340
100,0.5,-0.09000000000000008,0,90
100,0.5,-0.09000000000000008,1,9450
100,0.5,-0.09000000000000008,2,9540
100,0.5,-0.09999999999999998,0,9920
100,0.5,-0.09999999999999998,1,9830
100,0.5,-0.09999999999999998,2,9830
100,0.5,-0.10999999999999999,0,9810
100,0.5,-0.10999999999999999,1,9470
100,0.5,-0.10999999999999999,2,9910
100,0.5,-0.12,0,9830
100,0.5,-0.12,1,9920
100,0.5,-0.12,2,4540
100,0.5,-0.13,0,9080
100,0.5,-0.13,1,9620
100,0.5,-0.13,2,0
100,0.5,-0.14,0,9890
100,0.5,-0.14,1,9560
100,0.5,-0.14,2,9920
100,0.5,-0.15000000000000002,0,9730
100,0.5,-0.15000000000000002,1,9910
100,0.5,-0.15000000000000002,2,7090
100,0.5,-0.16000000000000003,0,9940
100,0.5,-0.16000000000000003,1,9630
100,0.5,-0.16000000000000003,2,9890
100,0.5,-0.17000000000000004,0,9810
100,0.5,-0.17000000000000004,1,9910
100,0.5,-0.17000000000000004,2,9760
100,0.5,-0.18000000000000005,0,9390
100,0.5,-0.18000000000000005,1,9930
100,0.5,-0.18000000000000005,2,9910
100,0.5,-0.19000000000000006,0,9900
100,0.5,-0.19000000000000006,1,8330
100,0.5,-0.19000000000000006,2,9930
100,0.5,-0.20000000000000007,0,9840
100,0.5,-0.20000000000000007,1,9520
100,0.5,-0.20000000000000007,2,9840
100,0.5,-0.21000000000000008,0,9940
100,0.5,-0.21000000000000008,1,9820
100,0.5,-0.21000000000000008,2,9810
100,0.5,-0.22000000000000008,0,9490
100,0.5,-0.22000000000000008,1,9840
100,0.5,-0.22000000000000008,2,6250
100,0.5,-0.22999999999999998,0,9930
100,0.5,-0.22999999999999998,1,9770
100,0.5,-0.22999999999999998,2,9940
100,0.5,-0.24,0,9330
100,0.5,-0.24,1,9860
100,0.5,-0.24,2,9330
100,0.5,-0.25,0,9770
100,0.5,-0.25,1,9780
100,0.5,-0.25,2,9890
100,0.5,-0.26,0,9920
100,0.5,-0.26,1,9860
100,0.5,-0.26,2,9700
100,0.5,-0.27,0,9700
100,0.5,-0.27,1,9900
100,0.5,-0.27,2,9610
100,0.5,-0.28,0,6120
100,0.5,-0.28,1,9940
100,0.5,-0.28,2,9930
100,0.5,-0.29000000000000004,0,9900
100,0.5,-0.29000000000000004,1,9830
100,0.5,-0.29000000000000004,2,9900
100,0.5,-0.30000000000000004,0,9900
100,0.5,-0.30000000000000004,1,9930
100,0.5,-0.30000000000000004,2,9950
100,0.5,-0.31000000000000005,0,9675
100,0.5,-0.31000000000000005,1,9760
100,0.5,-0.31000000000000005,2,9910
100,0.5,-0.32000000000000006,0,9810
100,0.5,-0.32000000000000006,1,9780
100,0.5,-0.32000000000000006,2,9920
100,0.5,-0.33,0,9900
100,0.5,-0.33,1,9930
100,0.5,-0.33,2,7970
100,0.5,-0.34,0,9910
100,0.5,-0.34,1,9780
100,0.5,-0.34,2,9940
100,0.5,-0.35000000000000003,0,9880
100,0.5,-0.35000000000000003,1,9640
100,0.5,-0.35000000000000003,2,9910
100,0.5,-0.36000000000000004,0,6730
100,0.5,-0.36000000000000004,1,9930
100,0.5,-0.36000000000000004,2,9720
100,0.5,-0.37000000000000005,0,9840
100,0.5,-0.37000000000000005,1,9910
100,0.5,-0.37000000000000005,2,9950
100,0.5,-0.38000000000000006,0,9870
100,0.5,-0.38000000000000006,1,9740
100,0.5,-0.38000000000000006,2,9870
100,0.5,-0.39,0,9890
100,0.5,-0.39,1,9720
100,0.5,-0.39,2,9920
100,0.5,-0.41000000000000003,0,9930
100,0.5,-0.41000000000000003,1,9810
100,0.5,-0.41000000000000003,2,9870
100,0.5,-0.42000000000000004,0,9730
100,0.5,-0.42000000000000004,1,9860
100,0.5,-0.42000000000000004,2,9860
100,0.5,-0.43000000000000005,0,9930
100,0.5,-0.43000000000000005,1,9170
100,0.5,-0.43000000000000005,2,9930
100,0.5,-0.44000000000000006,0,9910
100,0.5,-0.44000000000000006,1,9860
100,0.5,-0.44000000000000006,2,9630
100,0.5,-0.45,0,9890
100,0.5,-0.45,1,9650
100,0.5,-0.45,2,9670
100,0.5,-0.46,0,9920
100,0.5,-0.46,1,9910
100,0.5,-0.46,2,8110
100,0.5,-0.47000000000000003,0,9700
100,0.5,-0.47000000000000003,1,9850
100,0.5,-0.47000000000000003,2,9870
100,0.5,-0.48000000000000004,0,9750
100,0.5,-0.48000000000000004,1,9880
100,0.5,-0.48000000000000004,2,9510
100,0.5,-0.49000000000000005,0,8440
100,0.5,-0.49000000000000005,1,9880
100,0.5,-0.49000000000000005,2,9690
100,0.5,-0.4,0,9880
100,0.5,-0.4,1,9900
100,0.5,-0.4,2,9810
100,0.5,-0.51,0,9610
100,0.5,-0.51,1,9610
100,0.5,-0.51,2,9760
100,0.5,-0.52,0,9450
100,0.5,-0.52,1,9520
100,0.5,-0.52,2,9710
100,0.5,-0.53,0,9100
100,0.5,-0.53,1,9740
100,0.5,-0.53,2,9930
100,0.5,-0.54,0,8620
100,0.5,-0.54,1,9870
100,0.5,-0.54,2,9570
100,0.5,-0.55,0,9920
100,0.5,-0.55,1,9580
100,0.5,-0.55,2,9930
100,0.5,-0.56,0,9830
100,0.5,-0.56,1,3470
100,0.5,-0.56,2,9740
100,0.5,-0.5700000000000001,0,9790
100,0.5,-0.5700000000000001,1,9870
100,0.5,-0.5700000000000001,2,9550
100,0.5,-0.5800000000000001,0,9900
100,0.5,-0.5800000000000001,1,8840
100,0.5,-0.5800000000000001,2,9767
100,0.5,-0.5900000000000001,0,9830
100,0.5,-0.5900000000000001,1,1650
100,0.5,-0.5900000000000001,2,6550
100,0.5,-0.5,0,8890
100,0.5,-0.5,1,9560
100,0.5,-0.5,2,9120
100,0.5,-0.6000000000000001,0,4950
100,0.5,-0.6000000000000001,1,6280
100,0.5,-0.6000000000000001,2,6220
100,0.5,-0.6100000000000001,0,9971
100,0.5,-0.6100000000000001,1,9540
100,0.5,-0.6100000000000001,2,0
100,0.5,-0.6200000000000001,0,9600
100,0.5,-0.6200000000000001,1,9994
100,0.5,-0.6200000000000001,2,0
100,0.5,-0.63,0,9887
100,0.5,-0.63,1,9952
100,0.5,-0.63,2,9410
100,0.5,-0.64,0,0
100,0.5,-0.64,1,9500
100,0.5,-0.64,2,7100
100,0.5,-0.65,0,4280
100,0.5,-0.65,1,240
100,0.5,-0.65,2,0
100,0.5,-0.66,0,8942
100,0.5,-0.66,1,9930
100,0.5,-0.66,2,0
100,0.5,-0.67,0,8360
100,0.5,-0.67,1,9600
100,0.5,-0.67,2,8510
100,0.5,-0.68,0,0
100,0.5,-0.68,1,9850
100,0.5,-0.68,2,5750
100,0.5,-0.6900000000000001,0,8090
100,0.5,-0.6900000000000001,1,150
100,0.5,-0.6900000000000001,2,0
100,0.5,-0.7000000000000001,0,4610
100,0.5,-0.7000000000000001,1,9720
100,0.5,-0.7000000000000001,2,7030
100,0.5,-0.7100000000000001,0,9690
100,0.5,-0.7100000000000001,1,4000
100,0.5,-0.7100000000000001,2,0
100,0.5,-0.7200000000000001,0,8360
100,0.5,-0.7200000000000001,1,8840
100,0.5,-0.7200000000000001,2,0
100,0.5,-0.73,0,8860
100,0.5,-0.73,1,3560
100,0.5,-0.73,2,0
100,0.5,-0.74,0,0
100,0.5,-0.74,1,150
100,0.5,-0.74,2,0
100,0.5,-0.75,0,0
100,0.5,-0.75,1,4820
100,0.5,-0.75,2,0
100,0.5,-0.76,0,9630
100,0.5,-0.76,1,9180
100,0.5,-0.76,2,0
100,0.5,-0.77,0,0
100,0.5,-0.77,1,9540
100,0.5,-0.77,2,0
100,0.5,-0.78,0,9310
100,0.5,-0.78,1,9050
100,0.5,-0.78,2,0
100,0.5,-0.79,0,7840
100,0.5,-0.79,1,150
100,0.5,-0.79,2,0
100,0.5,-0.8,0,5140
100,0.5,-0.8,1,8830
100,0.5,-0.8,2,8930
100,0.5,0.010000000000000009,0,5580
100,0.5,0.010000000000000009,1,5870
100,0.5,0.010000000000000009,2,1970
100,0.5,0.020000000000000018,0,2390
100,0.5,0.020000000000000018,1,2180
100,0.5,0.020000000000000018,2,510
100,0.5,0.030000000000000027,0,1480
100,0.5,0.030000000000000027,1,1210
100,0.5,0.030000000000000027,2,60
100,0.5,0.039999999999999925,0,1070
100,0.5,0.039999999999999925,1,760
100,0.5,0.039999999999999925,2,50
100,0.5,0.04999999999999993,0,810
100,0.5,0.04999999999999993,1,220
100,0.5,0.04999999999999993,2,40
100,0.5,0.05999999999999994,0,660
100,0.5,0.05999999999999994,1,200
100,0.5,0.05999999999999994,2,30
100,0.5,0.06999999999999995,0,110
100,0.5,0.06999999999999995,1,190
100,0.5,0.06999999999999995,2,20
100,0.5,0.07999999999999996,0,100
100,0.5,0.07999999999999996,1,170
100,0.5,0.07999999999999996,2,20
100,0.5,0.08999999999999997,0,90
100,0.5,0.08999999999999997,1,160
100,0.5,0.08999999999999997,2,10
100,0.5,0.09999999999999998,0,90
100,0.5,0.09999999999999998,1,150
100,0.5,0.09999999999999998,2,10
100,0.5,0.0,0,0
100,0.5,0.0,1,0
100,0.5,0.0,2,0
100,0.5,0.10999999999999999,0,80
100,0.5,0.10999999999999999,1,140
100,0.5,0.10999999999999999,2,10
100,0.5,0.12,0,80
100,0.5,0.12,1,130
100,0.5,0.12,2,10
100,0.5,0.13,0,70
100,0.5,0.13,1,130
100,0.5,0.13,2,10
100,0.5,0.14,0,70
100,0.5,0.14,1,120
100,0.5,0.14,2,10
100,0.5,0.15000000000000002,0,60
100,0.5,0.15000000000000002,1,40
100,0.5,0.15000000000000002,2,10
100,0.5,0.15999999999999992,0,60
100,0.5,0.15999999999999992,1,0
100,0.5,0.15999999999999992,2,10
100,0.5,0.16999999999999993,0,60
100,0.5,0.16999999999999993,1,0
100,0.5,0.16999999999999993,2,10
100,0.5,0.17999999999999994,0,50
100,0.5,0.17999999999999994,1,0
100,0.5,0.17999999999999994,2,10
100,0.5,0.18999999999999995,0,50
100,0.5,0.18999999999999995,1,0
100,0.5,0.18999999999999995,2,0
100,0.5,0.2,0,50
100,0.5,0.2,1,0
100,0.5,0.2,2,0
100,0.61,-0.010000000000000009,0,0
100,0.61,-0.010000000000000009,1,0
100,0.61,-0.010000000000000009,2,0
100,0.61,-0.020000000000000018,0,9930
100,0.61,-0.020000000000000018,1,80
100,0.61,-0.020000000000000018,2,0
100,0.61,-0.030000000000000027,0,40
100,0.61,-0.030000000000000027,1,90
100,0.61,-0.030000000000000027,2,0
100,0.61,-0.040000000000000036,0,7730
100,0.61,-0.040000000000000036,1,9900
100,0.61,-0.040000000000000036,2,0
100,0.61,-0.050000000000000044,0,9410
100,0.61,-0.050000000000000044,1,9340
100,0.61,-0.050000000000000044,2,9170
100,0.61,-0.06000000000000005,0,50
100,0.61,-0.06000000000000005,1,9880
100,0.61,-0.06000000000000005,2,9520
100,0.61,-0.07000000000000006,0,7400
100,0.61,-0.07000000000000006,1,9410
100,0.61,-0.07000000000000006,2,9780
100,0.61,-0.08000000000000007,0,9850
100,0.61,-0.08000000000000007,1,9920
100,0.61,-0.08000000000000007,2,9460
100,0.61,-0.09000000000000008,0,9690
100,0.61,-0.09000000000000008,1,9850
100,0.61,-0.09000000000000008,2,9920
100,0.61,-0.09999999999999998,0,9940
100,0.61,-0.09999999999999998,1,9910
100,0.61,-0.09999999999999998,2,9720
100,0.61,-0.10999999999999999,0,9270
100,0.61,-0.10999999999999999,1,9610
100,0.61,-0.10999999999999999,2,9530
100,0.61,-0.12,0,9820
100,0.61,-0.12,1,9830
100,0.61,-0.12,2,9900
100,0.61,-0.13,0,9940
100,0.61,-0.13,1,9840
100,0.61,-0.13,2,4920
100,0.61,-0.14,0,9930
100,0.61,-0.14,1,9940
100,0.61,-0.14,2,9900
100,0.61,-0.15000000000000002,0,9920
100,0.61,-0.15000000000000002,1,9730
100,0.61,-0.15000000000000002,2,9890
100,0.61,-0.16000000000000003,0,9860
100,0.61,-0.16000000000000003,1,9690
100,0.61,-0.16000000000000003,2,5230
100,0.61,-0.17000000000000004,0,9890
100,0.61,-0.17000000000000004,1,9910
100,0.61,-0.17000000000000004,2,9900
100,0.61,-0.18000000000000005,0,9900
100,0.61,-0.18000000000000005,1,9120
100,0.61,-0.18000000000000005,2,2380
100,0.61,-0.19000000000000006,0,9790
100,0.61,-0.19000000000000006,1,9860
100,0.61,-0.19000000000000006,2,9570
100,0.61,-0.20000000000000007,0,9810
100,0.61,-0.20000000000000007,1,9910
100,0.61,-0.20000000000000007,2,9290
100,0.61,-0.21000000000000008,0,9880
100,0.61,-0.21000000000000008,1,9940
100,0.61,-0.21000000000000008,2,9870
100,0.61,-0.22000000000000008,0,7430
100,0.61,-0.22000000000000008,1,9800
100,0.61,-0.22000000000000008,2,9620
100,0.61,-0.22999999999999998,0,9870
100,0.61,-0.22999999999999998,1,6520
100,0.61,-0.22999999999999998,2,9930
100,0.61,-0.24,0,9850
100,0.61,-0.24,1,9850
100,0.61,-0.24,2,9820
100,0.61,-0.25,0,9840
100,0.61,-0.25,1,9850
100,0.61,-0.25,2,9800
100,0.61,-0.26,0,9850
100,0.61,-0.26,1,9380
100,0.61,-0.26,2,9930
100,0.61,-0.27,0,9640
100,0.61,-0.27,1,9710
100,0.61,-0.27,2,7740
100,0.61,-0.28,0,9900
100,0.61,-0.28,1,9890
100,0.61,-0.28,2,9940
100,0.61,-0.29000000000000004,0,9820
100,0.61,-0.29000000000000004,1,9930
100,0.61,-0.29000000000000004,2,9930
100,0.61,-0.30000000000000004,0,9940
100,0.61,-0.30000000000000004,1,9900
100,0.61,-0.30000000000000004,2,9950
100,0.61,-0.31000000000000005,0,9780
100,0.61,-0.31000000000000005,1,9720
100,0.61,-0.31000000000000005,2,9790
100,0.61,-0.32000000000000006,0,9760
100,0.61,-0.32000000000000006,1,7420
100,0.61,-0.32000000000000006,2,9920
100,0.61,-0.33,0,9310
100,0.61,-0.33,1,9850
100,0.61,-0.33,2,9930
100,0.61,-0.34,0,9910
100,0.61,-0.34,1,7360
100,0.61,-0.34,2,9840
100,0.61,-0.35000000000000003,0,8010
100,0.61,-0.35000000000000003,1,6560
100,0.61,-0.35000000000000003,2,7510
100,0.61,-0.36000000000000004,0,9800
100,0.61,-0.36000000000000004,1,7920
100,0.61,-0.36000000000000004,2,9800
100,0.61,-0.37000000000000005,0,9940
100,0.61,-0.37000000000000005,1,8020
100,0.61,-0.37000000000000005,2,9890
100,0.61,-0.38000000000000006,0,9870
100,0.61,-0.38000000000000006,1,9930
100,0.61,-0.38000000000000006,2,9920
100,0.61,-0.39,0,9920
100,0.61,-0.39,1,9940
100,0.61,-0.39,2,9940
100,0.61,-0.41000000000000003,0,7030
100,0.61,-0.41000000000000003,1,9940
100,0.61,-0.41000000000000003,2,9930
100,0.61,-0.42000000000000004,0,9880
100,0.61,-0.42000000000000004,1,9910
100,0.61,-0.42000000000000004,2,9840
100,0.61,-0.43000000000000005,0,9890
100,0.61,-0.43000000000000005,1,9910
100,0.61,-0.43000000000000005,2,9940
100,0.61,-0.44000000000000006,0,9920
100,0.61,-0.44000000000000006,1,6840
100,0.61,-0.44000000000000006,2,9870
100,0.61,-0.45,0,9720
100,0.61,-0.45,1,9850
100,0.61,-0.45,2,9940
100,0.61,-0.46,0,7490
100,0.61,-0.46,1,9880
100,0.61,-0.46,2,9920
100,0.61,-0.47000000000000003,0,9920
100,0.61,-0.47000000000000003,1,9910
100,0.61,-0.47000000000000003,2,9950
100,0.61,-0.48000000000000004,0,9920
100,0.61,-0.48000000000000004,1,9920
100,0.61,-0.48000000000000004,2,8440
100,0.61,-0.49000000000000005,0,9850
100,0.61,-0.49000000000000005,1,9940
100,0.61,-0.49000000000000005,2,9920
100,0.61,-0.4,0,9930
100,0.61,-0.4,1,9860
100,0.61,-0.4,2,9810
100,0.61,-0.51,0,9900
100,0.61,-0.51,1,7950
100,0.61,-0.51,2,9610
100,0.61,-0.52,0,6970
100,0.61,-0.52,1,9860
100,0.61,-0.52,2,9420
100,0.61,-0.53,0,9780
100,0.61,-0.53,1,9910
100,0.61,-0.53,2,9610
100,0.61,-0.54,0,9460
100,0.61,-0.54,1,9930
100,0.61,-0.54,2,9910
100,0.61,-0.55,0,9830
100,0.61,-0.55,1,9920
100,0.61,-0.55,2,9920
100,0.61,-0.56,0,9910
100,0.61,-0.56,1,9890
100,0.61,-0.56,2,9880
100,0.61,-0.5700000000000001,0,9770
100,0.61,-0.5700000000000001,1,9880
100,0.61,-0.5700000000000001,2,9830
100,0.61,-0.5800000000000001,0,9910
100,0.61,-0.5800000000000001,1,9840
100,0.61,-0.5800000000000001,2,9920
100,0.61,-0.5900000000000001,0,9770
100,0.61,-0.5900000000000001,1,9920
100,0.61,-0.5900000000000001,2,9830
100,0.61,-0.5,0,9860
100,0.61,-0.5,1,9910
100,0.61,-0.5,2,9910
100,0.61,-0.6000000000000001,0,9840
100,0.61,-0.6000000000000001,1,9920
100,0.61,-0.6000000000000001,2,9800
100,0.61,-0.6100000000000001,0,9850
100,0.61,-0.6100000000000001,1,8570
100,0.61,-0.6100000000000001,2,8790
100,0.61,-0.6200000000000001,0,9930
100,0.61,-0.6200000000000001,1,9780
100,0.61,-0.6200000000000001,2,9860
100,0.61,-0.63,0,9900
100,0.61,-0.63,1,9790
100,0.61,-0.63,2,9850
100,0.61,-0.64,0,9790
100,0.61,-0.64,1,9810
100,0.61,-0.64,2,9920
100,0.61,-0.65,0,9870
100,0.61,-0.65,1,9750
100,0.61,-0.65,2,8890
100,0.61,-0.66,0,9740
100,0.61,-0.66,1,9520
100,0.61,-0.66,2,9600
100,0.61,-0.67,0,9930
100,0.61,-0.67,1,9930
100,0.61,-0.67,2,9870
100,0.61,-0.68,0,9870
100,0.61,-0.68,1,8190
100,0.61,-0.68,2,9890
100,0.61,-0.6900000000000001,0,9290
100,0.61,-0.6900000000000001,1,9860
100,0.61,-0.6900000000000001,2,9890
100,0.61,-0.7000000000000001,0,9700
100,0.61,-0.7000000000000001,1,9520
100,0.61,-0.7000000000000001,2,9860
100,0.61,-0.7100000000000001,0,9700
100,0.61,-0.7100000000000001,1,9900
100,0.61,-0.7100000000000001,2,9890
100,0.61,-0.7200000000000001,0,9890
100,0.61,-0.7200000000000001,1,9750
100,0.61,-0.7200000000000001,2,9780
100,0.61,-0.73,0,9880
100,0.61,-0.73,1,9550
100,0.61,-0.73,2,9610
100,0.61,-0.74,0,9330
100,0.61,-0.74,1,9850
100,0.61,-0.74,2,9720
100,0.61,-0.75,0,9330
100,0.61,-0.75,1,9910
100,0.61,-0.75,2,9890
100,0.61,-0.76,0,9230
100,0.61,-0.76,1,9590
100,0.61,-0.76,2,5780
100,0.61,-0.77,0,9714
100,0.61,-0.77,1,9620
100,0.61,-0.77,2,9830
100,0.61,-0.78,0,9880
100,0.61,-0.78,1,1260
100,0.61,-0.78,2,9790
100,0.61,-0.79,0,9850
100,0.61,-0.79,1,9800
100,0.61,-0.79,2,9550
100,0.61,-0.8,0,9840
100,0.61,-0.8,1,9240
100,0.61,-0.8,2,9860
100,0.61,0.010000000000000009,0,5780
100,0.61,0.010000000000000009,1,5900
100,0.61,0.010000000000000009,2,2020
100,0.61,0.020000000000000018,0,2570
100,0.61,0.020000000000000018,1,2210
100,0.61,0.020000000000000018,2,550
100,0.61,0.030000000000000027,0,1650
100,0.61,0.030000000000000027,1,1280
100,0.61,0.030000000000000027,2,60
100,0.61,0.039999999999999925,0,1180
100,0.61,0.039999999999999925,1,820
100,0.61,0.039999999999999925,2,40
100,0.61,0.04999999999999993,0,930
100,0.61,0.04999999999999993,1,540
100,0.61,0.04999999999999993,2,40
100,0.61,0.05999999999999994,0,780
100,0.61,0.05999999999999994,1,170
100,0.61,0.05999999999999994,2,30
100,0.61,0.06999999999999995,0,100
100,0.61,0.06999999999999995,1,160
100,0.61,0.06999999999999995,2,30
100,0.61,0.07999999999999996,0,90
100,0.61,0.07999999999999996,1,150
100,0.61,0.07999999999999996,2,20
100,0.61,0.08999999999999997,0,80
100,0.61,0.08999999999999997,1,140
100,0.61,0.08999999999999997,2,20
100,0.61,0.09999999999999998,0,80
100,0.61,0.09999999999999998,1,130
100,0.61,0.09999999999999998,2,10
100,0.61,0.0,0,0
100,0.61,0.0,1,0
100,0.61,0.0,2,0
100,0.61,0.10999999999999999,0,70
100,0.61,0.10999999999999999,1,130
100,0.61,0.10999999999999999,2,10
100,0.61,0.12,0,70
100,0.61,0.12,1,120
100,0.61,0.12,2,10
100,0.61,0.13,0,60
100,0.61,0.13,1,110
100,0.61,0.13,2,10
100,0.61,0.14,0,60
100,0.61,0.14,1,110
100,0.61,0.14,2,10
100,0.61,0.15000000000000002,0,60
100,0.61,0.15000000000000002,1,100
100,0.61,0.15000000000000002,2,10
100,0.61,0.15999999999999992,0,60
100,0.61,0.15999999999999992,1,100
100,0.61,0.15999999999999992,2,10
100,0.61,0.16999999999999993,0,50
100,0.61,0.16999999999999993,1,0
100,0.61,0.16999999999999993,2,10
100,0.61,0.17999999999999994,0,50
100,0.61,0.17999999999999994,1,0
100,0.61,0.17999999999999994,2,10
100,0.61,0.18999999999999995,0,50
100,0.61,0.18999999999999995,1,0
100,0.61,0.18999999999999995,2,10
100,0.61,0.2,0,50
100,0.61,0.2,1,0
100,0.61,0.2,2,10
100,0.62,-0.010000000000000009,0,0
100,0.62,-0.010000000000000009,1,60
100,0.62,-0.010000000000000009,2,0
100,0.62,-0.020000000000000018,0,40
100,0.62,-0.020000000000000018,1,80
100,0.62,-0.020000000000000018,2,0
100,0.62,-0.030000000000000027,0,40
100,0.62,-0.030000000000000027,1,90
100,0.62,-0.030000000000000027,2,9880
100,0.62,-0.040000000000000036,0,6550
100,0.62,-0.040000000000000036,1,9910
100,0.62,-0.040000000000000036,2,0
100,0.62,-0.050000000000000044,0,9430
100,0.62,-0.050000000000000044,1,9380
100,0.62,-0.050000000000000044,2,0
100,0.62,-0.06000000000000005,0,9350
100,0.62,-0.06000000000000005,1,9810
100,0.62,-0.06000000000000005,2,4910
100,0.62,-0.07000000000000006,0,9670
100,0.62,-0.07000000000000006,1,6290
100,0.62,-0.07000000000000006,2,6310
100,0.62,-0.08000000000000007,0,9740
100,0.62,-0.08000000000000007,1,8910
100,0.62,-0.08000000000000007,2,9930
100,0.62,-0.09000000000000008,0,9910
100,0.62,-0.09000000000000008,1,9930
100,0.62,-0.09000000000000008,2,9470
100,0.62,-0.09999999999999998,0,50
100,0.62,-0.09999999999999998,1,9280
100,0.62,-0.09999999999999998,2,9640
100,0.62,-0.10999999999999999,0,9190
100,0.62,-0.10999999999999999,1,8710
100,0.62,-0.10999999999999999,2,9920
100,0.62,-0.12,0,9110
100,0.62,-0.12,1,9840
100,0.62,-0.12,2,7630
100,0.62,-0.13,0,9890
100,0.62,-0.13,1,9630
100,0.62,-0.13,2,4810
100,0.62,-0.14,0,0
100,0.62,-0.14,1,9790
100,0.62,-0.14,2,9870
100,0.62,-0.15000000000000002,0,9920
100,0.62,-0.15000000000000002,1,9760
100,0.62,-0.15000000000000002,2,9750
100,0.62,-0.16000000000000003,0,9790
100,0.62,-0.16000000000000003,1,9900
100,0.62,-0.16000000000000003,2,9660
100,0.62,-0.17000000000000004,0,3410
100,0.62,-0.17000000000000004,1,9870
100,0.62,-0.17000000000000004,2,9300
100,0.62,-0.18000000000000005,0,9890
100,0.62,-0.18000000000000005,1,9900
100,0.62,-0.18000000000000005,2,7580
100,0.62,-0.19000000000000006,0,9900
100,0.62,-0.19000000000000006,1,9930
100,0.62,-0.19000000000000006,2,9930
100,0.62,-0.20000000000000007,0,9740
100,0.62,-0.20000000000000007,1,9880
100,0.62,-0.20000000000000007,2,9540
100,0.62,-0.21000000000000008,0,9900
100,0.62,-0.21000000000000008,1,9920
100,0.62,-0.21000000000000008,2,9930
100,0.62,-0.22000000000000008,0,9890
100,0.62,-0.22000000000000008,1,9920
100,0.62,-0.22000000000000008,2,6680
100,0.62,-0.22999999999999998,0,9900
100,0.62,-0.22999999999999998,1,9890
100,0.62,-0.22999999999999998,2,9860
100,0.62,-0.24,0,9950
100,0.62,-0.24,1,9930
100,0.62,-0.24,2,3480
100,0.62,-0.25,0,5550
100,0.62,-0.25,1,9730
100,0.62,-0.25,2,9910
100,0.62,-0.26,0,9870
100,0.62,-0.26,1,9670
100,0.62,-0.26,2,9920
100,0.62,-0.27,0,9900
100,0.62,-0.27,1,9920
100,0.62,-0.27,2,7660
100,0.62,-0.28,0,9760
100,0.62,-0.28,1,8080
100,0.62,-0.28,2,9870
100,0.62,-0.29000000000000004,0,9870
100,0.62,-0.29000000000000004,1,9880
100,0.62,-0.29000000000000004,2,9920
100,0.62,-0.30000000000000004,0,6650
100,0.62,-0.30000000000000004,1,9940
100,0.62,-0.30000000000000004,2,9800
100,0.62,-0.31000000000000005,0,9890
100,0.62,-0.31000000000000005,1,9890
100,0.62,-0.31000000000000005,2,9870
100,0.62,-0.32000000000000006,0,8730
100,0.62,-0.32000000000000006,1,9930
100,0.62,-0.32000000000000006,2,6590
100,0.62,-0.33,0,9890
100,0.62,-0.33,1,9940
100,0.62,-0.33,2,9840
100,0.62,-0.34,0,9880
100,0.62,-0.34,1,6810
100,0.62,-0.34,2,7190
100,0.62,-0.35000000000000003,0,9930
100,0.62,-0.35000000000000003,1,9860
100,0.62,-0.35000000000000003,2,9940
100,0.62,-0.36000000000000004,0,9370
100,0.62,-0.36000000000000004,1,9690
100,0.62,-0.36000000000000004,2,9840
100,0.62,-0.37000000000000005,0,9940
100,0.62,-0.37000000000000005,1,9810
100,0.62,-0.37000000000000005,2,9800
100,0.62,-0.38000000000000006,0,9920
100,0.62,-0.38000000000000006,1,6670
100,0.62,-0.38000000000000006,2,9880
100,0.62,-0.39,0,8960
100,0.62,-0.39,1,9920
100,0.62,-0.39,2,9950
100,0.62,-0.41000000000000003,0,9930
100,0.62,-0.41000000000000003,1,9910
100,0.62,-0.41000000000000003,2,9910
100,0.62,-0.42000000000000004,0,8590
100,0.62,-0.42000000000000004,1,9400
100,0.62,-0.42000000000000004,2,9920
100,0.62,-0.43000000000000005,0,9950
100,0.62,-0.43000000000000005,1,9890
100,0.62,-0.43000000000000005,2,9880
100,0.62,-0.44000000000000006,0,9910
100,0.62,-0.44000000000000006,1,9910
100,0.62,-0.44000000000000006,2,9930
100,0.62,-0.45,0,9920
100,0.62,-0.45,1,9770
100,0.62,-0.45,2,9750
100,0.62,-0.46,0,9870
100,0.62,-0.46,1,9890
100,0.62,-0.46,2,9780
100,0.62,-0.47000000000000003,0,9700
100,0.62,-0.47000000000000003,1,9850
100,0.62,-0.47000000000000003,2,7730
100,0.62,-0.48000000000000004,0,9910
100,0.62,-0.48000000000000004,1,9880
100,0.62,-0.48000000000000004,2,7900
100,0.62,-0.49000000000000005,0,9890
100,0.62,-0.49000000000000005,1,9910
100,0.62,-0.49000000000000005,2,9880
100,0.62,-0.4,0,9940
100,0.62,-0.4,1,6090
100,0.62,-0.4,2,9910
100,0.62,-0.51,0,9940
100,0.62,-0.51,1,9940
100,0.62,-0.51,2,9500
100,0.62,-0.52,0,9890
100,0.62,-0.52,1,9880
100,0.62,-0.52,2,8470
100,0.62,-0.53,0,9920
100,0.62,-0.53,1,9940
100,0.62,-0.53,2,9650
100,0.62,-0.54,0,9950
100,0.62,-0.54,1,9890
100,0.62,-0.54,2,9550
100,0.62,-0.55,0,9840
100,0.62,-0.55,1,9860
100,0.62,-0.55,2,9880
100,0.62,-0.56,0,9890
100,0.62,-0.56,1,9920
100,0.62,-0.56,2,9880
100,0.62,-0.5700000000000001,0,9750
100,0.62,-0.5700000000000001,1,9870
100,0.62,-0.5700000000000001,2,9830
100,0.62,-0.5800000000000001,0,9860
100,0.62,-0.5800000000000001,1,9520
100,0.62,-0.5800000000000001,2,9840
100,0.62,-0.5900000000000001,0,9870
100,0.62,-0.5900000000000001,1,9920
100,0.62,-0.5900000000000001,2,9880
100,0.62,-0.5,0,9910
100,0.62,-0.5,1,9910
100,0.62,-0.5,2,9810
100,0.62,-0.6000000000000001,0,9830
100,0.62,-0.6000000000000001,1,9810
100,0.62,-0.6000000000000001,2,9890
100,0.62,-0.6100000000000001,0,9300
100,0.62,-0.6100000000000001,1,9870
100,0.62,-0.6100000000000001,2,9930
100,0.62,-0.6200000000000001,0,9720
100,0.62,-0.6200000000000001,1,9910
100,0.62,-0.6200000000000001,2,9840
100,0.62,-0.63,0,9820
100,0.62,-0.63,1,9890
100,0.62,-0.63,2,9330
100,0.62,-0.64,0,9890
100,0.62,-0.64,1,9870
100,0.62,-0.64,2,9480
100,0.62,-0.65,0,8640
100,0.62,-0.65,1,9420
100,0.62,-0.65,2,9850
100,0.62,-0.66,0,9920
100,0.62,-0.66,1,9910
100,0.62,-0.66,2,9500
100,0.62,-0.67,0,9700
100,0.62,-0.67,1,9810
100,0.62,-0.67,2,9930
100,0.62,-0.68,0,9920
100,0.62,-0.68,1,6330
100,0.62,-0.68,2,9820
100,0.62,-0.6900000000000001,0,9670
100,0.62,-0.6900000000000001,1,9810
100,0.62,-0.6900000000000001,2,9860
100,0.62,-0.7000000000000001,0,9810
100,0.62,-0.7000000000000001,1,9690
100,0.62,-0.7000000000000001,2,9860
100,0.62,-0.7100000000000001,0,9920
100,0.62,-0.7100000000000001,1,9720
100,0.62,-0.7100000000000001,2,9880
100,0.62,-0.7200000000000001,0,9870
100,0.62,-0.7200000000000001,1,9840
100,0.62,-0.7200000000000001,2,9890
100,0.62,-0.73,0,9570
100,0.62,-0.73,1,9800
100,0.62,-0.73,2,9740
100,0.62,-0.74,0,9810
100,0.62,-0.74,1,9870
100,0.62,-0.74,2,8020
100,0.62,-0.75,0,9310
100,0.62,-0.75,1,9890
100,0.62,-0.75,2,6480
100,0.62,-0.76,0,9840
100,0.62,-0.76,1,9880
100,0.62,-0.76,2,9030
100,0.62,-0.77,0,9760
100,0.62,-0.77,1,9070
100,0.62,-0.77,2,9900
100,0.62,-0.78,0,9810
100,0.62,-0.78,1,9880
100,0.62,-0.78,2,9660
100,0.62,-0.79,0,8550
100,0.62,-0.79,1,9710
100,0.62,-0.79,2,9840
100,0.62,-0.8,0,9710
100,0.62,-0.8,1,9770
100,0.62,-0.8,2,8930
100,0.62,0.010000000000000009,0,5820
100,0.62,0.010000000000000009,1,5900
100,0.62,0.010000000000000009,2,2030
100,0.62,0.020000000000000018,0,2590
100,0.62,0.020000000000000018,1,2220
100,0.62,0.020000000000000018,2,550
100,0.62,0.030000000000000027,0,1660
100,0.62,0.030000000000000027,1,1290
100,0.62,0.030000000000000027,2,60
100,0.62,0.039999999999999925,0,1200
100,0.62,0.039999999999999925,1,810
100,0.62,0.039999999999999925,2,40
100,0.62,0.04999999999999993,0,940
100,0.62,0.04999999999999993,1,540
100,0.62,0.04999999999999993,2,40
100,0.62,0.05999999999999994,0,790
100,0.62,0.05999999999999994,1,170
100,0.62,0.05999999999999994,2,30
100,0.62,0.06999999999999995,0,100
100,0.62,0.06999999999999995,1,160
100,0.62,0.06999999999999995,2,30
100,0.62,0.07999999999999996,0,90
100,0.62,0.07999999999999996,1,140
100,0.62,0.07999999999999996,2,20
100,0.62,0.08999999999999997,0,80
100,0.62,0.08999999999999997,1,140
100,0.62,0.08999999999999997,2,20
100,0.62,0.09999999999999998,0,80
100,0.62,0.09999999999999998,1,130
100,0.62,0.09999999999999998,2,20
100,0.62,0.0,0,0
100,0.62,0.0,1,0
100,0.62,0.0,2,0
100,0.62,0.10999999999999999,0,70
100,0.62,0.10999999999999999,1,120
100,0.62,0.10999999999999999,2,10
100,0.62,0.12,0,70
100,0.62,0.12,1,120
100,0.62,0.12,2,10
100,0.62,0.13,0,60
100,0.62,0.13,1,110
100,0.62,0.13,2,10
100,0.62,0.14,0,60
100,0.62,0.14,1,110
100,0.62,0.14,2,10
100,0.62,0.15000000000000002,0,60
100,0.62,0.15000000000000002,1,100
100,0.62,0.15000000000000002,2,10
100,0.62,0.15999999999999992,0,60
100,0.62,0.15999999999999992,1,100
100,0.62,0.15999999999999992,2,10
100,0.62,0.16999999999999993,0,50
100,0.62,0.16999999999999993,1,0
100,0.62,0.16999999999999993,2,10
100,0.62,0.17999999999999994,0,50
100,0.62,0.17999999999999994,1,0
100,0.62,0.17999999999999994,2,10
100,0.62,0.18999999999999995,0,50
100,0.62,0.18999999999999995,1,0
100,0.62,0.18999999999999995,2,10
100,0.62,0.2,0,50
100,0.62,0.2,1,0
100,0.62,0.2,2,10
100,0.63,-0.010000000000000009,0,0
100,0.63,-0.010000000000000009,1,60
100,0.63,-0.010000000000000009,2,0
100,0.63,-0.020000000000000018,0,40
100,0.63,-0.020000000000000018,1,80
100,0.63,-0.020000000000000018,2,0
100,0.63,-0.030000000000000027,0,9948
100,0.63,-0.030000000000000027,1,6620
100,0.63,-0.030000000000000027,2,0
100,0.63,-0.040000000000000036,0,7620
100,0.63,-0.040000000000000036,1,9670
100,0.63,-0.040000000000000036,2,9620
100,0.63,-0.050000000000000044,0,5290
100,0.63,-0.050000000000000044,1,9920
100,0.63,-0.050000000000000044,2,0
100,0.63,-0.06000000000000005,0,9150
100,0.63,-0.06000000000000005,1,90
100,0.63,-0.06000000000000005,2,9940
100,0.63,-0.07000000000000006,0,50
100,0.63,-0.07000000000000006,1,9750
100,0.63,-0.07000000000000006,2,6530
100,0.63,-0.08000000000000007,0,7380
100,0.63,-0.08000000000000007,1,9200
100,0.63,-0.08000000000000007,2,8930
100,0.63,-0.09000000000000008,0,9860
100,0.63,-0.09000000000000008,1,9900
100,0.63,-0.09000000000000008,2,9790
100,0.63,-0.09999999999999998,0,50
100,0.63,-0.09999999999999998,1,9870
100,0.63,-0.09999999999999998,2,9940
100,0.63,-0.10999999999999999,0,9880
100,0.63,-0.10999999999999999,1,9890
100,0.63,-0.10999999999999999,2,9840
100,0.63,-0.12,0,9710
100,0.63,-0.12,1,9940
100,0.63,-0.12,2,9890
100,0.63,-0.13,0,9700
100,0.63,-0.13,1,9920
100,0.63,-0.13,2,0
100,0.63,-0.14,0,9930
100,0.63,-0.14,1,9730
100,0.63,-0.14,2,9850
100,0.63,-0.15000000000000002,0,9900
100,0.63,-0.15000000000000002,1,9790
100,0.63,-0.15000000000000002,2,6760
100,0.63,-0.16000000000000003,0,9840
100,0.63,-0.16000000000000003,1,9710
100,0.63,-0.16000000000000003,2,9800
100,0.63,-0.17000000000000004,0,9930
100,0.63,-0.17000000000000004,1,9750
100,0.63,-0.17000000000000004,2,9600
100,0.63,-0.18000000000000005,0,9650
100,0.63,-0.18000000000000005,1,9930
100,0.63,-0.18000000000000005,2,9800
100,0.63,-0.19000000000000006,0,5230
100,0.63,-0.19000000000000006,1,9570
100,0.63,-0.19000000000000006,2,9850
100,0.63,-0.20000000000000007,0,9940
100,0.63,-0.20000000000000007,1,9800
100,0.63,-0.20000000000000007,2,4870
100,0.63,-0.21000000000000008,0,2240
100,0.63,-0.21000000000000008,1,6310
100,0.63,-0.21000000000000008,2,9710
100,0.63,-0.22000000000000008,0,9860
100,0.63,-0.22000000000000008,1,9930
100,0.63,-0.22000000000000008,2,9890
100,0.63,-0.22999999999999998,0,9680
100,0.63,-0.22999999999999998,1,9530
100,0.63,-0.22999999999999998,2,9840
100,0.63,-0.24,0,6540
100,0.63,-0.24,1,9940
100,0.63,-0.24,2,9910
100,0.63,-0.25,0,9880
100,0.63,-0.25,1,9790
100,0.63,-0.25,2,9590
100,0.63,-0.26,0,9770
100,0.63,-0.26,1,9800
100,0.63,-0.26,2,9880
100,0.63,-0.27,0,9920
100,0.63,-0.27,1,9690
100,0.63,-0.27,2,9950
100,0.63,-0.28,0,7130
100,0.63,-0.28,1,9920
100,0.63,-0.28,2,9950
100,0.63,-0.29000000000000004,0,9870
100,0.63,-0.29000000000000004,1,6560
100,0.63,-0.29000000000000004,2,9880
100,0.63,-0.30000000000000004,0,9870
100,0.63,-0.30000000000000004,1,9910
100,0.63,-0.30000000000000004,2,9860
100,0.63,-0.31000000000000005,0,9940
100,0.63,-0.31000000000000005,1,9920
100,0.63,-0.31000000000000005,2,9850
100,0.63,-0.32000000000000006,0,9820
100,0.63,-0.32000000000000006,1,9770
100,0.63,-0.32000000000000006,2,9850
100,0.63,-0.33,0,9730
100,0.63,-0.33,1,9940
100,0.63,-0.33,2,5120
100,0.63,-0.34,0,9920
100,0.63,-0.34,1,9750
100,0.63,-0.34,2,5250
100,0.63,-0.35000000000000003,0,9890
100,0.63,-0.35000000000000003,1,9820
100,0.63,-0.35000000000000003,2,6690
100,0.63,-0.36000000000000004,0,9920
100,0.63,-0.36000000000000004,1,9920
100,0.63,-0.36000000000000004,2,9920
100,0.63,-0.37000000000000005,0,9850
100,0.63,-0.37000000000000005,1,9880
100,0.63,-0.37000000000000005,2,9780
100,0.63,-0.38000000000000006,0,9880
100,0.63,-0.38000000000000006,1,9750
100,0.63,-0.38000000000000006,2,8260
100,0.63,-0.39,0,6630
100,0.63,-0.39,1,9940
100,0.63,-0.39,2,9930
100,0.63,-0.41000000000000003,0,9950
100,0.63,-0.41000000000000003,1,9790
100,0.63,-0.41000000000000003,2,9910
100,0.63,-0.42000000000000004,0,9870
100,0.63,-0.42000000000000004,1,9910
100,0.63,-0.42000000000000004,2,9860
100,0.63,-0.43000000000000005,0,8650
100,0.63,-0.43000000000000005,1,7680
100,0.63,-0.43000000000000005,2,9920
100,0.63,-0.44000000000000006,0,8120
100,0.63,-0.44000000000000006,1,7160
100,0.63,-0.44000000000000006,2,9810
100,0.63,-0.45,0,8540
100,0.63,-0.45,1,9900
100,0.63,-0.45,2,9630
100,0.63,-0.46,0,9880
100,0.63,-0.46,1,9940
100,0.63,-0.46,2,9950
100,0.63,-0.47000000000000003,0,9860
100,0.63,-0.47000000000000003,1,9967
100,0.63,-0.47000000000000003,2,9920
100,0.63,-0.48000000000000004,0,9830
100,0.63,-0.48000000000000004,1,7050
100,0.63,-0.48000000000000004,2,9840
100,0.63,-0.49000000000000005,0,9950
100,0.63,-0.49000000000000005,1,9930
100,0.63,-0.49000000000000005,2,9870
100,0.63,-0.4,0,9870
100,0.63,-0.4,1,7700
100,0.63,-0.4,2,9610
100,0.63,-0.51,0,9900
100,0.63,-0.51,1,9920
100,0.63,-0.51,2,9840
100,0.63,-0.52,0,9760
100,0.63,-0.52,1,9570
100,0.63,-0.52,2,9160
100,0.63,-0.53,0,9900
100,0.63,-0.53,1,9940
100,0.63,-0.53,2,9940
100,0.63,-0.54,0,9690
100,0.63,-0.54,1,9920
100,0.63,-0.54,2,8990
100,0.63,-0.55,0,9994
100,0.63,-0.55,1,9930
100,0.63,-0.55,2,9920
100,0.63,-0.56,0,9740
100,0.63,-0.56,1,9850
100,0.63,-0.56,2,9900
100,0.63,-0.5700000000000001,0,9910
100,0.63,-0.5700000000000001,1,9770
100,0.63,-0.5700000000000001,2,9920
100,0.63,-0.5800000000000001,0,9840
100,0.63,-0.5800000000000001,1,9900
100,0.63,-0.5800000000000001,2,7600
100,0.63,-0.5900000000000001,0,9900
100,0.63,-0.5900000000000001,1,9790
100,0.63,-0.5900000000000001,2,9840
100,0.63,-0.5,0,9900
100,0.63,-0.5,1,9910
100,0.63,-0.5,2,9770
100,0.63,-0.6000000000000001,0,9880
100,0.63,-0.6000000000000001,1,9830
100,0.63,-0.6000000000000001,2,9780
100,0.63,-0.6100000000000001,0,9810
100,0.63,-0.6100000000000001,1,9920
100,0.63,-0.6100000000000001,2,9490
100,0.63,-0.6200000000000001,0,9790
100,0.63,-0.6200000000000001,1,9699
100,0.63,-0.6200000000000001,2,9920
100,0.63,-0.63,0,9920
100,0.63,-0.63,1,9940
100,0.63,-0.63,2,9860
100,0.63,-0.64,0,9930
100,0.63,-0.64,1,9750
100,0.63,-0.64,2,9910
100,0.63,-0.65,0,9910
100,0.63,-0.65,1,9900
100,0.63,-0.65,2,8340
100,0.63,-0.66,0,9860
100,0.63,-0.66,1,9710
100,0.63,-0.66,2,9830
100,0.63,-0.67,0,9930
100,0.63,-0.67,1,9880
100,0.63,-0.67,2,9910
100,0.63,-0.68,0,9880
100,0.63,-0.68,1,9890
100,0.63,-0.68,2,9890
100,0.63,-0.6900000000000001,0,9870
100,0.63,-0.6900000000000001,1,9870
100,0.63,-0.6900000000000001,2,9830
100,0.63,-0.7000000000000001,0,9860
100,0.63,-0.7000000000000001,1,9850
100,0.63,-0.7000000000000001,2,9780
100,0.63,-0.7100000000000001,0,9890
100,0.63,-0.7100000000000001,1,7140
100,0.63,-0.7100000000000001,2,9890
100,0.63,-0.7200000000000001,0,9910
100,0.63,-0.7200000000000001,1,9840
100,0.63,-0.7200000000000001,2,9940
100,0.63,-0.73,0,9910
100,0.63,-0.73,1,9870
100,0.63,-0.73,2,9780
100,0.63,-0.74,0,9900
100,0.63,-0.74,1,9850
100,0.63,-0.74,2,8970
100,0.63,-0.75,0,9890
100,0.63,-0.75,1,9420
100,0.63,-0.75,2,9850
100,0.63,-0.76,0,9850
100,0.63,-0.76,1,9190
100,0.63,-0.76,2,9870
100,0.63,-0.77,0,9690
100,0.63,-0.77,1,9910
100,0.63,-0.77,2,9790
100,0.63,-0.78,0,9840
100,0.63,-0.78,1,9470
100,0.63,-0.78,2,9560
100,0.63,-0.79,0,9720
100,0.63,-0.79,1,9870
100,0.63,-0.79,2,9930
100,0.63,-0.8,0,9620
100,0.63,-0.8,1,9870
100,0.63,-0.8,2,8990
100,0.63,0.010000000000000009,0,5860
100,0.63,0.010000000000000009,1,5800
100,0.63,0.010000000000000009,2,2030
100,0.63,0.020000000000000018,0,2630
100,0.63,0.020000000000000018,1,2230
100,0.63,0.020000000000000018,2,560
100,0.63,0.030000000000000027,0,1680
100,0.63,0.030000000000000027,1,1240
100,0.63,0.030000000000000027,2,50
100,0.63,0.039999999999999925,0,1220
100,0.63,0.039999999999999925,1,820
100,0.63,0.039999999999999925,2,40
100,0.63,0.04999999999999993,0,960
100,0.63,0.04999999999999993,1,550
100,0.63,0.04999999999999993,2,40
100,0.63,0.05999999999999994,0,810
100,0.63,0.05999999999999994,1,160
100,0.63,0.05999999999999994,2,30
100,0.63,0.06999999999999995,0,90
100,0.63,0.06999999999999995,1,150
100,0.63,0.06999999999999995,2,30
100,0.63,0.07999999999999996,0,90
100,0.63,0.07999999999999996,1,140
100,0.63,0.07999999999999996,2,20
100,0.63,0.08999999999999997,0,80
100,0.63,0.08999999999999997,1,130
100,0.63,0.08999999999999997,2,20
100,0.63,0.09999999999999998,0,80
100,0.63,0.09999999999999998,1,130
100,0.63,0.09999999999999998,2,20
100,0.63,0.0,0,0
100,0.63,0.0,1,0
100,0.63,0.0,2,0
100,0.63,0.10999999999999999,0,70
100,0.63,0.10999999999999999,1,120
100,0.63,0.10999999999999999,2,10
100,0.63,0.12,0,70
100,0.63,0.12,1,120
100,0.63,0.12,2,10
100,0.63,0.13,0,60
100,0.63,0.13,1,110
100,0.63,0.13,2,10
100,0.63,0.14,0,60
100,0.63,0.14,1,110
100,0.63,0.14,2,10
100,0.63,0.15000000000000002,0,60
100,0.63,0.15000000000000002,1,100
100,0.63,0.15000000000000002,2,10
100,0.63,0.15999999999999992,0,50
100,0.63,0.15999999999999992,1,100
100,0.63,0.15999999999999992,2,10
100,0.63,0.16999999999999993,0,50
100,0.63,0.16999999999999993,1,0
100,0.63,0.16999999999999993,2,10
100,0.63,0.17999999999999994,0,50
100,0.63,0.17999999999999994,1,0
100,0.63,0.17999999999999994,2,10
100,0.63,0.18999999999999995,0,50
100,0.63,0.18999999999999995,1,0
100,0.63,0.18999999999999995,2,10
100,0.63,0.2,0,50
100,0.63,0.2,1,0
100,0.63,0.2,2,10
100,0.64,-0.010000000000000009,0,0
100,0.64,-0.010000000000000009,1,60
100,0.64,-0.010000000000000009,2,0
100,0.64,-0.020000000000000018,0,40
100,0.64,-0.020000000000000018,1,70
100,0.64,-0.020000000000000018,2,0
100,0.64,-0.030000000000000027,0,40
100,0.64,-0.030000000000000027,1,9730
100,0.64,-0.030000000000000027,2,0
100,0.64,-0.040000000000000036,0,9230
100,0.64,-0.040000000000000036,1,9870
100,0.64,-0.040000000000000036,2,0
100,0.64,-0.050000000000000044,0,40
100,0.64,-0.050000000000000044,1,3440
100,0.64,-0.050000000000000044,2,5810
100,0.64,-0.06000000000000005,0,9330
100,0.64,-0.06000000000000005,1,4590
100,0.64,-0.06000000000000005,2,9900
100,0.64,-0.07000000000000006,0,9830
100,0.64,-0.07000000000000006,1,8950
100,0.64,-0.07000000000000006,2,9460
100,0.64,-0.08000000000000007,0,9850
100,0.64,-0.08000000000000007,1,9740
100,0.64,-0.08000000000000007,2,9370
100,0.64,-0.09000000000000008,0,9920
100,0.64,-0.09000000000000008,1,9280
100,0.64,-0.09000000000000008,2,9920
100,0.64,-0.09999999999999998,0,9860
100,0.64,-0.09999999999999998,1,9850
100,0.64,-0.09999999999999998,2,9450
100,0.64,-0.10999999999999999,0,9660
100,0.64,-0.10999999999999999,1,9720
100,0.64,-0.10999999999999999,2,9940
100,0.64,-0.12,0,9800
100,0.64,-0.12,1,9890
100,0.64,-0.12,2,9650
100,0.64,-0.13,0,9910
100,0.64,-0.13,1,9300
100,0.64,-0.13,2,9820
100,0.64,-0.14,0,9810
100,0.64,-0.14,1,9690
100,0.64,-0.14,2,9870
100,0.64,-0.15000000000000002,0,7530
100,0.64,-0.15000000000000002,1,9850
100,0.64,-0.15000000000000002,2,9910
100,0.64,-0.16000000000000003,0,9770
100,0.64,-0.16000000000000003,1,9920
100,0.64,-0.16000000000000003,2,9850
100,0.64,-0.17000000000000004,0,9920
100,0.64,-0.17000000000000004,1,9600
100,0.64,-0.17000000000000004,2,9920
100,0.64,-0.18000000000000005,0,9940
100,0.64,-0.18000000000000005,1,9350
100,0.64,-0.18000000000000005,2,9720
100,0.64,-0.19000000000000006,0,9910
100,0.64,-0.19000000000000006,1,9900
100,0.64,-0.19000000000000006,2,5350
100,0.64,-0.20000000000000007,0,9880
100,0.64,-0.20000000000000007,1,9920
100,0.64,-0.20000000000000007,2,9870
100,0.64,-0.21000000000000008,0,9900
100,0.64,-0.21000000000000008,1,9860
100,0.64,-0.21000000000000008,2,9880
100,0.64,-0.22000000000000008,0,9880
100,0.64,-0.22000000000000008,1,9730
100,0.64,-0.22000000000000008,2,9910
100,0.64,-0.22999999999999998,0,9760
100,0.64,-0.22999999999999998,1,9910
100,0.64,-0.22999999999999998,2,9820
100,0.64,-0.24,0,9850
100,0.64,-0.24,1,9910
100,0.64,-0.24,2,9780
100,0.64,-0.25,0,8530
100,0.64,-0.25,1,7860
100,0.64,-0.25,2,9890
100,0.64,-0.26,0,9320
100,0.64,-0.26,1,9840
100,0.64,-0.26,2,9860
100,0.64,-0.27,0,9950
100,0.64,-0.27,1,9820
100,0.64,-0.27,2,9800
100,0.64,-0.28,0,9900
100,0.64,-0.28,1,9680
100,0.64,-0.28,2,9910
100,0.64,-0.29000000000000004,0,9870
100,0.64,-0.29000000000000004,1,9880
100,0.64,-0.29000000000000004,2,9700
100,0.64,-0.30000000000000004,0,9840
100,0.64,-0.30000000000000004,1,4730
100,0.64,-0.30000000000000004,2,9890
100,0.64,-0.31000000000000005,0,9880
100,0.64,-0.31000000000000005,1,9950
100,0.64,-0.31000000000000005,2,9880
100,0.64,-0.32000000000000006,0,9920
100,0.64,-0.32000000000000006,1,9720
100,0.64,-0.32000000000000006,2,9900
100,0.64,-0.33,0,9920
100,0.64,-0.33,1,9930
100,0.64,-0.33,2,9880
100,0.64,-0.34,0,8750
100,0.64,-0.34,1,9730
100,0.64,-0.34,2,9850
100,0.64,-0.35000000000000003,0,7950
100,0.64,-0.35000000000000003,1,9650
100,0.64,-0.35000000000000003,2,9950
100,0.64,-0.36000000000000004,0,9950
100,0.64,-0.36000000000000004,1,9930
100,0.64,-0.36000000000000004,2,9780
100,0.64,-0.37000000000000005,0,9930
100,0.64,-0.37000000000000005,1,9950
100,0.64,-0.37000000000000005,2,9860
100,0.64,-0.38000000000000006,0,9870
100,0.64,-0.38000000000000006,1,9940
100,0.64,-0.38000000000000006,2,9770
100,0.64,-0.39,0,9750
100,0.64,-0.39,1,7180
100,0.64,-0.39,2,9920
100,0.64,-0.41000000000000003,0,9830
100,0.64,-0.41000000000000003,1,9850
100,0.64,-0.41000000000000003,2,8220
100,0.64,-0.42000000000000004,0,8020
100,0.64,-0.42000000000000004,1,9940
100,0.64,-0.42000000000000004,2,9880
100,0.64,-0.43000000000000005,0,9930
100,0.64,-0.43000000000000005,1,9850
100,0.64,-0.43000000000000005,2,9870
100,0.64,-0.44000000000000006,0,9900
100,0.64,-0.44000000000000006,1,9920
100,0.64,-0.44000000000000006,2,6200
100,0.64,-0.45,0,9940
100,0.64,-0.45,1,7750
100,0.64,-0.45,2,9890
100,0.64,-0.46,0,9890
100,0.64,-0.46,1,9930
100,0.64,-0.46,2,9700
100,0.64,-0.47000000000000003,0,9930
100,0.64,-0.47000000000000003,1,9820
100,0.64,-0.47000000000000003,2,9850
100,0.64,-0.48000000000000004,0,9920
100,0.64,-0.48000000000000004,1,9950
100,0.64,-0.48000000000000004,2,9810
100,0.64,-0.49000000000000005,0,9840
100,0.64,-0.49000000000000005,1,9890
100,0.64,-0.49000000000000005,2,9910
100,0.64,-0.4,0,9920
100,0.64,-0.4,1,8090
100,0.64,-0.4,2,9750
100,0.64,-0.51,0,9950
100,0.64,-0.51,1,9850
100,0.64,-0.51,2,9830
100,0.64,-0.52,0,9930
100,0.64,-0.52,1,9890
100,0.64,-0.52,2,9900
100,0.64,-0.53,0,9870
100,0.64,-0.53,1,9690
100,0.64,-0.53,2,9830
100,0.64,-0.54,0,8220
100,0.64,-0.54,1,9940
100,0.64,-0.54,2,9940
100,0.64,-0.55,0,9680
100,0.64,-0.55,1,9860
100,0.64,-0.55,2,9930
100,0.64,-0.56,0,9930
100,0.64,-0.56,1,9930
100,0.64,-0.56,2,9750
100,0.64,-0.5700000000000001,0,9880
100,0.64,-0.5700000000000001,1,9900
100,0.64,-0.5700000000000001,2,9940
100,0.64,-0.5800000000000001,0,9770
100,0.64,-0.5800000000000001,1,9390
100,0.64,-0.5800000000000001,2,9800
100,0.64,-0.5900000000000001,0,9520
100,0.64,-0.5900000000000001,1,9910
100,0.64,-0.5900000000000001,2,9920
100,0.64,-0.5,0,9900
100,0.64,-0.5,1,9760
100,0.64,-0.5,2,9870
100,0.64,-0.6000000000000001,0,9690
100,0.64,-0.6000000000000001,1,8810
100,0.64,-0.6000000000000001,2,9840
100,0.64,-0.6100000000000001,0,9920
100,0.64,-0.6100000000000001,1,9860
100,0.64,-0.6100000000000001,2,9899
100,0.64,-0.6200000000000001,0,9890
100,0.64,-0.6200000000000001,1,9850
100,0.64,-0.6200000000000001,2,9910
100,0.64,-0.63,0,9720
100,0.64,-0.63,1,9890
100,0.64,-0.63,2,9480
100,0.64,-0.64,0,9810
100,0.64,-0.64,1,9920
100,0.64,-0.64,2,9820
100,0.64,-0.65,0,9750
100,0.64,-0.65,1,9930
100,0.64,-0.65,2,9890
100,0.64,-0.66,0,8810
100,0.64,-0.66,1,9350
100,0.64,-0.66,2,9880
100,0.64,-0.67,0,9890
100,0.64,-0.67,1,9790
100,0.64,-0.67,2,9880
100,0.64,-0.68,0,9560
100,0.64,-0.68,1,9440
100,0.64,-0.68,2,9920
100,0.64,-0.6900000000000001,0,9850
100,0.64,-0.6900000000000001,1,9750
100,0.64,-0.6900000000000001,2,9930
100,0.64,-0.7000000000000001,0,9870
100,0.64,-0.7000000000000001,1,9650
100,0.64,-0.7000000000000001,2,9650
100,0.64,-0.7100000000000001,0,9910
100,0.64,-0.7100000000000001,1,9840
100,0.64,-0.7100000000000001,2,9090
100,0.64,-0.7200000000000001,0,8900
100,0.64,-0.7200000000000001,1,9880
100,0.64,-0.7200000000000001,2,9700
100,0.64,-0.73,0,9860
100,0.64,-0.73,1,9810
100,0.64,-0.73,2,9150
100,0.64,-0.74,0,9900
100,0.64,-0.74,1,9850
100,0.64,-0.74,2,9890
100,0.64,-0.75,0,9320
100,0.64,-0.75,1,9470
100,0.64,-0.75,2,9860
100,0.64,-0.76,0,9800
100,0.64,-0.76,1,9820
100,0.64,-0.76,2,9820
100,0.64,-0.77,0,9890
100,0.64,-0.77,1,9700
100,0.64,-0.77,2,9340
100,0.64,-0.78,0,8300
100,0.64,-0.78,1,9630
100,0.64,-0.78,2,9690
100,0.64,-0.79,0,8670
100,0.64,-0.79,1,9860
100,0.64,-0.79,2,9580
100,0.64,-0.8,0,9910
100,0.64,-0.8,1,9910
100,0.64,-0.8,2,9530
100,0.64,0.010000000000000009,0,5900
100,0.64,0.010000000000000009,1,5780
100,0.64,0.010000000000000009,2,2040
100,0.64,0.020000000000000018,0,2660
100,0.64,0.020000000000000018,1,2170
100,0.64,0.020000000000000018,2,560
100,0.64,0.030000000000000027,0,1700
100,0.64,0.030000000000000027,1,1220
100,0.64,0.030000000000000027,2,50
100,0.64,0.039999999999999925,0,1240
100,0.64,0.039999999999999925,1,830
100,0.64,0.039999999999999925,2,40
100,0.64,0.04999999999999993,0,980
100,0.64,0.04999999999999993,1,540
100,0.64,0.04999999999999993,2,40
100,0.64,0.05999999999999994,0,830
100,0.64,0.05999999999999994,1,160
100,0.64,0.05999999999999994,2,30
100,0.64,0.06999999999999995,0,690
100,0.64,0.06999999999999995,1,150
100,0.64,0.06999999999999995,2,30
100,0.64,0.07999999999999996,0,90
100,0.64,0.07999999999999996,1,140
100,0.64,0.07999999999999996,2,20
100,0.64,0.08999999999999997,0,80
100,0.64,0.08999999999999997,1,130
100,0.64,0.08999999999999997,2,20
100,0.64,0.09999999999999998,0,80
100,0.64,0.09999999999999998,1,130
100,0.64,0.09999999999999998,2,20
100,0.64,0.0,0,0
100,0.64,0.0,1,0
100,0.64,0.0,2,0
100,0.64,0.10999999999999999,0,70
100,0.64,0.10999999999999999,1,120
100,0.64,0.10999999999999999,2,10
100,0.64,0.12,0,70
100,0.64,0.12,1,110
100,0.64,0.12,2,10
100,0.64,0.13,0,60
100,0.64,0.13,1,110
100,0.64,0.13,2,10
100,0.64,0.14,0,60
100,0.64,0.14,1,100
100,0.64,0.14,2,10
100,0.64,0.15000000000000002,0,60
100,0.64,0.15000000000000002,1,100
100,0.64,0.15000000000000002,2,10
100,0.64,0.15999999999999992,0,50
100,0.64,0.15999999999999992,1,100
100,0.64,0.15999999999999992,2,10
100,0.64,0.16999999999999993,0,50
100,0.64,0.16999999999999993,1,0
100,0.64,0.16999999999999993,2,10
100,0.64,0.17999999999999994,0,50
100,0.64,0.17999999999999994,1,0
100,0.64,0.17999999999999994,2,10
100,0.64,0.18999999999999995,0,50
100,0.64,0.18999999999999995,1,0
100,0.64,0.18999999999999995,2,10
100,0.64,0.2,0,50
100,0.64,0.2,1,0
100,0.64,0.2,2,10
100,0.65,-0.010000000000000009,0,0
100,0.65,-0.010000000000000009,1,0
100,0.65,-0.010000000000000009,2,0
100,0.65,-0.020000000000000018,0,40
100,0.65,-0.020000000000000018,1,70
100,0.65,-0.020000000000000018,2,0
100,0.65,-0.030000000000000027,0,2610
100,0.65,-0.030000000000000027,1,80
100,0.65,-0.030000000000000027,2,0
100,0.65,-0.040000000000000036,0,40
100,0.65,-0.040000000000000036,1,9880
100,0.65,-0.040000000000000036,2,0
100,0.65,-0.050000000000000044,0,9540
100,0.65,-0.050000000000000044,1,9400
100,0.65,-0.050000000000000044,2,4250
100,0.65,-0.06000000000000005,0,9810
100,0.65,-0.06000000000000005,1,9350
100,0.65,-0.06000000000000005,2,9370
100,0.65,-0.07000000000000006,0,9790
100,0.65,-0.07000000000000006,1,9620
100,0.65,-0.07000000000000006,2,9210
100,0.65,-0.08000000000000007,0,9400
100,0.65,-0.08000000000000007,1,8770
100,0.65,-0.08000000000000007,2,9470
100,0.65,-0.09000000000000008,0,9440
100,0.65,-0.09000000000000008,1,9310
100,0.65,-0.09000000000000008,2,6320
100,0.65,-0.09999999999999998,0,9730
100,0.65,-0.09999999999999998,1,9710
100,0.65,-0.09999999999999998,2,7780
100,0.65,-0.10999999999999999,0,9750
100,0.65,-0.10999999999999999,1,9540
100,0.65,-0.10999999999999999,2,6410
100,0.65,-0.12,0,5640
100,0.65,-0.12,1,9860
100,0.65,-0.12,2,9940
100,0.65,-0.13,0,9390
100,0.65,-0.13,1,9700
100,0.65,-0.13,2,9830
100,0.65,-0.14,0,9830
100,0.65,-0.14,1,9610
100,0.65,-0.14,2,9860
100,0.65,-0.15000000000000002,0,9850
100,0.65,-0.15000000000000002,1,9010
100,0.65,-0.15000000000000002,2,9940
100,0.65,-0.16000000000000003,0,9720
100,0.65,-0.16000000000000003,1,9000
100,0.65,-0.16000000000000003,2,9950
100,0.65,-0.17000000000000004,0,7110
100,0.65,-0.17000000000000004,1,8830
100,0.65,-0.17000000000000004,2,9930
100,0.65,-0.18000000000000005,0,9830
100,0.65,-0.18000000000000005,1,9890
100,0.65,-0.18000000000000005,2,9910
100,0.65,-0.19000000000000006,0,9540
100,0.65,-0.19000000000000006,1,9510
100,0.65,-0.19000000000000006,2,4350
100,0.65,-0.20000000000000007,0,9870
100,0.65,-0.20000000000000007,1,9870
100,0.65,-0.20000000000000007,2,9850
100,0.65,-0.21000000000000008,0,9900
100,0.65,-0.21000000000000008,1,9930
100,0.65,-0.21000000000000008,2,6370
100,0.65,-0.22000000000000008,0,9750
100,0.65,-0.22000000000000008,1,9850
100,0.65,-0.22000000000000008,2,9900
100,0.65,-0.22999999999999998,0,9920
100,0.65,-0.22999999999999998,1,9920
100,0.65,-0.22999999999999998,2,9920
100,0.65,-0.24,0,9880
100,0.65,-0.24,1,9930
100,0.65,-0.24,2,9940
100,0.65,-0.25,0,9930
100,0.65,-0.25,1,9730
100,0.65,-0.25,2,9920
100,0.65,-0.26,0,9730
100,0.65,-0.26,1,9680
100,0.65,-0.26,2,9900
100,0.65,-0.27,0,9750
100,0.65,-0.27,1,6450
100,0.65,-0.27,2,9890
100,0.65,-0.28,0,3500
100,0.65,-0.28,1,9540
100,0.65,-0.28,2,9890
100,0.65,-0.29000000000000004,0,9590
100,0.65,-0.29000000000000004,1,9920
100,0.65,-0.29000000000000004,2,9610
100,0.65,-0.30000000000000004,0,9930
100,0.65,-0.30000000000000004,1,9880
100,0.65,-0.30000000000000004,2,9950
100,0.65,-0.31000000000000005,0,9840
100,0.65,-0.31000000000000005,1,9830
100,0.65,-0.31000000000000005,2,8240
100,0.65,-0.32000000000000006,0,9730
100,0.65,-0.32000000000000006,1,9510
100,0.65,-0.32000000000000006,2,5670
100,0.65,-0.33,0,9940
100,0.65,-0.33,1,9780
100,0.65,-0.33,2,9920
100,0.65,-0.34,0,9850
100,0.65,-0.34,1,9940
100,0.65,-0.34,2,9078
100,0.65,-0.35000000000000003,0,9820
100,0.65,-0.35000000000000003,1,7510
100,0.65,-0.35000000000000003,2,6380
100,0.65,-0.36000000000000004,0,8240
100,0.65,-0.36000000000000004,1,9690
100,0.65,-0.36000000000000004,2,9890
100,0.65,-0.37000000000000005,0,9900
100,0.65,-0.37000000000000005,1,9800
100,0.65,-0.37000000000000005,2,9940
100,0.65,-0.38000000000000006,0,9940
100,0.65,-0.38000000000000006,1,9690
100,0.65,-0.38000000000000006,2,9940
100,0.65,-0.39,0,9910
100,0.65,-0.39,1,7860
100,0.65,-0.39,2,6500
100,0.65,-0.41000000000000003,0,7230
100,0.65,-0.41000000000000003,1,9410
100,0.65,-0.41000000000000003,2,9860
100,0.65,-0.42000000000000004,0,9560
100,0.65,-0.42000000000000004,1,6980
100,0.65,-0.42000000000000004,2,8590
100,0.65,-0.43000000000000005,0,9740
100,0.65,-0.43000000000000005,1,9870
100,0.65,-0.43000000000000005,2,9920
100,0.65,-0.44000000000000006,0,9920
100,0.65,-0.44000000000000006,1,9950
100,0.65,-0.44000000000000006,2,9610
100,0.65,-0.45,0,9920
100,0.65,-0.45,1,9870
100,0.65,-0.45,2,9920
100,0.65,-0.46,0,7320
100,0.65,-0.46,1,8440
100,0.65,-0.46,2,7590
100,0.65,-0.47000000000000003,0,9940
100,0.65,-0.47000000000000003,1,9780
100,0.65,-0.47000000000000003,2,9840
100,0.65,-0.48000000000000004,0,9920
100,0.65,-0.48000000000000004,1,6470
100,0.65,-0.48000000000000004,2,9700
100,0.65,-0.49000000000000005,0,7350
100,0.65,-0.49000000000000005,1,9890
100,0.65,-0.49000000000000005,2,9910
100,0.65,-0.4,0,9920
100,0.65,-0.4,1,6970
100,0.65,-0.4,2,9790
100,0.65,-0.51,0,9920
100,0.65,-0.51,1,9700
100,0.65,-0.51,2,9880
100,0.65,-0.52,0,9920
100,0.65,-0.52,1,9930
100,0.65,-0.52,2,7690
100,0.65,-0.53,0,9900
100,0.65,-0.53,1,9920
100,0.65,-0.53,2,9920
100,0.65,-0.54,0,9840
100,0.65,-0.54,1,9920
100,0.65,-0.54,2,9940
100,0.65,-0.55,0,9890
100,0.65,-0.55,1,9920
100,0.65,-0.55,2,9900
100,0.65,-0.56,0,9850
100,0.65,-0.56,1,9920
100,0.65,-0.56,2,6340
100,0.65,-0.5700000000000001,0,9650
100,0.65,-0.5700000000000001,1,9740
100,0.65,-0.5700000000000001,2,9740
100,0.65,-0.5800000000000001,0,9920
100,0.65,-0.5800000000000001,1,9800
100,0.65,-0.5800000000000001,2,9630
100,0.65,-0.5900000000000001,0,9930
100,0.65,-0.5900000000000001,1,9890
100,0.65,-0.5900000000000001,2,9610
100,0.65,-0.5,0,9930
100,0.65,-0.5,1,9890
100,0.65,-0.5,2,9890
100,0.65,-0.6000000000000001,0,8090
100,0.65,-0.6000000000000001,1,9700
100,0.65,-0.6000000000000001,2,9790
100,0.65,-0.6100000000000001,0,9670
100,0.65,-0.6100000000000001,1,9900
100,0.65,-0.6100000000000001,2,9560
100,0.65,-0.6200000000000001,0,9860
100,0.65,-0.6200000000000001,1,9930
100,0.65,-0.6200000000000001,2,9930
100,0.65,-0.63,0,8670
100,0.65,-0.63,1,9930
100,0.65,-0.63,2,9770
100,0.65,-0.64,0,9910
100,0.65,-0.64,1,9900
100,0.65,-0.64,2,9920
100,0.65,-0.65,0,9940
100,0.65,-0.65,1,9870
100,0.65,-0.65,2,9770
100,0.65,-0.66,0,9110
100,0.65,-0.66,1,9600
100,0.65,-0.66,2,9810
100,0.65,-0.67,0,9920
100,0.65,-0.67,1,9640
100,0.65,-0.67,2,9800
100,0.65,-0.68,0,9670
100,0.65,-0.68,1,9260
100,0.65,-0.68,2,9830
100,0.65,-0.6900000000000001,0,9930
100,0.65,-0.6900000000000001,1,9910
100,0.65,-0.6900000000000001,2,9880
100,0.65,-0.7000000000000001,0,9780
100,0.65,-0.7000000000000001,1,9840
100,0.65,-0.7000000000000001,2,9750
100,0.65,-0.7100000000000001,0,9760
100,0.65,-0.7100000000000001,1,9650
100,0.65,-0.7100000000000001,2,9930
100,0.65,-0.7200000000000001,0,9740
100,0.65,-0.7200000000000001,1,9870
100,0.65,-0.7200000000000001,2,9450
100,0.65,-0.73,0,8960
100,0.65,-0.73,1,9860
100,0.65,-0.73,2,9770
100,0.65,-0.74,0,9600
100,0.65,-0.74,1,9610
100,0.65,-0.74,2,9770
100,0.65,-0.75,0,9810
100,0.65,-0.75,1,9730
100,0.65,-0.75,2,9790
100,0.65,-0.76,0,9850
100,0.65,-0.76,1,9690
100,0.65,-0.76,2,9870
100,0.65,-0.77,0,9620
100,0.65,-0.77,1,9340
100,0.65,-0.77,2,9860
100,0.65,-0.78,0,9790
100,0.65,-0.78,1,9530
100,0.65,-0.78,2,9860
100,0.65,-0.79,0,9900
100,0.65,-0.79,1,9910
100,0.65,-0.79,2,9830
100,0.65,-0.8,0,9730
100,0.65,-0.8,1,9770
100,0.65,-0.8,2,9350
100,0.65,0.010000000000000009,0,5950
100,0.65,0.010000000000000009,1,5810
100,0.65,0.010000000000000009,2,2040
100,0.65,0.020000000000000018,0,2670
100,0.65,0.020000000000000018,1,2180
100,0.65,0.020000000000000018,2,560
100,0.65,0.030000000000000027,0,1720
100,0.65,0.030000000000000027,1,1240
100,0.65,0.030000000000000027,2,50
100,0.65,0.039999999999999925,0,1270
100,0.65,0.039999999999999925,1,820
100,0.65,0.039999999999999925,2,40
100,0.65,0.04999999999999993,0,1000
100,0.65,0.04999999999999993,1,520
100,0.65,0.04999999999999993,2,40
100,0.65,0.05999999999999994,0,840
100,0.65,0.05999999999999994,1,160
100,0.65,0.05999999999999994,2,30
100,0.65,0.06999999999999995,0,710
100,0.65,0.06999999999999995,1,150
100,0.65,0.06999999999999995,2,30
100,0.65,0.07999999999999996,0,90
100,0.65,0.07999999999999996,1,140
100,0.65,0.07999999999999996,2,20
100,0.65,0.08999999999999997,0,80
100,0.65,0.08999999999999997,1,130
100,0.65,0.08999999999999997,2,20
100,0.65,0.09999999999999998,0,80
100,0.65,0.09999999999999998,1,120
100,0.65,0.09999999999999998,2,20
100,0.65,0.0,0,0
100,0.65,0.0,1,0
100,0.65,0.0,2,0
100,0.65,0.10999999999999999,0,70
100,0.65,0.10999999999999999,1,120
100,0.65,0.10999999999999999,2,10
100,0.65,0.12,0,70
100,0.65,0.12,1,110
100,0.65,0.12,2,10
100,0.65,0.13,0,60
100,0.65,0.13,1,110
100,0.65,0.13,2,10
100,0.65,0.14,0,60
100,0.65,0.14,1,100
100,0.65,0.14,2,10
100,0.65,0.15000000000000002,0,60
100,0.65,0.15000000000000002,1,100
100,0.65,0.15000000000000002,2,10
100,0.65,0.15999999999999992,0,50
100,0.65,0.15999999999999992,1,100
100,0.65,0.15999999999999992,2,10
100,0.65,0.16999999999999993,0,50
100,0.65,0.16999999999999993,1,0
100,0.65,0.16999999999999993,2,10
100,0.65,0.17999999999999994,0,50
100,0.65,0.17999999999999994,1,0
100,0.65,0.17999999999999994,2,10
100,0.65,0.18999999999999995,0,50
100,0.65,0.18999999999999995,1,0
100,0.65,0.18999999999999995,2,10
100,0.65,0.2,0,40
100,0.65,0.2,1,0
100,0.65,0.2,2,10
100,0.66,-0.010000000000000009,0,0
100,0.66,-0.010000000000000009,1,0
100,0.66,-0.010000000000000009,2,0
100,0.66,-0.020000000000000018,0,40
100,0.66,-0.020000000000000018,1,70
100,0.66,-0.020000000000000018,2,0
100,0.66,-0.030000000000000027,0,40
100,0.66,-0.030000000000000027,1,7450
100,0.66,-0.030000000000000027,2,0
100,0.66,-0.040000000000000036,0,2660
100,0.66,-0.040000000000000036,1,2930
100,0.66,-0.040000000000000036,2,0
100,0.66,-0.050000000000000044,0,40
100,0.66,-0.050000000000000044,1,3680
100,0.66,-0.050000000000000044,2,0
100,0.66,-0.06000000000000005,0,40
100,0.66,-0.06000000000000005,1,9870
100,0.66,-0.06000000000000005,2,9810
100,0.66,-0.07000000000000006,0,7580
100,0.66,-0.07000000000000006,1,9830
100,0.66,-0.07000000000000006,2,0
100,0.66,-0.08000000000000007,0,9900
100,0.66,-0.08000000000000007,1,9940
100,0.66,-0.08000000000000007,2,0
100,0.66,-0.09000000000000008,0,8300
100,0.66,-0.09000000000000008,1,8780
100,0.66,-0.09000000000000008,2,0
100,0.66,-0.09999999999999998,0,9830
100,0.66,-0.09999999999999998,1,9910
100,0.66,-0.09999999999999998,2,9270
100,0.66,-0.10999999999999999,0,4850
100,0.66,-0.10999999999999999,1,9710
100,0.66,-0.10999999999999999,2,9770
100,0.66,-0.12,0,9800
100,0.66,-0.12,1,9240
100,0.66,-0.12,2,9850
100,0.66,-0.13,0,9860
100,0.66,-0.13,1,9850
100,0.66,-0.13,2,9250
100,0.66,-0.14,0,9630
100,0.66,-0.14,1,9770
100,0.66,-0.14,2,9360
100,0.66,-0.15000000000000002,0,9930
100,0.66,-0.15000000000000002,1,9910
100,0.66,-0.15000000000000002,2,9630
100,0.66,-0.16000000000000003,0,9890
100,0.66,-0.16000000000000003,1,9900
100,0.66,-0.16000000000000003,2,9820
100,0.66,-0.17000000000000004,0,9830
100,0.66,-0.17000000000000004,1,9930
100,0.66,-0.17000000000000004,2,9880
100,0.66,-0.18000000000000005,0,6000
100,0.66,-0.18000000000000005,1,9940
100,0.66,-0.18000000000000005,2,5430
100,0.66,-0.19000000000000006,0,9890
100,0.66,-0.19000000000000006,1,9700
100,0.66,-0.19000000000000006,2,9920
100,0.66,-0.20000000000000007,0,9760
100,0.66,-0.20000000000000007,1,9800
100,0.66,-0.20000000000000007,2,9780
100,0.66,-0.21000000000000008,0,9880
100,0.66,-0.21000000000000008,1,9650
100,0.66,-0.21000000000000008,2,5450
100,0.66,-0.22000000000000008,0,9920
100,0.66,-0.22000000000000008,1,9900
100,0.66,-0.22000000000000008,2,9930
100,0.66,-0.22999999999999998,0,9820
100,0.66,-0.22999999999999998,1,9920
100,0.66,-0.22999999999999998,2,9910
100,0.66,-0.24,0,9930
100,0.66,-0.24,1,9940
100,0.66,-0.24,2,9470
100,0.66,-0.25,0,9770
100,0.66,-0.25,1,9870
100,0.66,-0.25,2,9940
100,0.66,-0.26,0,9920
100,0.66,-0.26,1,9620
100,0.66,-0.26,2,9900
100,0.66,-0.27,0,9940
100,0.66,-0.27,1,9880
100,0.66,-0.27,2,6150
100,0.66,-0.28,0,5730
100,0.66,-0.28,1,9950
100,0.66,-0.28,2,9950
100,0.66,-0.29000000000000004,0,9730
100,0.66,-0.29000000000000004,1,9930
100,0.66,-0.29000000000000004,2,9930
100,0.66,-0.30000000000000004,0,6920
100,0.66,-0.30000000000000004,1,9780
100,0.66,-0.30000000000000004,2,9940
100,0.66,-0.31000000000000005,0,6690
100,0.66,-0.31000000000000005,1,9830
100,0.66,-0.31000000000000005,2,9900
100,0.66,-0.32000000000000006,0,9940
100,0.66,-0.32000000000000006,1,9860
100,0.66,-0.32000000000000006,2,7140
100,0.66,-0.33,0,9750
100,0.66,-0.33,1,9840
100,0.66,-0.33,2,9890
100,0.66,-0.34,0,9900
100,0.66,-0.34,1,9430
100,0.66,-0.34,2,9790
100,0.66,-0.35000000000000003,0,9920
100,0.66,-0.35000000000000003,1,9740
100,0.66,-0.35000000000000003,2,9870
100,0.66,-0.36000000000000004,0,9950
100,0.66,-0.36000000000000004,1,6390
100,0.66,-0.36000000000000004,2,9920
100,0.66,-0.37000000000000005,0,9000
100,0.66,-0.37000000000000005,1,8410
100,0.66,-0.37000000000000005,2,7770
100,0.66,-0.38000000000000006,0,9760
100,0.66,-0.38000000000000006,1,9840
100,0.66,-0.38000000000000006,2,9940
100,0.66,-0.39,0,9900
100,0.66,-0.39,1,9890
100,0.66,-0.39,2,9890
100,0.66,-0.41000000000000003,0,9870
100,0.66,-0.41000000000000003,1,9470
100,0.66,-0.41000000000000003,2,9910
100,0.66,-0.42000000000000004,0,9880
100,0.66,-0.42000000000000004,1,9930
100,0.66,-0.42000000000000004,2,9900
100,0.66,-0.43000000000000005,0,9910
100,0.66,-0.43000000000000005,1,8170
100,0.66,-0.43000000000000005,2,9770
100,0.66,-0.44000000000000006,0,9930
100,0.66,-0.44000000000000006,1,9480
100,0.66,-0.44000000000000006,2,6430
100,0.66,-0.45,0,6240
100,0.66,-0.45,1,8640
100,0.66,-0.45,2,9910
100,0.66,-0.46,0,6370
100,0.66,-0.46,1,9950
100,0.66,-0.46,2,9710
100,0.66,-0.47000000000000003,0,9880
100,0.66,-0.47000000000000003,1,9840
100,0.66,-0.47000000000000003,2,7970
100,0.66,-0.48000000000000004,0,7870
100,0.66,-0.48000000000000004,1,9900
100,0.66,-0.48000000000000004,2,9940
100,0.66,-0.49000000000000005,0,9930
100,0.66,-0.49000000000000005,1,9910
100,0.66,-0.49000000000000005,2,9920
100,0.66,-0.4,0,9920
100,0.66,-0.4,1,9800
100,0.66,-0.4,2,9940
100,0.66,-0.51,0,9820
100,0.66,-0.51,1,9860
100,0.66,-0.51,2,9930
100,0.66,-0.52,0,7400
100,0.66,-0.52,1,9890
100,0.66,-0.52,2,9880
100,0.66,-0.53,0,9890
100,0.66,-0.53,1,9920
100,0.66,-0.53,2,9930
100,0.66,-0.54,0,9920
100,0.66,-0.54,1,9940
100,0.66,-0.54,2,9730
100,0.66,-0.55,0,9930
100,0.66,-0.55,1,9900
100,0.66,-0.55,2,9880
100,0.66,-0.56,0,9860
100,0.66,-0.56,1,9920
100,0.66,-0.56,2,9700
100,0.66,-0.5700000000000001,0,8490
100,0.66,-0.5700000000000001,1,9730
100,0.66,-0.5700000000000001,2,9920
100,0.66,-0.5800000000000001,0,9660
100,0.66,-0.5800000000000001,1,9930
100,0.66,-0.5800000000000001,2,9830
100,0.66,-0.5900000000000001,0,9520
100,0.66,-0.5900000000000001,1,9940
100,0.66,-0.5900000000000001,2,9850
100,0.66,-0.5,0,9940
100,0.66,-0.5,1,9900
100,0.66,-0.5,2,7930
100,0.66,-0.6000000000000001,0,9400
100,0.66,-0.6000000000000001,1,9920
100,0.66,-0.6000000000000001,2,9700
100,0.66,-0.6100000000000001,0,9820
100,0.66,-0.6100000000000001,1,9920
100,0.66,-0.6100000000000001,2,9850
100,0.66,-0.6200000000000001,0,9890
100,0.66,-0.6200000000000001,1,9770
100,0.66,-0.6200000000000001,2,9810
100,0.66,-0.63,0,9920
100,0.66,-0.63,1,9920
100,0.66,-0.63,2,9910
100,0.66,-0.64,0,9670
100,0.66,-0.64,1,9930
100,0.66,-0.64,2,9900
100,0.66,-0.65,0,9810
100,0.66,-0.65,1,9710
100,0.66,-0.65,2,9920
100,0.66,-0.66,0,9240
100,0.66,-0.66,1,9870
100,0.66,-0.66,2,9840
100,0.66,-0.67,0,9580
100,0.66,-0.67,1,9550
100,0.66,-0.67,2,9790
100,0.66,-0.68,0,9770
100,0.66,-0.68,1,9750
100,0.66,-0.68,2,9900
100,0.66,-0.6900000000000001,0,9550
100,0.66,-0.6900000000000001,1,9880
100,0.66,-0.6900000000000001,2,9800
100,0.66,-0.7000000000000001,0,9940
100,0.66,-0.7000000000000001,1,9840
100,0.66,-0.7000000000000001,2,9910
100,0.66,-0.7100000000000001,0,9560
100,0.66,-0.7100000000000001,1,9700
100,0.66,-0.7100000000000001,2,9890
100,0.66,-0.7200000000000001,0,9250
100,0.66,-0.7200000000000001,1,9670
100,0.66,-0.7200000000000001,2,9920
100,0.66,-0.73,0,9840
100,0.66,-0.73,1,9600
100,0.66,-0.73,2,9920
100,0.66,-0.74,0,9930
100,0.66,-0.74,1,9952
100,0.66,-0.74,2,9770
100,0.66,-0.75,0,9920
100,0.66,-0.75,1,9910
100,0.66,-0.75,2,9550
100,0.66,-0.76,0,9930
100,0.66,-0.76,1,9390
100,0.66,-0.76,2,9890
100,0.66,-0.77,0,9220
100,0.66,-0.77,1,9680
100,0.66,-0.77,2,9560
100,0.66,-0.78,0,9900
100,0.66,-0.78,1,9750
100,0.66,-0.78,2,9840
100,0.66,-0.79,0,9300
100,0.66,-0.79,1,9930
100,0.66,-0.79,2,9880
100,0.66,-0.8,0,9880
100,0.66,-0.8,1,9530
100,0.66,-0.8,2,9760
100,0.66,0.010000000000000009,0,6000
100,0.66,0.010000000000000009,1,9913
100,0.66,0.010000000000000009,2,2040
100,0.66,0.020000000000000018,0,2720
100,0.66,0.020000000000000018,1,2190
100,0.66,0.020000000000000018,2,570
100,0.66,0.030000000000000027,0,1760
100,0.66,0.030000000000000027,1,1250
100,0.66,0.030000000000000027,2,50
100,0.66,0.039999999999999925,0,1300
100,0.66,0.039999999999999925,1,750
100,0.66,0.039999999999999925,2,40
100,0.66,0.04999999999999993,0,1030
100,0.66,0.04999999999999993,1,460
100,0.66,0.04999999999999993,2,30
100,0.66,0.05999999999999994,0,860
100,0.66,0.05999999999999994,1,160
100,0.66,0.05999999999999994,2,30
100,0.66,0.06999999999999995,0,730
100,0.66,0.06999999999999995,1,150
100,0.66,0.06999999999999995,2,30
100,0.66,0.07999999999999996,0,90
100,0.66,0.07999999999999996,1,140
100,0.66,0.07999999999999996,2,20
100,0.66,0.08999999999999997,0,80
100,0.66,0.08999999999999997,1,130
100,0.66,0.08999999999999997,2,20
100,0.66,0.09999999999999998,0,80
100,0.66,0.09999999999999998,1,120
100,0.66,0.09999999999999998,2,20
100,0.66,0.0,0,0
100,0.66,0.0,1,0
100,0.66,0.0,2,0
100,0.66,0.10999999999999999,0,70
100,0.66,0.10999999999999999,1,120
100,0.66,0.10999999999999999,2,10
100,0.66,0.12,0,70
100,0.66,0.12,1,110
100,0.66,0.12,2,10
100,0.66,0.13,0,60
100,0.66,0.13,1,110
100,0.66,0.13,2,10
100,0.66,0.14,0,60
100,0.66,0.14,1,100
100,0.66,0.14,2,10
100,0.66,0.15000000000000002,0,60
100,0.66,0.15000000000000002,1,100
100,0.66,0.15000000000000002,2,10
100,0.66,0.15999999999999992,0,50
100,0.66,0.15999999999999992,1,100
100,0.66,0.15999999999999992,2,10
100,0.66,0.16999999999999993,0,50
100,0.66,0.16999999999999993,1,0
100,0.66,0.16999999999999993,2,10
100,0.66,0.17999999999999994,0,50
100,0.66,0.17999999999999994,1,0
100,0.66,0.17999999999999994,2,10
100,0.66,0.18999999999999995,0,50
100,0.66,0.18999999999999995,1,0
100,0.66,0.18999999999999995,2,10
100,0.66,0.2,0,40
100,0.66,0.2,1,0
100,0.66,0.2,2,10
100,0.67,-0.010000000000000009,0,0
100,0.67,-0.010000000000000009,1,0
100,0.67,-0.010000000000000009,2,0
100,0.67,-0.020000000000000018,0,40
100,0.67,-0.020000000000000018,1,70
100,0.67,-0.020000000000000018,2,0
100,0.67,-0.030000000000000027,0,40
100,0.67,-0.030000000000000027,1,5270
100,0.67,-0.030000000000000027,2,0
100,0.67,-0.040000000000000036,0,9969
100,0.67,-0.040000000000000036,1,80
100,0.67,-0.040000000000000036,2,5380
100,0.67,-0.050000000000000044,0,40
100,0.67,-0.050000000000000044,1,9850
100,0.67,-0.050000000000000044,2,0
100,0.67,-0.06000000000000005,0,40
100,0.67,-0.06000000000000005,1,9410
100,0.67,-0.06000000000000005,2,6250
100,0.67,-0.07000000000000006,0,9850
100,0.67,-0.07000000000000006,1,9530
100,0.67,-0.07000000000000006,2,0
100,0.67,-0.08000000000000007,0,40
100,0.67,-0.08000000000000007,1,9850
100,0.67,-0.08000000000000007,2,0
100,0.67,-0.09000000000000008,0,9560
100,0.67,-0.09000000000000008,1,9850
100,0.67,-0.09000000000000008,2,9940
100,0.67,-0.09999999999999998,0,9850
100,0.67,-0.09999999999999998,1,9560
100,0.67,-0.09999999999999998,2,9840
100,0.67,-0.10999999999999999,0,9820
100,0.67,-0.10999999999999999,1,9830
100,0.67,-0.10999999999999999,2,9690
100,0.67,-0.12,0,9540
100,0.67,-0.12,1,9700
100,0.67,-0.12,2,9690
100,0.67,-0.13,0,9780
100,0.67,-0.13,1,9930
100,0.67,-0.13,2,9680
100,0.67,-0.14,0,9820
100,0.67,-0.14,1,8850
100,0.67,-0.14,2,9490
100,0.67,-0.15000000000000002,0,9940
100,0.67,-0.15000000000000002,1,9530
100,0.67,-0.15000000000000002,2,0
100,0.67,-0.16000000000000003,0,9900
100,0.67,-0.16000000000000003,1,9690
100,0.67,-0.16000000000000003,2,9950
100,0.67,-0.17000000000000004,0,9600
100,0.67,-0.17000000000000004,1,9810
100,0.67,-0.17000000000000004,2,9720
100,0.67,-0.18000000000000005,0,9840
100,0.67,-0.18000000000000005,1,9890
100,0.67,-0.18000000000000005,2,9920
100,0.67,-0.19000000000000006,0,9850
100,0.67,-0.19000000000000006,1,9930
100,0.67,-0.19000000000000006,2,9900
100,0.67,-0.20000000000000007,0,9860
100,0.67,-0.20000000000000007,1,9900
100,0.67,-0.20000000000000007,2,9000
100,0.67,-0.21000000000000008,0,6880
100,0.67,-0.21000000000000008,1,9910
100,0.67,-0.21000000000000008,2,9810
100,0.67,-0.22000000000000008,0,9910
100,0.67,-0.22000000000000008,1,9930
100,0.67,-0.22000000000000008,2,9850
100,0.67,-0.22999999999999998,0,9890
100,0.67,-0.22999999999999998,1,9920
100,0.67,-0.22999999999999998,2,9310
100,0.67,-0.24,0,9890
100,0.67,-0.24,1,9940
100,0.67,-0.24,2,9870
100,0.67,-0.25,0,6960
100,0.67,-0.25,1,9780
100,0.67,-0.25,2,9920
100,0.67,-0.26,0,9950
100,0.67,-0.26,1,7600
100,0.67,-0.26,2,9910
100,0.67,-0.27,0,9920
100,0.67,-0.27,1,9940
100,0.67,-0.27,2,8970
100,0.67,-0.28,0,9920
100,0.67,-0.28,1,9920
100,0.67,-0.28,2,9860
100,0.67,-0.29000000000000004,0,5840
100,0.67,-0.29000000000000004,1,9840
100,0.67,-0.29000000000000004,2,9490
100,0.67,-0.30000000000000004,0,9810
100,0.67,-0.30000000000000004,1,9890
100,0.67,-0.30000000000000004,2,9880
100,0.67,-0.31000000000000005,0,9930
100,0.67,-0.31000000000000005,1,9710
100,0.67,-0.31000000000000005,2,9900
100,0.67,-0.32000000000000006,0,9180
100,0.67,-0.32000000000000006,1,6470
100,0.67,-0.32000000000000006,2,6580
100,0.67,-0.33,0,9920
100,0.67,-0.33,1,9940
100,0.67,-0.33,2,9920
100,0.67,-0.34,0,9800
100,0.67,-0.34,1,6190
100,0.67,-0.34,2,8030
100,0.67,-0.35000000000000003,0,7190
100,0.67,-0.35000000000000003,1,9930
100,0.67,-0.35000000000000003,2,9930
100,0.67,-0.36000000000000004,0,9910
100,0.67,-0.36000000000000004,1,9900
100,0.67,-0.36000000000000004,2,9900
100,0.67,-0.37000000000000005,0,9920
100,0.67,-0.37000000000000005,1,9920
100,0.67,-0.37000000000000005,2,9930
100,0.67,-0.38000000000000006,0,9840
100,0.67,-0.38000000000000006,1,9770
100,0.67,-0.38000000000000006,2,9530
100,0.67,-0.39,0,6140
100,0.67,-0.39,1,9920
100,0.67,-0.39,2,9900
100,0.67,-0.41000000000000003,0,9930
100,0.67,-0.41000000000000003,1,9930
100,0.67,-0.41000000000000003,2,7230
100,0.67,-0.42000000000000004,0,9790
100,0.67,-0.42000000000000004,1,9230
100,0.67,-0.42000000000000004,2,9950
100,0.67,-0.43000000000000005,0,9920
100,0.67,-0.43000000000000005,1,8060
100,0.67,-0.43000000000000005,2,9930
100,0.67,-0.44000000000000006,0,9880
100,0.67,-0.44000000000000006,1,9950
100,0.67,-0.44000000000000006,2,9940
100,0.67,-0.45,0,9880
100,0.67,-0.45,1,8370
100,0.67,-0.45,2,9940
100,0.67,-0.46,0,9950
100,0.67,-0.46,1,8290
100,0.67,-0.46,2,9910
100,0.67,-0.47000000000000003,0,9870
100,0.67,-0.47000000000000003,1,9900
100,0.67,-0.47000000000000003,2,9750
100,0.67,-0.48000000000000004,0,9840
100,0.67,-0.48000000000000004,1,9910
100,0.67,-0.48000000000000004,2,9950
100,0.67,-0.49000000000000005,0,9920
100,0.67,-0.49000000000000005,1,9760
100,0.67,-0.49000000000000005,2,9920
100,0.67,-0.4,0,9770
100,0.67,-0.4,1,9870
100,0.67,-0.4,2,6000
100,0.67,-0.51,0,9880
100,0.67,-0.51,1,9610
100,0.67,-0.51,2,9930
100,0.67,-0.52,0,9940
100,0.67,-0.52,1,9690
100,0.67,-0.52,2,9940
100,0.67,-0.53,0,9940
100,0.67,-0.53,1,9930
100,0.67,-0.53,2,9740
100,0.67,-0.54,0,9810
100,0.67,-0.54,1,9880
100,0.67,-0.54,2,9920
100,0.67,-0.55,0,9870
100,0.67,-0.55,1,9930
100,0.67,-0.55,2,9850
100,0.67,-0.56,0,9920
100,0.67,-0.56,1,9940
100,0.67,-0.56,2,9870
100,0.67,-0.5700000000000001,0,9890
100,0.67,-0.5700000000000001,1,9930
100,0.67,-0.5700000000000001,2,9830
100,0.67,-0.5800000000000001,0,9910
100,0.67,-0.5800000000000001,1,9860
100,0.67,-0.5800000000000001,2,9900
100,0.67,-0.5900000000000001,0,9910
100,0.67,-0.5900000000000001,1,9950
100,0.67,-0.5900000000000001,2,9210
100,0.67,-0.5,0,9230
100,0.67,-0.5,1,9920
100,0.67,-0.5,2,9910
100,0.67,-0.6000000000000001,0,9920
100,0.67,-0.6000000000000001,1,9820
100,0.67,-0.6000000000000001,2,9800
100,0.67,-0.6100000000000001,0,9930
100,0.67,-0.6100000000000001,1,9920
100,0.67,-0.6100000000000001,2,9740
100,0.67,-0.6200000000000001,0,9480
100,0.67,-0.6200000000000001,1,9920
100,0.67,-0.6200000000000001,2,9930
100,0.67,-0.63,0,9750
100,0.67,-0.63,1,9910
100,0.67,-0.63,2,9910
100,0.67,-0.64,0,8780
100,0.67,-0.64,1,9650
100,0.67,-0.64,2,9300
100,0.67,-0.65,0,9920
100,0.67,-0.65,1,7620
100,0.67,-0.65,2,9880
100,0.67,-0.66,0,9070
100,0.67,-0.66,1,9880
100,0.67,-0.66,2,9900
100,0.67,-0.67,0,9110
100,0.67,-0.67,1,9850
100,0.67,-0.67,2,9900
100,0.67,-0.68,0,9760
100,0.67,-0.68,1,8960
100,0.67,-0.68,2,9780
100,0.67,-0.6900000000000001,0,9880
100,0.67,-0.6900000000000001,1,9720
100,0.67,-0.6900000000000001,2,9680
100,0.67,-0.7000000000000001,0,9920
100,0.67,-0.7000000000000001,1,9900
100,0.67,-0.7000000000000001,2,9460
100,0.67,-0.7100000000000001,0,9890
100,0.67,-0.7100000000000001,1,9840
100,0.67,-0.7100000000000001,2,9870
100,0.67,-0.7200000000000001,0,9350
100,0.67,-0.7200000000000001,1,9890
100,0.67,-0.7200000000000001,2,9880
100,0.67,-0.73,0,9510
100,0.67,-0.73,1,9800
100,0.67,-0.73,2,9780
100,0.67,-0.74,0,9850
100,0.67,-0.74,1,9290
100,0.67,-0.74,2,9860
100,0.67,-0.75,0,9840
100,0.67,-0.75,1,9930
100,0.67,-0.75,2,9790
100,0.67,-0.76,0,9760
100,0.67,-0.76,1,9610
100,0.67,-0.76,2,9400
100,0.67,-0.77,0,9580
100,0.67,-0.77,1,9250
100,0.67,-0.77,2,9860
100,0.67,-0.78,0,9840
100,0.67,-0.78,1,9780
100,0.67,-0.78,2,9820
100,0.67,-0.79,0,9700
100,0.67,-0.79,1,9620
100,0.67,-0.79,2,6540
100,0.67,-0.8,0,9730
100,0.67,-0.8,1,9890
100,0.67,-0.8,2,9850
100,0.67,0.010000000000000009,0,6040
100,0.67,0.010000000000000009,1,9905
100,0.67,0.010000000000000009,2,2050
100,0.67,0.020000000000000018,0,2760
100,0.67,0.020000000000000018,1,2220
100,0.67,0.020000000000000018,2,580
100,0.67,0.030000000000000027,0,1790
100,0.67,0.030000000000000027,1,1260
100,0.67,0.030000000000000027,2,50
100,0.67,0.039999999999999925,0,1330
100,0.67,0.039999999999999925,1,760
100,0.67,0.039999999999999925,2,40
100,0.67,0.04999999999999993,0,1050
100,0.67,0.04999999999999993,1,470
100,0.67,0.04999999999999993,2,40
100,0.67,0.05999999999999994,0,880
100,0.67,0.05999999999999994,1,140
100,0.67,0.05999999999999994,2,30
100,0.67,0.06999999999999995,0,750
100,0.67,0.06999999999999995,1,140
100,0.67,0.06999999999999995,2,30
100,0.67,0.07999999999999996,0,90
100,0.67,0.07999999999999996,1,140
100,0.67,0.07999999999999996,2,20
100,0.67,0.08999999999999997,0,80
100,0.67,0.08999999999999997,1,130
100,0.67,0.08999999999999997,2,20
100,0.67,0.09999999999999998,0,80
100,0.67,0.09999999999999998,1,120
100,0.67,0.09999999999999998,2,20
100,0.67,0.0,0,0
100,0.67,0.0,1,0
100,0.67,0.0,2,0
100,0.67,0.10999999999999999,0,70
100,0.67,0.10999999999999999,1,120
100,0.67,0.10999999999999999,2,10
100,0.67,0.12,0,70
100,0.67,0.12,1,110
100,0.67,0.12,2,10
100,0.67,0.13,0,60
100,0.67,0.13,1,110
100,0.67,0.13,2,10
100,0.67,0.14,0,60
100,0.67,0.14,1,100
100,0.67,0.14,2,10
100,0.67,0.15000000000000002,0,60
100,0.67,0.15000000000000002,1,100
100,0.67,0.15000000000000002,2,10
100,0.67,0.15999999999999992,0,50
100,0.67,0.15999999999999992,1,90
100,0.67,0.15999999999999992,2,10
100,0.67,0.16999999999999993,0,50
100,0.67,0.16999999999999993,1,0
100,0.67,0.16999999999999993,2,10
100,0.67,0.17999999999999994,0,50
100,0.67,0.17999999999999994,1,0
100,0.67,0.17999999999999994,2,10
100,0.67,0.18999999999999995,0,50
100,0.67,0.18999999999999995,1,0
100,0.67,0.18999999999999995,2,10
100,0.67,0.2,0,40
100,0.67,0.2,1,0
100,0.67,0.2,2,10
100,0.68,-0.010000000000000009,0,0
100,0.68,-0.010000000000000009,1,0
100,0.68,-0.010000000000000009,2,0
100,0.68,-0.020000000000000018,0,8900
100,0.68,-0.020000000000000018,1,60
100,0.68,-0.020000000000000018,2,0
100,0.68,-0.030000000000000027,0,40
100,0.68,-0.030000000000000027,1,70
100,0.68,-0.030000000000000027,2,0
100,0.68,-0.040000000000000036,0,6040
100,0.68,-0.040000000000000036,1,70
100,0.68,-0.040000000000000036,2,5450
100,0.68,-0.050000000000000044,0,5780
100,0.68,-0.050000000000000044,1,9930
100,0.68,-0.050000000000000044,2,0
100,0.68,-0.06000000000000005,0,9890
100,0.68,-0.06000000000000005,1,9720
100,0.68,-0.06000000000000005,2,9740
100,0.68,-0.07000000000000006,0,9630
100,0.68,-0.07000000000000006,1,9330
100,0.68,-0.07000000000000006,2,0
100,0.68,-0.08000000000000007,0,2920
100,0.68,-0.08000000000000007,1,9890
100,0.68,-0.08000000000000007,2,8790
100,0.68,-0.09000000000000008,0,9860
100,0.68,-0.09000000000000008,1,9310
100,0.68,-0.09000000000000008,2,9020
100,0.68,-0.09999999999999998,0,9940
100,0.68,-0.09999999999999998,1,9950
100,0.68,-0.09999999999999998,2,9550
100,0.68,-0.10999999999999999,0,5910
100,0.68,-0.10999999999999999,1,9490
100,0.68,-0.10999999999999999,2,9740
100,0.68,-0.12,0,9780
100,0.68,-0.12,1,9440
100,0.68,-0.12,2,9880
100,0.68,-0.13,0,9590
100,0.68,-0.13,1,9860
100,0.68,-0.13,2,9940
100,0.68,-0.14,0,9740
100,0.68,-0.14,1,9920
100,0.68,-0.14,2,9940
100,0.68,-0.15000000000000002,0,9870
100,0.68,-0.15000000000000002,1,9830
100,0.68,-0.15000000000000002,2,9920
100,0.68,-0.16000000000000003,0,4220
100,0.68,-0.16000000000000003,1,9770
100,0.68,-0.16000000000000003,2,9910
100,0.68,-0.17000000000000004,0,3190
100,0.68,-0.17000000000000004,1,9830
100,0.68,-0.17000000000000004,2,9720
100,0.68,-0.18000000000000005,0,8150
100,0.68,-0.18000000000000005,1,9920
100,0.68,-0.18000000000000005,2,9760
100,0.68,-0.19000000000000006,0,9930
100,0.68,-0.19000000000000006,1,8620
100,0.68,-0.19000000000000006,2,9820
100,0.68,-0.20000000000000007,0,4960
100,0.68,-0.20000000000000007,1,9800
100,0.68,-0.20000000000000007,2,8990
100,0.68,-0.21000000000000008,0,9810
100,0.68,-0.21000000000000008,1,9650
100,0.68,-0.21000000000000008,2,4740
100,0.68,-0.22000000000000008,0,9910
100,0.68,-0.22000000000000008,1,9900
100,0.68,-0.22000000000000008,2,9830
100,0.68,-0.22999999999999998,0,9540
100,0.68,-0.22999999999999998,1,9910
100,0.68,-0.22999999999999998,2,9930
100,0.68,-0.24,0,9540
100,0.68,-0.24,1,9890
100,0.68,-0.24,2,5740
100,0.68,-0.25,0,9740
100,0.68,-0.25,1,9880
100,0.68,-0.25,2,9950
100,0.68,-0.26,0,9920
100,0.68,-0.26,1,9900
100,0.68,-0.26,2,9540
100,0.68,-0.27,0,9780
100,0.68,-0.27,1,9900
100,0.68,-0.27,2,9830
100,0.68,-0.28,0,9790
100,0.68,-0.28,1,9850
100,0.68,-0.28,2,9390
100,0.68,-0.29000000000000004,0,9860
100,0.68,-0.29000000000000004,1,9900
100,0.68,-0.29000000000000004,2,9770
100,0.68,-0.30000000000000004,0,9910
100,0.68,-0.30000000000000004,1,9950
100,0.68,-0.30000000000000004,2,9830
100,0.68,-0.31000000000000005,0,9680
100,0.68,-0.31000000000000005,1,6360
100,0.68,-0.31000000000000005,2,9920
100,0.68,-0.32000000000000006,0,9930
100,0.68,-0.32000000000000006,1,9950
100,0.68,-0.32000000000000006,2,9610
100,0.68,-0.33,0,9930
100,0.68,-0.33,1,9830
100,0.68,-0.33,2,9930
100,0.68,-0.34,0,7690
100,0.68,-0.34,1,3960
100,0.68,-0.34,2,9910
100,0.68,-0.35000000000000003,0,9880
100,0.68,-0.35000000000000003,1,9910
100,0.68,-0.35000000000000003,2,9930
100,0.68,-0.36000000000000004,0,5700
100,0.68,-0.36000000000000004,1,9950
100,0.68,-0.36000000000000004,2,9900
100,0.68,-0.37000000000000005,0,9860
100,0.68,-0.37000000000000005,1,8290
100,0.68,-0.37000000000000005,2,9710
100,0.68,-0.38000000000000006,0,9910
100,0.68,-0.38000000000000006,1,9950
100,0.68,-0.38000000000000006,2,9950
100,0.68,-0.39,0,9910
100,0.68,-0.39,1,9950
100,0.68,-0.39,2,9130
100,0.68,-0.41000000000000003,0,9920
100,0.68,-0.41000000000000003,1,9840
100,0.68,-0.41000000000000003,2,9930
100,0.68,-0.42000000000000004,0,9880
100,0.68,-0.42000000000000004,1,9890
100,0.68,-0.42000000000000004,2,9950
100,0.68,-0.43000000000000005,0,7580
100,0.68,-0.43000000000000005,1,9880
100,0.68,-0.43000000000000005,2,9650
100,0.68,-0.44000000000000006,0,9800
100,0.68,-0.44000000000000006,1,9950
100,0.68,-0.44000000000000006,2,7300
100,0.68,-0.45,0,9940
100,0.68,-0.45,1,8550
100,0.68,-0.45,2,9930
100,0.68,-0.46,0,9620
100,0.68,-0.46,1,9940
100,0.68,-0.46,2,9950
100,0.68,-0.47000000000000003,0,8950
100,0.68,-0.47000000000000003,1,9860
100,0.68,-0.47000000000000003,2,9830
100,0.68,-0.48000000000000004,0,9920
100,0.68,-0.48000000000000004,1,9220
100,0.68,-0.48000000000000004,2,9900
100,0.68,-0.49000000000000005,0,9840
100,0.68,-0.49000000000000005,1,9950
100,0.68,-0.49000000000000005,2,9950
100,0.68,-0.4,0,9930
100,0.68,-0.4,1,9950
100,0.68,-0.4,2,9920
100,0.68,-0.51,0,9830
100,0.68,-0.51,1,9840
100,0.68,-0.51,2,9930
100,0.68,-0.52,0,9930
100,0.68,-0.52,1,9470
100,0.68,-0.52,2,9870
100,0.68,-0.53,0,9810
100,0.68,-0.53,1,9900
100,0.68,-0.53,2,9920
100,0.68,-0.54,0,9740
100,0.68,-0.54,1,9880
100,0.68,-0.54,2,9950
100,0.68,-0.55,0,7980
100,0.68,-0.55,1,9830
100,0.68,-0.55,2,9930
100,0.68,-0.56,0,9880
100,0.68,-0.56,1,9900
100,0.68,-0.56,2,9940
100,0.68,-0.5700000000000001,0,9930
100,0.68,-0.5700000000000001,1,9180
100,0.68,-0.5700000000000001,2,7740
100,0.68,-0.5800000000000001,0,9800
100,0.68,-0.5800000000000001,1,9950
100,0.68,-0.5800000000000001,2,9910
100,0.68,-0.5900000000000001,0,9930
100,0.68,-0.5900000000000001,1,9910
100,0.68,-0.5900000000000001,2,9920
100,0.68,-0.5,0,9930
100,0.68,-0.5,1,9770
100,0.68,-0.5,2,9940
100,0.68,-0.6000000000000001,0,9920
100,0.68,-0.6000000000000001,1,9940
100,0.68,-0.6000000000000001,2,9930
100,0.68,-0.6100000000000001,0,9840
100,0.68,-0.6100000000000001,1,9940
100,0.68,-0.6100000000000001,2,8130
100,0.68,-0.6200000000000001,0,9920
100,0.68,-0.6200000000000001,1,9780
100,0.68,-0.6200000000000001,2,9810
100,0.68,-0.63,0,9920
100,0.68,-0.63,1,9870
100,0.68,-0.63,2,9940
100,0.68,-0.64,0,9490
100,0.68,-0.64,1,9930
100,0.68,-0.64,2,9860
100,0.68,-0.65,0,9840
100,0.68,-0.65,1,9860
100,0.68,-0.65,2,9900
100,0.68,-0.66,0,9610
100,0.68,-0.66,1,9930
100,0.68,-0.66,2,9890
100,0.68,-0.67,0,9900
100,0.68,-0.67,1,9860
100,0.68,-0.67,2,9710
100,0.68,-0.68,0,9910
100,0.68,-0.68,1,9910
100,0.68,-0.68,2,9840
100,0.68,-0.6900000000000001,0,9890
100,0.68,-0.6900000000000001,1,9870
100,0.68,-0.6900000000000001,2,9810
100,0.68,-0.7000000000000001,0,9953
100,0.68,-0.7000000000000001,1,9890
100,0.68,-0.7000000000000001,2,9120
100,0.68,-0.7100000000000001,0,9940
100,0.68,-0.7100000000000001,1,9540
100,0.68,-0.7100000000000001,2,9540
100,0.68,-0.7200000000000001,0,9900
100,0.68,-0.7200000000000001,1,9850
100,0.68,-0.7200000000000001,2,9900
100,0.68,-0.73,0,8230
100,0.68,-0.73,1,9660
100,0.68,-0.73,2,9910
100,0.68,-0.74,0,8960
100,0.68,-0.74,1,8400
100,0.68,-0.74,2,9840
100,0.68,-0.75,0,9930
100,0.68,-0.75,1,9917
100,0.68,-0.75,2,9820
100,0.68,-0.76,0,9710
100,0.68,-0.76,1,9920
100,0.68,-0.76,2,9790
100,0.68,-0.77,0,9660
100,0.68,-0.77,1,9820
100,0.68,-0.77,2,9800
100,0.68,-0.78,0,9520
100,0.68,-0.78,1,9810
100,0.68,-0.78,2,9000
100,0.68,-0.79,0,9530
100,0.68,-0.79,1,9800
100,0.68,-0.79,2,9930
100,0.68,-0.8,0,9890
100,0.68,-0.8,1,9840
100,0.68,-0.8,2,9920
100,0.68,0.010000000000000009,0,6100
100,0.68,0.010000000000000009,1,9899
100,0.68,0.010000000000000009,2,2050
100,0.68,0.020000000000000018,0,2800
100,0.68,0.020000000000000018,1,2230
100,0.68,0.020000000000000018,2,580
100,0.68,0.030000000000000027,0,1830
100,0.68,0.030000000000000027,1,1280
100,0.68,0.030000000000000027,2,50
100,0.68,0.039999999999999925,0,1350
100,0.68,0.039999999999999925,1,780
100,0.68,0.039999999999999925,2,40
100,0.68,0.04999999999999993,0,1080
100,0.68,0.04999999999999993,1,460
100,0.68,0.04999999999999993,2,40
100,0.68,0.05999999999999994,0,900
100,0.68,0.05999999999999994,1,140
100,0.68,0.05999999999999994,2,30
100,0.68,0.06999999999999995,0,770
100,0.68,0.06999999999999995,1,130
100,0.68,0.06999999999999995,2,30
100,0.68,0.07999999999999996,0,90
100,0.68,0.07999999999999996,1,130
100,0.68,0.07999999999999996,2,20
100,0.68,0.08999999999999997,0,80
100,0.68,0.08999999999999997,1,130
100,0.68,0.08999999999999997,2,20
100,0.68,0.09999999999999998,0,80
100,0.68,0.09999999999999998,1,120
100,0.68,0.09999999999999998,2,20
100,0.68,0.0,0,0
100,0.68,0.0,1,0
100,0.68,0.0,2,0
100,0.68,0.10999999999999999,0,70
100,0.68,0.10999999999999999,1,110
100,0.68,0.10999999999999999,2,10
100,0.68,0.12,0,70
100,0.68,0.12,1,110
100,0.68,0.12,2,10
100,0.68,0.13,0,60
100,0.68,0.13,1,100
100,0.68,0.13,2,10
100,0.68,0.14,0,60
100,0.68,0.14,1,100
100,0.68,0.14,2,10
100,0.68,0.15000000000000002,0,50
100,0.68,0.15000000000000002,1,100
100,0.68,0.15000000000000002,2,10
100,0.68,0.15999999999999992,0,50
100,0.68,0.15999999999999992,1,90
100,0.68,0.15999999999999992,2,10
100,0.68,0.16999999999999993,0,50
100,0.68,0.16999999999999993,1,90
100,0.68,0.16999999999999993,2,10
100,0.68,0.17999999999999994,0,50
100,0.68,0.17999999999999994,1,90
100,0.68,0.17999999999999994,2,10
100,0.68,0.18999999999999995,0,50
100,0.68,0.18999999999999995,1,0
100,0.68,0.18999999999999995,2,10
100,0.68,0.2,0,40
100,0.68,0.2,1,0
100,0.68,0.2,2,10
100,0.6900000000000001,-0.010000000000000009,0,0
100,0.6900000000000001,-0.010000000000000009,1,0
100,0.6900000000000001,-0.010000000000000009,2,0
100,0.6900000000000001,-0.020000000000000018,0,8390
100,0.6900000000000001,-0.020000000000000018,1,60
100,0.6900000000000001,-0.020000000000000018,2,0
100,0.6900000000000001,-0.030000000000000027,0,40
100,0.6900000000000001,-0.030000000000000027,1,70
100,0.6900000000000001,-0.030000000000000027,2,0
100,0.6900000000000001,-0.040000000000000036,0,40
100,0.6900000000000001,-0.040000000000000036,1,9360
100,0.6900000000000001,-0.040000000000000036,2,9750
100,0.6900000000000001,-0.050000000000000044,0,0
100,0.6900000000000001,-0.050000000000000044,1,70
100,0.6900000000000001,-0.050000000000000044,2,0
100,0.6900000000000001,-0.06000000000000005,0,9500
100,0.6900000000000001,-0.06000000000000005,1,9410
100,0.6900000000000001,-0.06000000000000005,2,0
100,0.6900000000000001,-0.07000000000000006,0,9870
100,0.6900000000000001,-0.07000000000000006,1,9800
100,0.6900000000000001,-0.07000000000000006,2,0
100,0.6900000000000001,-0.08000000000000007,0,4590
100,0.6900000000000001,-0.08000000000000007,1,9760
100,0.6900000000000001,-0.08000000000000007,2,4260
100,0.6900000000000001,-0.09000000000000008,0,9910
100,0.6900000000000001,-0.09000000000000008,1,9890
100,0.6900000000000001,-0.09000000000000008,2,9850
100,0.6900000000000001,-0.09999999999999998,0,9930
100,0.6900000000000001,-0.09999999999999998,1,9860
100,0.6900000000000001,-0.09999999999999998,2,9620
100,0.6900000000000001,-0.10999999999999999,0,6250
100,0.6900000000000001,-0.10999999999999999,1,9190
100,0.6900000000000001,-0.10999999999999999,2,9930
100,0.6900000000000001,-0.12,0,9950
100,0.6900000000000001,-0.12,1,9760
100,0.6900000000000001,-0.12,2,9100
100,0.6900000000000001,-0.13,0,9930
100,0.6900000000000001,-0.13,1,9840
100,0.6900000000000001,-0.13,2,9820
100,0.6900000000000001,-0.14,0,8960
100,0.6900000000000001,-0.14,1,9870
100,0.6900000000000001,-0.14,2,9780
100,0.6900000000000001,-0.15000000000000002,0,9850
100,0.6900000000000001,-0.15000000000000002,1,9610
100,0.6900000000000001,-0.15000000000000002,2,5280
100,0.6900000000000001,-0.16000000000000003,0,8950
100,0.6900000000000001,-0.16000000000000003,1,9640
100,0.6900000000000001,-0.16000000000000003,2,9740
100,0.6900000000000001,-0.17000000000000004,0,9880
100,0.6900000000000001,-0.17000000000000004,1,9560
100,0.6900000000000001,-0.17000000000000004,2,9660
100,0.6900000000000001,-0.18000000000000005,0,9940
100,0.6900000000000001,-0.18000000000000005,1,9790
100,0.6900000000000001,-0.18000000000000005,2,9900
100,0.6900000000000001,-0.19000000000000006,0,9840
100,0.6900000000000001,-0.19000000000000006,1,9750
100,0.6900000000000001,-0.19000000000000006,2,9880
100,0.6900000000000001,-0.20000000000000007,0,9900
100,0.6900000000000001,-0.20000000000000007,1,9890
100,0.6900000000000001,-0.20000000000000007,2,9440
100,0.6900000000000001,-0.21000000000000008,0,9920
100,0.6900000000000001,-0.21000000000000008,1,9940
100,0.6900000000000001,-0.21000000000000008,2,9880
100,0.6900000000000001,-0.22000000000000008,0,9750
100,0.6900000000000001,-0.22000000000000008,1,9870
100,0.6900000000000001,-0.22000000000000008,2,9240
100,0.6900000000000001,-0.22999999999999998,0,9840
100,0.6900000000000001,-0.22999999999999998,1,9740
100,0.6900000000000001,-0.22999999999999998,2,8130
100,0.6900000000000001,-0.24,0,9930
100,0.6900000000000001,-0.24,1,9570
100,0.6900000000000001,-0.24,2,6040
100,0.6900000000000001,-0.25,0,9900
100,0.6900000000000001,-0.25,1,9920
100,0.6900000000000001,-0.25,2,6980
100,0.6900000000000001,-0.26,0,9870
100,0.6900000000000001,-0.26,1,6690
100,0.6900000000000001,-0.26,2,9830
100,0.6900000000000001,-0.27,0,9940
100,0.6900000000000001,-0.27,1,7550
100,0.6900000000000001,-0.27,2,9940
100,0.6900000000000001,-0.28,0,9920
100,0.6900000000000001,-0.28,1,9610
100,0.6900000000000001,-0.28,2,9920
100,0.6900000000000001,-0.29000000000000004,0,9870
100,0.6900000000000001,-0.29000000000000004,1,9870
100,0.6900000000000001,-0.29000000000000004,2,9910
100,0.6900000000000001,-0.30000000000000004,0,9920
100,0.6900000000000001,-0.30000000000000004,1,9890
100,0.6900000000000001,-0.30000000000000004,2,9940
100,0.6900000000000001,-0.31000000000000005,0,5490
100,0.6900000000000001,-0.31000000000000005,1,9750
100,0.6900000000000001,-0.31000000000000005,2,9780
100,0.6900000000000001,-0.32000000000000006,0,9700
100,0.6900000000000001,-0.32000000000000006,1,9920
100,0.6900000000000001,-0.32000000000000006,2,9850
100,0.6900000000000001,-0.33,0,9940
100,0.6900000000000001,-0.33,1,9890
100,0.6900000000000001,-0.33,2,9630
100,0.6900000000000001,-0.34,0,9890
100,0.6900000000000001,-0.34,1,9840
100,0.6900000000000001,-0.34,2,9940
100,0.6900000000000001,-0.35000000000000003,0,9920
100,0.6900000000000001,-0.35000000000000003,1,9840
100,0.6900000000000001,-0.35000000000000003,2,9870
100,0.6900000000000001,-0.36000000000000004,0,9860
100,0.6900000000000001,-0.36000000000000004,1,9950
100,0.6900000000000001,-0.36000000000000004,2,6330
100,0.6900000000000001,-0.37000000000000005,0,9890
100,0.6900000000000001,-0.37000000000000005,1,9930
100,0.6900000000000001,-0.37000000000000005,2,9870
100,0.6900000000000001,-0.38000000000000006,0,6340
100,0.6900000000000001,-0.38000000000000006,1,9900
100,0.6900000000000001,-0.38000000000000006,2,9880
100,0.6900000000000001,-0.39,0,9790
100,0.6900000000000001,-0.39,1,9940
100,0.6900000000000001,-0.39,2,9870
100,0.6900000000000001,-0.41000000000000003,0,5600
100,0.6900000000000001,-0.41000000000000003,1,9910
100,0.6900000000000001,-0.41000000000000003,2,9780
100,0.6900000000000001,-0.42000000000000004,0,9850
100,0.6900000000000001,-0.42000000000000004,1,9910
100,0.6900000000000001,-0.42000000000000004,2,9900
100,0.6900000000000001,-0.43000000000000005,0,9860
100,0.6900000000000001,-0.43000000000000005,1,9820
100,0.6900000000000001,-0.43000000000000005,2,8430
100,0.6900000000000001,-0.44000000000000006,0,6510
100,0.6900000000000001,-0.44000000000000006,1,9420
100,0.6900000000000001,-0.44000000000000006,2,9920
100,0.6900000000000001,-0.45,0,9920
100,0.6900000000000001,-0.45,1,9910
100,0.6900000000000001,-0.45,2,9900
100,0.6900000000000001,-0.46,0,9720
100,0.6900000000000001,-0.46,1,7120
100,0.6900000000000001,-0.46,2,9950
100,0.6900000000000001,-0.47000000000000003,0,9940
100,0.6900000000000001,-0.47000000000000003,1,7070
100,0.6900000000000001,-0.47000000000000003,2,9830
100,0.6900000000000001,-0.48000000000000004,0,9880
100,0.6900000000000001,-0.48000000000000004,1,9910
100,0.6900000000000001,-0.48000000000000004,2,9870
100,0.6900000000000001,-0.49000000000000005,0,9940
100,0.6900000000000001,-0.49000000000000005,1,9920
100,0.6900000000000001,-0.49000000000000005,2,9910
100,0.6900000000000001,-0.4,0,9950
100,0.6900000000000001,-0.4,1,8040
100,0.6900000000000001,-0.4,2,9880
100,0.6900000000000001,-0.51,0,9950
100,0.6900000000000001,-0.51,1,9880
100,0.6900000000000001,-0.51,2,9880
100,0.6900000000000001,-0.52,0,9880
100,0.6900000000000001,-0.52,1,9900
100,0.6900000000000001,-0.52,2,9790
100,0.6900000000000001,-0.53,0,9910
100,0.6900000000000001,-0.53,1,9940
100,0.6900000000000001,-0.53,2,9730
100,0.6900000000000001,-0.54,0,6370
100,0.6900000000000001,-0.54,1,8370
100,0.6900000000000001,-0.54,2,9870
100,0.6900000000000001,-0.55,0,7430
100,0.6900000000000001,-0.55,1,9640
100,0.6900000000000001,-0.55,2,9920
100,0.6900000000000001,-0.56,0,9660
100,0.6900000000000001,-0.56,1,9840
100,0.6900000000000001,-0.56,2,9920
100,0.6900000000000001,-0.5700000000000001,0,9910
100,0.6900000000000001,-0.5700000000000001,1,9900
100,0.6900000000000001,-0.5700000000000001,2,9940
100,0.6900000000000001,-0.5800000000000001,0,7910
100,0.6900000000000001,-0.5800000000000001,1,9920
100,0.6900000000000001,-0.5800000000000001,2,9770
100,0.6900000000000001,-0.5900000000000001,0,9870
100,0.6900000000000001,-0.5900000000000001,1,9940
100,0.6900000000000001,-0.5900000000000001,2,9830
100,0.6900000000000001,-0.5,0,9900
100,0.6900000000000001,-0.5,1,9940
100,0.6900000000000001,-0.5,2,9910
100,0.6900000000000001,-0.6000000000000001,0,6980
100,0.6900000000000001,-0.6000000000000001,1,9860
100,0.6900000000000001,-0.6000000000000001,2,9910
100,0.6900000000000001,-0.6100000000000001,0,9920
100,0.6900000000000001,-0.6100000000000001,1,9760
100,0.6900000000000001,-0.6100000000000001,2,9880
100,0.6900000000000001,-0.6200000000000001,0,9940
100,0.6900000000000001,-0.6200000000000001,1,9870
100,0.6900000000000001,-0.6200000000000001,2,9910
100,0.6900000000000001,-0.63,0,9880
100,0.6900000000000001,-0.63,1,9900
100,0.6900000000000001,-0.63,2,9890
100,0.6900000000000001,-0.64,0,9940
100,0.6900000000000001,-0.64,1,9690
100,0.6900000000000001,-0.64,2,9900
100,0.6900000000000001,-0.65,0,9940
100,0.6900000000000001,-0.65,1,9920
100,0.6900000000000001,-0.65,2,9650
100,0.6900000000000001,-0.66,0,9880
100,0.6900000000000001,-0.66,1,9590
100,0.6900000000000001,-0.66,2,9930
100,0.6900000000000001,-0.67,0,9920
100,0.6900000000000001,-0.67,1,9930
100,0.6900000000000001,-0.67,2,9910
100,0.6900000000000001,-0.68,0,9730
100,0.6900000000000001,-0.68,1,9670
100,0.6900000000000001,-0.68,2,9650
100,0.6900000000000001,-0.6900000000000001,0,9930
100,0.6900000000000001,-0.6900000000000001,1,9870
100,0.6900000000000001,-0.6900000000000001,2,9940
100,0.6900000000000001,-0.7000000000000001,0,9890
100,0.6900000000000001,-0.7000000000000001,1,9900
100,0.6900000000000001,-0.7000000000000001,2,9840
100,0.6900000000000001,-0.7100000000000001,0,9910
100,0.6900000000000001,-0.7100000000000001,1,9890
100,0.6900000000000001,-0.7100000000000001,2,9820
100,0.6900000000000001,-0.7200000000000001,0,9930
100,0.6900000000000001,-0.7200000000000001,1,9860
100,0.6900000000000001,-0.7200000000000001,2,9900
100,0.6900000000000001,-0.73,0,9880
100,0.6900000000000001,-0.73,1,9870
100,0.6900000000000001,-0.73,2,9080
100,0.6900000000000001,-0.74,0,9820
100,0.6900000000000001,-0.74,1,9920
100,0.6900000000000001,-0.74,2,9830
100,0.6900000000000001,-0.75,0,9890
100,0.6900000000000001,-0.75,1,9856
100,0.6900000000000001,-0.75,2,8980
100,0.6900000000000001,-0.76,0,9910
100,0.6900000000000001,-0.76,1,7250
100,0.6900000000000001,-0.76,2,9910
100,0.6900000000000001,-0.77,0,9300
100,0.6900000000000001,-0.77,1,9730
100,0.6900000000000001,-0.77,2,9940
100,0.6900000000000001,-0.78,0,9880
100,0.6900000000000001,-0.78,1,8910
100,0.6900000000000001,-0.78,2,9940
100,0.6900000000000001,-0.79,0,9540
100,0.6900000000000001,-0.79,1,9660
100,0.6900000000000001,-0.79,2,9780
100,0.6900000000000001,-0.8,0,9930
100,0.6900000000000001,-0.8,1,9910
100,0.6900000000000001,-0.8,2,9510
100,0.6900000000000001,0.010000000000000009,0,6160
100,0.6900000000000001,0.010000000000000009,1,9898
100,0.6900000000000001,0.010000000000000009,2,2050
100,0.6900000000000001,0.020000000000000018,0,2850
100,0.6900000000000001,0.020000000000000018,1,2250
100,0.6900000000000001,0.020000000000000018,2,590
100,0.6900000000000001,0.030000000000000027,0,1860
100,0.6900000000000001,0.030000000000000027,1,1280
100,0.6900000000000001,0.030000000000000027,2,50
100,0.6900000000000001,0.039999999999999925,0,1380
100,0.6900000000000001,0.039999999999999925,1,790
100,0.6900000000000001,0.039999999999999925,2,40
100,0.6900000000000001,0.04999999999999993,0,1110
100,0.6900000000000001,0.04999999999999993,1,470
100,0.6900000000000001,0.04999999999999993,2,30
100,0.6900000000000001,0.05999999999999994,0,920
100,0.6900000000000001,0.05999999999999994,1,140
100,0.6900000000000001,0.05999999999999994,2,30
100,0.6900000000000001,0.06999999999999995,0,790
100,0.6900000000000001,0.06999999999999995,1,130
100,0.6900000000000001,0.06999999999999995,2,30
100,0.6900000000000001,0.07999999999999996,0,80
100,0.6900000000000001,0.07999999999999996,1,120
100,0.6900000000000001,0.07999999999999996,2,20
100,0.6900000000000001,0.08999999999999997,0,80
100,0.6900000000000001,0.08999999999999997,1,120
100,0.6900000000000001,0.08999999999999997,2,20
100,0.6900000000000001,0.09999999999999998,0,70
100,0.6900000000000001,0.09999999999999998,1,120
100,0.6900000000000001,0.09999999999999998,2,20
100,0.6900000000000001,0.0,0,0
100,0.6900000000000001,0.0,1,0
100,0.6900000000000001,0.0,2,0
100,0.6900000000000001,0.10999999999999999,0,70
100,0.6900000000000001,0.10999999999999999,1,110
100,0.6900000000000001,0.10999999999999999,2,10
100,0.6900000000000001,0.12,0,70
100,0.6900000000000001,0.12,1,110
100,0.6900000000000001,0.12,2,10
100,0.6900000000000001,0.13,0,60
100,0.6900000000000001,0.13,1,100
100,0.6900000000000001,0.13,2,10
100,0.6900000000000001,0.14,0,60
100,0.6900000000000001,0.14,1,100
100,0.6900000000000001,0.14,2,10
100,0.6900000000000001,0.15000000000000002,0,50
100,0.6900000000000001,0.15000000000000002,1,100
100,0.6900000000000001,0.15000000000000002,2,10
100,0.6900000000000001,0.15999999999999992,0,50
100,0.6900000000000001,0.15999999999999992,1,90
100,0.6900000000000001,0.15999999999999992,2,10
100,0.6900000000000001,0.16999999999999993,0,50
100,0.6900000000000001,0.16999999999999993,1,90
100,0.6900000000000001,0.16999999999999993,2,10
100,0.6900000000000001,0.17999999999999994,0,50
100,0.6900000000000001,0.17999999999999994,1,0
100,0.6900000000000001,0.17999999999999994,2,10
100,0.6900000000000001,0.18999999999999995,0,50
100,0.6900000000000001,0.18999999999999995,1,0
100,0.6900000000000001,0.18999999999999995,2,10
100,0.6900000000000001,0.2,0,40
100,0.6900000000000001,0.2,1,0
100,0.6900000000000001,0.2,2,10
100,0.6,-0.010000000000000009,0,0
100,0.6,-0.010000000000000009,1,60
100,0.6,-0.010000000000000009,2,0
100,0.6,-0.020000000000000018,0,40
100,0.6,-0.020000000000000018,1,80
100,0.6,-0.020000000000000018,2,0
100,0.6,-0.030000000000000027,0,4600
100,0.6,-0.030000000000000027,1,9756
100,0.6,-0.030000000000000027,2,0
100,0.6,-0.040000000000000036,0,9690
100,0.6,-0.040000000000000036,1,9280
100,0.6,-0.040000000000000036,2,3050
100,0.6,-0.050000000000000044,0,9440
100,0.6,-0.050000000000000044,1,9740
100,0.6,-0.050000000000000044,2,9930
100,0.6,-0.06000000000000005,0,8650
100,0.6,-0.06000000000000005,1,9720
100,0.6,-0.06000000000000005,2,9810
100,0.6,-0.07000000000000006,0,8250
100,0.6,-0.07000000000000006,1,9820
100,0.6,-0.07000000000000006,2,9910
100,0.6,-0.08000000000000007,0,9760
100,0.6,-0.08000000000000007,1,9870
100,0.6,-0.08000000000000007,2,9660
100,0.6,-0.09000000000000008,0,9400
100,0.6,-0.09000000000000008,1,9890
100,0.6,-0.09000000000000008,2,9900
100,0.6,-0.09999999999999998,0,9870
100,0.6,-0.09999999999999998,1,9440
100,0.6,-0.09999999999999998,2,9700
100,0.6,-0.10999999999999999,0,9930
100,0.6,-0.10999999999999999,1,9890
100,0.6,-0.10999999999999999,2,9820
100,0.6,-0.12,0,8470
100,0.6,-0.12,1,9860
100,0.6,-0.12,2,3650
100,0.6,-0.13,0,9610
100,0.6,-0.13,1,9580
100,0.6,-0.13,2,9900
100,0.6,-0.14,0,9770
100,0.6,-0.14,1,9780
100,0.6,-0.14,2,8870
100,0.6,-0.15000000000000002,0,6690
100,0.6,-0.15000000000000002,1,9840
100,0.6,-0.15000000000000002,2,9890
100,0.6,-0.16000000000000003,0,9530
100,0.6,-0.16000000000000003,1,9870
100,0.6,-0.16000000000000003,2,7340
100,0.6,-0.17000000000000004,0,9910
100,0.6,-0.17000000000000004,1,9870
100,0.6,-0.17000000000000004,2,5970
100,0.6,-0.18000000000000005,0,8290
100,0.6,-0.18000000000000005,1,9740
100,0.6,-0.18000000000000005,2,9900
100,0.6,-0.19000000000000006,0,7540
100,0.6,-0.19000000000000006,1,9890
100,0.6,-0.19000000000000006,2,8200
100,0.6,-0.20000000000000007,0,9610
100,0.6,-0.20000000000000007,1,9930
100,0.6,-0.20000000000000007,2,9930
100,0.6,-0.21000000000000008,0,9660
100,0.6,-0.21000000000000008,1,9850
100,0.6,-0.21000000000000008,2,9140
100,0.6,-0.22000000000000008,0,9910
100,0.6,-0.22000000000000008,1,9860
100,0.6,-0.22000000000000008,2,9830
100,0.6,-0.22999999999999998,0,9910
100,0.6,-0.22999999999999998,1,9870
100,0.6,-0.22999999999999998,2,6610
100,0.6,-0.24,0,9620
100,0.6,-0.24,1,9890
100,0.6,-0.24,2,8800
100,0.6,-0.25,0,9810
100,0.6,-0.25,1,9070
100,0.6,-0.25,2,9700
100,0.6,-0.26,0,9170
100,0.6,-0.26,1,9940
100,0.6,-0.26,2,9860
100,0.6,-0.27,0,9830
100,0.6,-0.27,1,9950
100,0.6,-0.27,2,9900
100,0.6,-0.28,0,9930
100,0.6,-0.28,1,9830
100,0.6,-0.28,2,9910
100,0.6,-0.29000000000000004,0,9690
100,0.6,-0.29000000000000004,1,8630
100,0.6,-0.29000000000000004,2,9950
100,0.6,-0.30000000000000004,0,9920
100,0.6,-0.30000000000000004,1,9860
100,0.6,-0.30000000000000004,2,9860
100,0.6,-0.31000000000000005,0,9910
100,0.6,-0.31000000000000005,1,9750
100,0.6,-0.31000000000000005,2,9790
100,0.6,-0.32000000000000006,0,9920
100,0.6,-0.32000000000000006,1,9940
100,0.6,-0.32000000000000006,2,9910
100,0.6,-0.33,0,9860
100,0.6,-0.33,1,9700
100,0.6,-0.33,2,6730
100,0.6,-0.34,0,9930
100,0.6,-0.34,1,9810
100,0.6,-0.34,2,9860
100,0.6,-0.35000000000000003,0,9820
100,0.6,-0.35000000000000003,1,9860
100,0.6,-0.35000000000000003,2,8010
100,0.6,-0.36000000000000004,0,9760
100,0.6,-0.36000000000000004,1,9910
100,0.6,-0.36000000000000004,2,9860
100,0.6,-0.37000000000000005,0,9840
100,0.6,-0.37000000000000005,1,9920
100,0.6,-0.37000000000000005,2,9650
100,0.6,-0.38000000000000006,0,9799
100,0.6,-0.38000000000000006,1,9940
100,0.6,-0.38000000000000006,2,9940
100,0.6,-0.39,0,6510
100,0.6,-0.39,1,9910
100,0.6,-0.39,2,9870
100,0.6,-0.41000000000000003,0,9800
100,0.6,-0.41000000000000003,1,9660
100,0.6,-0.41000000000000003,2,9800
100,0.6,-0.42000000000000004,0,9900
100,0.6,-0.42000000000000004,1,7530
100,0.6,-0.42000000000000004,2,9930
100,0.6,-0.43000000000000005,0,8220
100,0.6,-0.43000000000000005,1,9790
100,0.6,-0.43000000000000005,2,9940
100,0.6,-0.44000000000000006,0,9860
100,0.6,-0.44000000000000006,1,9820
100,0.6,-0.44000000000000006,2,9830
100,0.6,-0.45,0,9830
100,0.6,-0.45,1,9880
100,0.6,-0.45,2,9920
100,0.6,-0.46,0,9920
100,0.6,-0.46,1,8100
100,0.6,-0.46,2,9940
100,0.6,-0.47000000000000003,0,9920
100,0.6,-0.47000000000000003,1,9870
100,0.6,-0.47000000000000003,2,9940
100,0.6,-0.48000000000000004,0,9890
100,0.6,-0.48000000000000004,1,9280
100,0.6,-0.48000000000000004,2,9280
100,0.6,-0.49000000000000005,0,9850
100,0.6,-0.49000000000000005,1,9830
100,0.6,-0.49000000000000005,2,9630
100,0.6,-0.4,0,9930
100,0.6,-0.4,1,9910
100,0.6,-0.4,2,9770
100,0.6,-0.51,0,9870
100,0.6,-0.51,1,9920
100,0.6,-0.51,2,9910
100,0.6,-0.52,0,9740
100,0.6,-0.52,1,9270
100,0.6,-0.52,2,9940
100,0.6,-0.53,0,9900
100,0.6,-0.53,1,9930
100,0.6,-0.53,2,9730
100,0.6,-0.54,0,9880
100,0.6,-0.54,1,9910
100,0.6,-0.54,2,9830
100,0.6,-0.55,0,9900
100,0.6,-0.55,1,9950
100,0.6,-0.55,2,9860
100,0.6,-0.56,0,9900
100,0.6,-0.56,1,9720
100,0.6,-0.56,2,9800
100,0.6,-0.5700000000000001,0,9880
100,0.6,-0.5700000000000001,1,9930
100,0.6,-0.5700000000000001,2,9910
100,0.6,-0.5800000000000001,0,9870
100,0.6,-0.5800000000000001,1,9900
100,0.6,-0.5800000000000001,2,9860
100,0.6,-0.5900000000000001,0,9730
100,0.6,-0.5900000000000001,1,9880
100,0.6,-0.5900000000000001,2,9900
100,0.6,-0.5,0,9950
100,0.6,-0.5,1,9920
100,0.6,-0.5,2,9940
100,0.6,-0.6000000000000001,0,9900
100,0.6,-0.6000000000000001,1,9710
100,0.6,-0.6000000000000001,2,9810
100,0.6,-0.6100000000000001,0,9910
100,0.6,-0.6100000000000001,1,9290
100,0.6,-0.6100000000000001,2,9500
100,0.6,-0.6200000000000001,0,9400
100,0.6,-0.6200000000000001,1,9700
100,0.6,-0.6200000000000001,2,7060
100,0.6,-0.63,0,9900
100,0.6,-0.63,1,9760
100,0.6,-0.63,2,9620
100,0.6,-0.64,0,9830
100,0.6,-0.64,1,9380
100,0.6,-0.64,2,9800
100,0.6,-0.65,0,9720
100,0.6,-0.65,1,9830
100,0.6,-0.65,2,9520
100,0.6,-0.66,0,8550
100,0.6,-0.66,1,9910
100,0.6,-0.66,2,9720
100,0.6,-0.67,0,9830
100,0.6,-0.67,1,9880
100,0.6,-0.67,2,9480
100,0.6,-0.68,0,9830
100,0.6,-0.68,1,9510
100,0.6,-0.68,2,9690
100,0.6,-0.6900000000000001,0,9760
100,0.6,-0.6900000000000001,1,9750
100,0.6,-0.6900000000000001,2,9830
100,0.6,-0.7000000000000001,0,9710
100,0.6,-0.7000000000000001,1,9480
100,0.6,-0.7000000000000001,2,9840
100,0.6,-0.7100000000000001,0,9760
100,0.6,-0.7100000000000001,1,9830
100,0.6,-0.7100000000000001,2,9350
100,0.6,-0.7200000000000001,0,9830
100,0.6,-0.7200000000000001,1,9810
100,0.6,-0.7200000000000001,2,9870
100,0.6,-0.73,0,9810
100,0.6,-0.73,1,9956
100,0.6,-0.73,2,9840
100,0.6,-0.74,0,9760
100,0.6,-0.74,1,9600
100,0.6,-0.74,2,9580
100,0.6,-0.75,0,9730
100,0.6,-0.75,1,9220
100,0.6,-0.75,2,9410
100,0.6,-0.76,0,9820
100,0.6,-0.76,1,9920
100,0.6,-0.76,2,9900
100,0.6,-0.77,0,9798
100,0.6,-0.77,1,9440
100,0.6,-0.77,2,9840
100,0.6,-0.78,0,9630
100,0.6,-0.78,1,8640
100,0.6,-0.78,2,0
100,0.6,-0.79,0,0
100,0.6,-0.79,1,9850
100,0.6,-0.79,2,9900
100,0.6,-0.8,0,9800
100,0.6,-0.8,1,9930
100,0.6,-0.8,2,9920
100,0.6,0.010000000000000009,0,5750
100,0.6,0.010000000000000009,1,5920
100,0.6,0.010000000000000009,2,2020
100,0.6,0.020000000000000018,0,2550
100,0.6,0.020000000000000018,1,2210
100,0.6,0.020000000000000018,2,550
100,0.6,0.030000000000000027,0,1620
100,0.6,0.030000000000000027,1,1270
100,0.6,0.030000000000000027,2,60
100,0.6,0.039999999999999925,0,1170
100,0.6,0.039999999999999925,1,820
100,0.6,0.039999999999999925,2,40
100,0.6,0.04999999999999993,0,930
100,0.6,0.04999999999999993,1,530
100,0.6,0.04999999999999993,2,40
100,0.6,0.05999999999999994,0,770
100,0.6,0.05999999999999994,1,170
100,0.6,0.05999999999999994,2,30
100,0.6,0.06999999999999995,0,100
100,0.6,0.06999999999999995,1,160
100,0.6,0.06999999999999995,2,30
100,0.6,0.07999999999999996,0,90
100,0.6,0.07999999999999996,1,150
100,0.6,0.07999999999999996,2,20
100,0.6,0.08999999999999997,0,80
100,0.6,0.08999999999999997,1,140
100,0.6,0.08999999999999997,2,20
100,0.6,0.09999999999999998,0,80
100,0.6,0.09999999999999998,1,130
100,0.6,0.09999999999999998,2,10
100,0.6,0.0,0,0
100,0.6,0.0,1,0
100,0.6,0.0,2,0
100,0.6,0.10999999999999999,0,70
100,0.6,0.10999999999999999,1,130
100,0.6,0.10999999999999999,2,10
100,0.6,0.12,0,70
100,0.6,0.12,1,120
100,0.6,0.12,2,10
100,0.6,0.13,0,60
100,0.6,0.13,1,110
100,0.6,0.13,2,10
100,0.6,0.14,0,60
100,0.6,0.14,1,110
100,0.6,0.14,2,10
100,0.6,0.15000000000000002,0,60
100,0.6,0.15000000000000002,1,100
100,0.6,0.15000000000000002,2,10
100,0.6,0.15999999999999992,0,50
100,0.6,0.15999999999999992,1,100
100,0.6,0.15999999999999992,2,10
100,0.6,0.16999999999999993,0,50
100,0.6,0.16999999999999993,1,0
100,0.6,0.16999999999999993,2,10
100,0.6,0.17999999999999994,0,50
100,0.6,0.17999999999999994,1,0
100,0.6,0.17999999999999994,2,10
100,0.6,0.18999999999999995,0,50
100,0.6,0.18999999999999995,1,0
100,0.6,0.18999999999999995,2,10
100,0.6,0.2,0,50
100,0.6,0.2,1,0
100,0.6,0.2,2,10
100,0.7000000000000001,-0.010000000000000009,0,0
100,0.7000000000000001,-0.010000000000000009,1,0
100,0.7000000000000001,-0.010000000000000009,2,0
100,0.7000000000000001,-0.020000000000000018,0,0
100,0.7000000000000001,-0.020000000000000018,1,60
100,0.7000000000000001,-0.020000000000000018,2,0
100,0.7000000000000001,-0.030000000000000027,0,7630
100,0.7000000000000001,-0.030000000000000027,1,8520
100,0.7000000000000001,-0.030000000000000027,2,0
100,0.7000000000000001,-0.040000000000000036,0,0
100,0.7000000000000001,-0.040000000000000036,1,70
100,0.7000000000000001,-0.040000000000000036,2,0
100,0.7000000000000001,-0.050000000000000044,0,9820
100,0.7000000000000001,-0.050000000000000044,1,9820
100,0.7000000000000001,-0.050000000000000044,2,0
100,0.7000000000000001,-0.06000000000000005,0,3550
100,0.7000000000000001,-0.06000000000000005,1,9940
100,0.7000000000000001,-0.06000000000000005,2,9770
100,0.7000000000000001,-0.07000000000000006,0,9340
100,0.7000000000000001,-0.07000000000000006,1,9190
100,0.7000000000000001,-0.07000000000000006,2,5810
100,0.7000000000000001,-0.08000000000000007,0,4160
100,0.7000000000000001,-0.08000000000000007,1,9740
100,0.7000000000000001,-0.08000000000000007,2,9900
100,0.7000000000000001,-0.09000000000000008,0,7770
100,0.7000000000000001,-0.09000000000000008,1,9320
100,0.7000000000000001,-0.09000000000000008,2,9580
100,0.7000000000000001,-0.09999999999999998,0,9940
100,0.7000000000000001,-0.09999999999999998,1,9620
100,0.7000000000000001,-0.09999999999999998,2,0
100,0.7000000000000001,-0.10999999999999999,0,9890
100,0.7000000000000001,-0.10999999999999999,1,9920
100,0.7000000000000001,-0.10999999999999999,2,9910
100,0.7000000000000001,-0.12,0,8100
100,0.7000000000000001,-0.12,1,9840
100,0.7000000000000001,-0.12,2,0
100,0.7000000000000001,-0.13,0,9880
100,0.7000000000000001,-0.13,1,9720
100,0.7000000000000001,-0.13,2,9930
100,0.7000000000000001,-0.14,0,5040
100,0.7000000000000001,-0.14,1,330
100,0.7000000000000001,-0.14,2,7010
100,0.7000000000000001,-0.15000000000000002,0,2250
100,0.7000000000000001,-0.15000000000000002,1,9590
100,0.7000000000000001,-0.15000000000000002,2,3090
100,0.7000000000000001,-0.16000000000000003,0,9320
100,0.7000000000000001,-0.16000000000000003,1,9920
100,0.7000000000000001,-0.16000000000000003,2,9760
100,0.7000000000000001,-0.17000000000000004,0,9790
100,0.7000000000000001,-0.17000000000000004,1,9510
100,0.7000000000000001,-0.17000000000000004,2,0
100,0.7000000000000001,-0.18000000000000005,0,9880
100,0.7000000000000001,-0.18000000000000005,1,9820
100,0.7000000000000001,-0.18000000000000005,2,3880
100,0.7000000000000001,-0.19000000000000006,0,9710
100,0.7000000000000001,-0.19000000000000006,1,9710
100,0.7000000000000001,-0.19000000000000006,2,9910
100,0.7000000000000001,-0.20000000000000007,0,8260
100,0.7000000000000001,-0.20000000000000007,1,9830
100,0.7000000000000001,-0.20000000000000007,2,9950
100,0.7000000000000001,-0.21000000000000008,0,9870
100,0.7000000000000001,-0.21000000000000008,1,9840
100,0.7000000000000001,-0.21000000000000008,2,9540
100,0.7000000000000001,-0.22000000000000008,0,9650
100,0.7000000000000001,-0.22000000000000008,1,9900
100,0.7000000000000001,-0.22000000000000008,2,9950
100,0.7000000000000001,-0.22999999999999998,0,9640
100,0.7000000000000001,-0.22999999999999998,1,9800
100,0.7000000000000001,-0.22999999999999998,2,8640
100,0.7000000000000001,-0.24,0,9780
100,0.7000000000000001,-0.24,1,9800
100,0.7000000000000001,-0.24,2,9860
100,0.7000000000000001,-0.25,0,9900
100,0.7000000000000001,-0.25,1,9900
100,0.7000000000000001,-0.25,2,5560
100,0.7000000000000001,-0.26,0,9950
100,0.7000000000000001,-0.26,1,9750
100,0.7000000000000001,-0.26,2,9930
100,0.7000000000000001,-0.27,0,9750
100,0.7000000000000001,-0.27,1,9840
100,0.7000000000000001,-0.27,2,9930
100,0.7000000000000001,-0.28,0,9830
100,0.7000000000000001,-0.28,1,9900
100,0.7000000000000001,-0.28,2,9870
100,0.7000000000000001,-0.29000000000000004,0,9780
100,0.7000000000000001,-0.29000000000000004,1,9890
100,0.7000000000000001,-0.29000000000000004,2,9920
100,0.7000000000000001,-0.30000000000000004,0,9760
100,0.7000000000000001,-0.30000000000000004,1,6920
100,0.7000000000000001,-0.30000000000000004,2,7290
100,0.7000000000000001,-0.31000000000000005,0,9570
100,0.7000000000000001,-0.31000000000000005,1,9910
100,0.7000000000000001,-0.31000000000000005,2,9820
100,0.7000000000000001,-0.32000000000000006,0,9640
100,0.7000000000000001,-0.32000000000000006,1,9930
100,0.7000000000000001,-0.32000000000000006,2,9850
100,0.7000000000000001,-0.33,0,9950
100,0.7000000000000001,-0.33,1,9870
100,0.7000000000000001,-0.33,2,9830
100,0.7000000000000001,-0.34,0,9910
100,0.7000000000000001,-0.34,1,6850
100,0.7000000000000001,-0.34,2,7480
100,0.7000000000000001,-0.35000000000000003,0,9890
100,0.7000000000000001,-0.35000000000000003,1,9880
100,0.7000000000000001,-0.35000000000000003,2,9780
100,0.7000000000000001,-0.36000000000000004,0,9950
100,0.7000000000000001,-0.36000000000000004,1,9880
100,0.7000000000000001,-0.36000000000000004,2,6730
100,0.7000000000000001,-0.37000000000000005,0,9930
100,0.7000000000000001,-0.37000000000000005,1,7660
100,0.7000000000000001,-0.37000000000000005,2,9940
100,0.7000000000000001,-0.38000000000000006,0,9930
100,0.7000000000000001,-0.38000000000000006,1,9750
100,0.7000000000000001,-0.38000000000000006,2,9890
100,0.7000000000000001,-0.39,0,9850
100,0.7000000000000001,-0.39,1,9940
100,0.7000000000000001,-0.39,2,9950
100,0.7000000000000001,-0.41000000000000003,0,9920
100,0.7000000000000001,-0.41000000000000003,1,9830
100,0.7000000000000001,-0.41000000000000003,2,9770
100,0.7000000000000001,-0.42000000000000004,0,9830
100,0.7000000000000001,-0.42000000000000004,1,8120
100,0.7000000000000001,-0.42000000000000004,2,7150
100,0.7000000000000001,-0.43000000000000005,0,9880
100,0.7000000000000001,-0.43000000000000005,1,5190
100,0.7000000000000001,-0.43000000000000005,2,9930
100,0.7000000000000001,-0.44000000000000006,0,9910
100,0.7000000000000001,-0.44000000000000006,1,9380
100,0.7000000000000001,-0.44000000000000006,2,9760
100,0.7000000000000001,-0.45,0,9620
100,0.7000000000000001,-0.45,1,9900
100,0.7000000000000001,-0.45,2,9840
100,0.7000000000000001,-0.46,0,9820
100,0.7000000000000001,-0.46,1,9870
100,0.7000000000000001,-0.46,2,6920
100,0.7000000000000001,-0.47000000000000003,0,9680
100,0.7000000000000001,-0.47000000000000003,1,6160
100,0.7000000000000001,-0.47000000000000003,2,9950
100,0.7000000000000001,-0.48000000000000004,0,9930
100,0.7000000000000001,-0.48000000000000004,1,9920
100,0.7000000000000001,-0.48000000000000004,2,9840
100,0.7000000000000001,-0.49000000000000005,0,9920
100,0.7000000000000001,-0.49000000000000005,1,7520
100,0.7000000000000001,-0.49000000000000005,2,9950
100,0.7000000000000001,-0.4,0,9880
100,0.7000000000000001,-0.4,1,7580
100,0.7000000000000001,-0.4,2,9930
100,0.7000000000000001,-0.51,0,9910
100,0.7000000000000001,-0.51,1,9880
100,0.7000000000000001,-0.51,2,9920
100,0.7000000000000001,-0.52,0,9890
100,0.7000000000000001,-0.52,1,9910
100,0.7000000000000001,-0.52,2,9940
100,0.7000000000000001,-0.53,0,9840
100,0.7000000000000001,-0.53,1,9930
100,0.7000000000000001,-0.53,2,9910
100,0.7000000000000001,-0.54,0,9950
100,0.7000000000000001,-0.54,1,9930
100,0.7000000000000001,-0.54,2,9930
100,0.7000000000000001,-0.55,0,9950
100,0.7000000000000001,-0.55,1,9950
100,0.7000000000000001,-0.55,2,9850
100,0.7000000000000001,-0.56,0,7600
100,0.7000000000000001,-0.56,1,9890
100,0.7000000000000001,-0.56,2,9930
100,0.7000000000000001,-0.5700000000000001,0,9920
100,0.7000000000000001,-0.5700000000000001,1,9880
100,0.7000000000000001,-0.5700000000000001,2,8780
100,0.7000000000000001,-0.5800000000000001,0,9910
100,0.7000000000000001,-0.5800000000000001,1,9720
100,0.7000000000000001,-0.5800000000000001,2,9930
100,0.7000000000000001,-0.5900000000000001,0,9930
100,0.7000000000000001,-0.5900000000000001,1,9940
100,0.7000000000000001,-0.5900000000000001,2,9950
100,0.7000000000000001,-0.5,0,9810
100,0.7000000000000001,-0.5,1,7640
100,0.7000000000000001,-0.5,2,9840
100,0.7000000000000001,-0.6000000000000001,0,9870
100,0.7000000000000001,-0.6000000000000001,1,8380
100,0.7000000000000001,-0.6000000000000001,2,9880
100,0.7000000000000001,-0.6100000000000001,0,9870
100,0.7000000000000001,-0.6100000000000001,1,9930
100,0.7000000000000001,-0.6100000000000001,2,9930
100,0.7000000000000001,-0.6200000000000001,0,9940
100,0.7000000000000001,-0.6200000000000001,1,9930
100,0.7000000000000001,-0.6200000000000001,2,9860
100,0.7000000000000001,-0.63,0,9900
100,0.7000000000000001,-0.63,1,9740
100,0.7000000000000001,-0.63,2,9800
100,0.7000000000000001,-0.64,0,9900
100,0.7000000000000001,-0.64,1,9790
100,0.7000000000000001,-0.64,2,9820
100,0.7000000000000001,-0.65,0,9900
100,0.7000000000000001,-0.65,1,9920
100,0.7000000000000001,-0.65,2,9840
100,0.7000000000000001,-0.66,0,9720
100,0.7000000000000001,-0.66,1,9930
100,0.7000000000000001,-0.66,2,9930
100,0.7000000000000001,-0.67,0,9860
100,0.7000000000000001,-0.67,1,9750
100,0.7000000000000001,-0.67,2,9810
100,0.7000000000000001,-0.68,0,9890
100,0.7000000000000001,-0.68,1,9860
100,0.7000000000000001,-0.68,2,9790
100,0.7000000000000001,-0.6900000000000001,0,9920
100,0.7000000000000001,-0.6900000000000001,1,9900
100,0.7000000000000001,-0.6900000000000001,2,9810
100,0.7000000000000001,-0.7000000000000001,0,9720
100,0.7000000000000001,-0.7000000000000001,1,9250
100,0.7000000000000001,-0.7000000000000001,2,9920
100,0.7000000000000001,-0.7100000000000001,0,9860
100,0.7000000000000001,-0.7100000000000001,1,9870
100,0.7000000000000001,-0.7100000000000001,2,7120
100,0.7000000000000001,-0.7200000000000001,0,9940
100,0.7000000000000001,-0.7200000000000001,1,9790
100,0.7000000000000001,-0.7200000000000001,2,9870
100,0.7000000000000001,-0.73,0,9910
100,0.7000000000000001,-0.73,1,9880
100,0.7000000000000001,-0.73,2,9820
100,0.7000000000000001,-0.74,0,8060
100,0.7000000000000001,-0.74,1,9890
100,0.7000000000000001,-0.74,2,9590
100,0.7000000000000001,-0.75,0,9850
100,0.7000000000000001,-0.75,1,9910
100,0.7000000000000001,-0.75,2,9800
100,0.7000000000000001,-0.76,0,9920
100,0.7000000000000001,-0.76,1,9770
100,0.7000000000000001,-0.76,2,9920
100,0.7000000000000001,-0.77,0,9830
100,0.7000000000000001,-0.77,1,9840
100,0.7000000000000001,-0.77,2,9920
100,0.7000000000000001,-0.78,0,9920
100,0.7000000000000001,-0.78,1,9910
100,0.7000000000000001,-0.78,2,9920
100,0.7000000000000001,-0.79,0,9890
100,0.7000000000000001,-0.79,1,9900
100,0.7000000000000001,-0.79,2,9840
100,0.7000000000000001,-0.8,0,9740
100,0.7000000000000001,-0.8,1,9880
100,0.7000000000000001,-0.8,2,9860
100,0.7000000000000001,0.010000000000000009,0,6240
100,0.7000000000000001,0.010000000000000009,1,9898
100,0.7000000000000001,0.010000000000000009,2,2060
100,0.7000000000000001,0.020000000000000018,0,2890
100,0.7000000000000001,0.020000000000000018,1,2260
100,0.7000000000000001,0.020000000000000018,2,590
100,0.7000000000000001,0.030000000000000027,0,1900
100,0.7000000000000001,0.030000000000000027,1,1260
100,0.7000000000000001,0.030000000000000027,2,50
100,0.7000000000000001,0.039999999999999925,0,1410
100,0.7000000000000001,0.039999999999999925,1,800
100,0.7000000000000001,0.039999999999999925,2,40
100,0.7000000000000001,0.04999999999999993,0,1120
100,0.7000000000000001,0.04999999999999993,1,490
100,0.7000000000000001,0.04999999999999993,2,30
100,0.7000000000000001,0.05999999999999994,0,930
100,0.7000000000000001,0.05999999999999994,1,140
100,0.7000000000000001,0.05999999999999994,2,30
100,0.7000000000000001,0.06999999999999995,0,780
100,0.7000000000000001,0.06999999999999995,1,130
100,0.7000000000000001,0.06999999999999995,2,30
100,0.7000000000000001,0.07999999999999996,0,80
100,0.7000000000000001,0.07999999999999996,1,120
100,0.7000000000000001,0.07999999999999996,2,20
100,0.7000000000000001,0.08999999999999997,0,80
100,0.7000000000000001,0.08999999999999997,1,120
100,0.7000000000000001,0.08999999999999997,2,20
100,0.7000000000000001,0.09999999999999998,0,70
100,0.7000000000000001,0.09999999999999998,1,110
100,0.7000000000000001,0.09999999999999998,2,20
100,0.7000000000000001,0.0,0,0
100,0.7000000000000001,0.0,1,0
100,0.7000000000000001,0.0,2,0
100,0.7000000000000001,0.10999999999999999,0,70
100,0.7000000000000001,0.10999999999999999,1,110
100,0.7000000000000001,0.10999999999999999,2,10
100,0.7000000000000001,0.12,0,60
100,0.7000000000000001,0.12,1,110
100,0.7000000000000001,0.12,2,10
100,0.7000000000000001,0.13,0,60
100,0.7000000000000001,0.13,1,100
100,0.7000000000000001,0.13,2,10
100,0.7000000000000001,0.14,0,60
100,0.7000000000000001,0.14,1,100
100,0.7000000000000001,0.14,2,10
100,0.7000000000000001,0.15000000000000002,0,50
100,0.7000000000000001,0.15000000000000002,1,100
100,0.7000000000000001,0.15000000000000002,2,10
100,0.7000000000000001,0.15999999999999992,0,50
100,0.7000000000000001,0.15999999999999992,1,90
100,0.7000000000000001,0.15999999999999992,2,10
100,0.7000000000000001,0.16999999999999993,0,50
100,0.7000000000000001,0.16999999999999993,1,90
100,0.7000000000000001,0.16999999999999993,2,10
100,0.7000000000000001,0.17999999999999994,0,50
100,0.7000000000000001,0.17999999999999994,1,0
100,0.7000000000000001,0.17999999999999994,2,10
100,0.7000000000000001,0.18999999999999995,0,50
100,0.7000000000000001,0.18999999999999995,1,0
100,0.7000000000000001,0.18999999999999995,2,10
100,0.7000000000000001,0.2,0,40
100,0.7000000000000001,0.2,1,0
100,0.7000000000000001,0.2,2,10
100,0.71,-0.010000000000000009,0,0
100,0.71,-0.010000000000000009,1,0
100,0.71,-0.010000000000000009,2,0
100,0.71,-0.020000000000000018,0,0
100,0.71,-0.020000000000000018,1,60
100,0.71,-0.020000000000000018,2,0
100,0.71,-0.030000000000000027,0,0
100,0.71,-0.030000000000000027,1,70
100,0.71,-0.030000000000000027,2,0
100,0.71,-0.040000000000000036,0,0
100,0.71,-0.040000000000000036,1,70
100,0.71,-0.040000000000000036,2,9020
100,0.71,-0.050000000000000044,0,4350
100,0.71,-0.050000000000000044,1,9920
100,0.71,-0.050000000000000044,2,6220
100,0.71,-0.06000000000000005,0,6940
100,0.71,-0.06000000000000005,1,4210
100,0.71,-0.06000000000000005,2,9400
100,0.71,-0.07000000000000006,0,7880
100,0.71,-0.07000000000000006,1,9930
100,0.71,-0.07000000000000006,2,9430
100,0.71,-0.08000000000000007,0,5680
100,0.71,-0.08000000000000007,1,8610
100,0.71,-0.08000000000000007,2,6480
100,0.71,-0.09000000000000008,0,4530
100,0.71,-0.09000000000000008,1,6460
100,0.71,-0.09000000000000008,2,9790
100,0.71,-0.09999999999999998,0,9780
100,0.71,-0.09999999999999998,1,9400
100,0.71,-0.09999999999999998,2,9890
100,0.71,-0.10999999999999999,0,5560
100,0.71,-0.10999999999999999,1,9800
100,0.71,-0.10999999999999999,2,9760
100,0.71,-0.12,0,5130
100,0.71,-0.12,1,9000
100,0.71,-0.12,2,4320
100,0.71,-0.13,0,0
100,0.71,-0.13,1,9850
100,0.71,-0.13,2,1590
100,0.71,-0.14,0,6320
100,0.71,-0.14,1,9200
100,0.71,-0.14,2,7920
100,0.71,-0.15000000000000002,0,6950
100,0.71,-0.15000000000000002,1,9570
100,0.71,-0.15000000000000002,2,9820
100,0.71,-0.16000000000000003,0,9680
100,0.71,-0.16000000000000003,1,9420
100,0.71,-0.16000000000000003,2,9790
100,0.71,-0.17000000000000004,0,8930
100,0.71,-0.17000000000000004,1,8980
100,0.71,-0.17000000000000004,2,9650
100,0.71,-0.18000000000000005,0,9710
100,0.71,-0.18000000000000005,1,9600
100,0.71,-0.18000000000000005,2,7550
100,0.71,-0.19000000000000006,0,9880
100,0.71,-0.19000000000000006,1,9920
100,0.71,-0.19000000000000006,2,9480
100,0.71,-0.20000000000000007,0,2510
100,0.71,-0.20000000000000007,1,9880
100,0.71,-0.20000000000000007,2,9880
100,0.71,-0.21000000000000008,0,40
100,0.71,-0.21000000000000008,1,9840
100,0.71,-0.21000000000000008,2,6630
100,0.71,-0.22000000000000008,0,9900
100,0.71,-0.22000000000000008,1,9840
100,0.71,-0.22000000000000008,2,9910
100,0.71,-0.22999999999999998,0,9830
100,0.71,-0.22999999999999998,1,5900
100,0.71,-0.22999999999999998,2,9940
100,0.71,-0.24,0,9780
100,0.71,-0.24,1,9930
100,0.71,-0.24,2,9840
100,0.71,-0.25,0,9930
100,0.71,-0.25,1,9900
100,0.71,-0.25,2,9750
100,0.71,-0.26,0,9820
100,0.71,-0.26,1,9890
100,0.71,-0.26,2,3910
100,0.71,-0.27,0,9940
100,0.71,-0.27,1,9930
100,0.71,-0.27,2,3480
100,0.71,-0.28,0,9910
100,0.71,-0.28,1,9890
100,0.71,-0.28,2,9920
100,0.71,-0.29000000000000004,0,9940
100,0.71,-0.29000000000000004,1,9620
100,0.71,-0.29000000000000004,2,6640
100,0.71,-0.30000000000000004,0,9950
100,0.71,-0.30000000000000004,1,9820
100,0.71,-0.30000000000000004,2,9890
100,0.71,-0.31000000000000005,0,9920
100,0.71,-0.31000000000000005,1,9710
100,0.71,-0.31000000000000005,2,9950
100,0.71,-0.32000000000000006,0,7020
100,0.71,-0.32000000000000006,1,5720
100,0.71,-0.32000000000000006,2,9860
100,0.71,-0.33,0,9810
100,0.71,-0.33,1,9750
100,0.71,-0.33,2,9730
100,0.71,-0.34,0,9880
100,0.71,-0.34,1,9880
100,0.71,-0.34,2,9940
100,0.71,-0.35000000000000003,0,9780
100,0.71,-0.35000000000000003,1,9870
100,0.71,-0.35000000000000003,2,9920
100,0.71,-0.36000000000000004,0,9930
100,0.71,-0.36000000000000004,1,9850
100,0.71,-0.36000000000000004,2,9880
100,0.71,-0.37000000000000005,0,9400
100,0.71,-0.37000000000000005,1,7750
100,0.71,-0.37000000000000005,2,6880
100,0.71,-0.38000000000000006,0,9920
100,0.71,-0.38000000000000006,1,9920
100,0.71,-0.38000000000000006,2,9900
100,0.71,-0.39,0,9780
100,0.71,-0.39,1,9920
100,0.71,-0.39,2,9940
100,0.71,-0.41000000000000003,0,8060
100,0.71,-0.41000000000000003,1,9880
100,0.71,-0.41000000000000003,2,9800
100,0.71,-0.42000000000000004,0,7780
100,0.71,-0.42000000000000004,1,7870
100,0.71,-0.42000000000000004,2,9610
100,0.71,-0.43000000000000005,0,9930
100,0.71,-0.43000000000000005,1,9890
100,0.71,-0.43000000000000005,2,9920
100,0.71,-0.44000000000000006,0,9800
100,0.71,-0.44000000000000006,1,9860
100,0.71,-0.44000000000000006,2,7740
100,0.71,-0.45,0,9860
100,0.71,-0.45,1,9880
100,0.71,-0.45,2,8380
100,0.71,-0.46,0,7570
100,0.71,-0.46,1,9920
100,0.71,-0.46,2,9940
100,0.71,-0.47000000000000003,0,9640
100,0.71,-0.47000000000000003,1,9910
100,0.71,-0.47000000000000003,2,6810
100,0.71,-0.48000000000000004,0,9890
100,0.71,-0.48000000000000004,1,8000
100,0.71,-0.48000000000000004,2,9940
100,0.71,-0.49000000000000005,0,9680
100,0.71,-0.49000000000000005,1,9920
100,0.71,-0.49000000000000005,2,9810
100,0.71,-0.4,0,9940
100,0.71,-0.4,1,5810
100,0.71,-0.4,2,8200
100,0.71,-0.51,0,9910
100,0.71,-0.51,1,9930
100,0.71,-0.51,2,8090
100,0.71,-0.52,0,9670
100,0.71,-0.52,1,8370
100,0.71,-0.52,2,9940
100,0.71,-0.53,0,9890
100,0.71,-0.53,1,9820
100,0.71,-0.53,2,9810
100,0.71,-0.54,0,6550
100,0.71,-0.54,1,9770
100,0.71,-0.54,2,9940
100,0.71,-0.55,0,9950
100,0.71,-0.55,1,9870
100,0.71,-0.55,2,9940
100,0.71,-0.56,0,9940
100,0.71,-0.56,1,9940
100,0.71,-0.56,2,9930
100,0.71,-0.5700000000000001,0,9900
100,0.71,-0.5700000000000001,1,9630
100,0.71,-0.5700000000000001,2,9920
100,0.71,-0.5800000000000001,0,9840
100,0.71,-0.5800000000000001,1,9870
100,0.71,-0.5800000000000001,2,9380
100,0.71,-0.5900000000000001,0,9870
100,0.71,-0.5900000000000001,1,9930
100,0.71,-0.5900000000000001,2,9940
100,0.71,-0.5,0,9910
100,0.71,-0.5,1,8020
100,0.71,-0.5,2,9930
100,0.71,-0.6000000000000001,0,9880
100,0.71,-0.6000000000000001,1,9920
100,0.71,-0.6000000000000001,2,7420
100,0.71,-0.6100000000000001,0,9590
100,0.71,-0.6100000000000001,1,9940
100,0.71,-0.6100000000000001,2,9740
100,0.71,-0.6200000000000001,0,9940
100,0.71,-0.6200000000000001,1,8330
100,0.71,-0.6200000000000001,2,9860
100,0.71,-0.63,0,9966
100,0.71,-0.63,1,9810
100,0.71,-0.63,2,9950
100,0.71,-0.64,0,9950
100,0.71,-0.64,1,9200
100,0.71,-0.64,2,9940
100,0.71,-0.65,0,9720
100,0.71,-0.65,1,9820
100,0.71,-0.65,2,9770
100,0.71,-0.66,0,9940
100,0.71,-0.66,1,9930
100,0.71,-0.66,2,9890
100,0.71,-0.67,0,9840
100,0.71,-0.67,1,9900
100,0.71,-0.67,2,9940
100,0.71,-0.68,0,9640
100,0.71,-0.68,1,9780
100,0.71,-0.68,2,9900
100,0.71,-0.6900000000000001,0,9900
100,0.71,-0.6900000000000001,1,9850
100,0.71,-0.6900000000000001,2,9910
100,0.71,-0.7000000000000001,0,9860
100,0.71,-0.7000000000000001,1,9930
100,0.71,-0.7000000000000001,2,9840
100,0.71,-0.7100000000000001,0,9810
100,0.71,-0.7100000000000001,1,9930
100,0.71,-0.7100000000000001,2,9900
100,0.71,-0.7200000000000001,0,9930
100,0.71,-0.7200000000000001,1,9940
100,0.71,-0.7200000000000001,2,9900
100,0.71,-0.73,0,9830
100,0.71,-0.73,1,9910
100,0.71,-0.73,2,9930
100,0.71,-0.74,0,9540
100,0.71,-0.74,1,9420
100,0.71,-0.74,2,9930
100,0.71,-0.75,0,9940
100,0.71,-0.75,1,9531
100,0.71,-0.75,2,9420
100,0.71,-0.76,0,9530
100,0.71,-0.76,1,9600
100,0.71,-0.76,2,9870
100,0.71,-0.77,0,9880
100,0.71,-0.77,1,9910
100,0.71,-0.77,2,9760
100,0.71,-0.78,0,9860
100,0.71,-0.78,1,9900
100,0.71,-0.78,2,9850
100,0.71,-0.79,0,9840
100,0.71,-0.79,1,9870
100,0.71,-0.79,2,9930
100,0.71,-0.8,0,9900
100,0.71,-0.8,1,9770
100,0.71,-0.8,2,9090
100,0.71,0.010000000000000009,0,6320
100,0.71,0.010000000000000009,1,9721
100,0.71,0.010000000000000009,2,2080
100,0.71,0.020000000000000018,0,2960
100,0.71,0.020000000000000018,1,2270
100,0.71,0.020000000000000018,2,590
100,0.71,0.030000000000000027,0,1960
100,0.71,0.030000000000000027,1,1270
100,0.71,0.030000000000000027,2,50
100,0.71,0.039999999999999925,0,1480
100,0.71,0.039999999999999925,1,820
100,0.71,0.039999999999999925,2,40
100,0.71,0.04999999999999993,0,1170
100,0.71,0.04999999999999993,1,500
100,0.71,0.04999999999999993,2,30
100,0.71,0.05999999999999994,0,970
100,0.71,0.05999999999999994,1,140
100,0.71,0.05999999999999994,2,30
100,0.71,0.06999999999999995,0,810
100,0.71,0.06999999999999995,1,130
100,0.71,0.06999999999999995,2,30
100,0.71,0.07999999999999996,0,80
100,0.71,0.07999999999999996,1,110
100,0.71,0.07999999999999996,2,20
100,0.71,0.08999999999999997,0,80
100,0.71,0.08999999999999997,1,120
100,0.71,0.08999999999999997,2,20
100,0.71,0.09999999999999998,0,70
100,0.71,0.09999999999999998,1,110
100,0.71,0.09999999999999998,2,20
100,0.71,0.0,0,0
100,0.71,0.0,1,0
100,0.71,0.0,2,0
100,0.71,0.10999999999999999,0,70
100,0.71,0.10999999999999999,1,110
100,0.71,0.10999999999999999,2,20
100,0.71,0.12,0,70
100,0.71,0.12,1,100
100,0.71,0.12,2,10
100,0.71,0.13,0,60
100,0.71,0.13,1,100
100,0.71,0.13,2,10
100,0.71,0.14,0,60
100,0.71,0.14,1,100
100,0.71,0.14,2,10
100,0.71,0.15000000000000002,0,50
100,0.71,0.15000000000000002,1,90
100,0.71,0.15000000000000002,2,10
100,0.71,0.15999999999999992,0,50
100,0.71,0.15999999999999992,1,90
100,0.71,0.15999999999999992,2,10
100,0.71,0.16999999999999993,0,50
100,0.71,0.16999999999999993,1,90
100,0.71,0.16999999999999993,2,10
100,0.71,0.17999999999999994,0,50
100,0.71,0.17999999999999994,1,0
100,0.71,0.17999999999999994,2,10
100,0.71,0.18999999999999995,0,50
100,0.71,0.18999999999999995,1,0
100,0.71,0.18999999999999995,2,10
100,0.71,0.2,0,40
100,0.71,0.2,1,0
100,0.71,0.2,2,10
100,0.72,-0.010000000000000009,0,0
100,0.72,-0.010000000000000009,1,0
100,0.72,-0.010000000000000009,2,0
100,0.72,-0.020000000000000018,0,4340
100,0.72,-0.020000000000000018,1,50
100,0.72,-0.020000000000000018,2,0
100,0.72,-0.030000000000000027,0,0
100,0.72,-0.030000000000000027,1,60
100,0.72,-0.030000000000000027,2,0
100,0.72,-0.040000000000000036,0,4980
100,0.72,-0.040000000000000036,1,60
100,0.72,-0.040000000000000036,2,9920
100,0.72,-0.050000000000000044,0,6260
100,0.72,-0.050000000000000044,1,7700
100,0.72,-0.050000000000000044,2,0
100,0.72,-0.06000000000000005,0,9840
100,0.72,-0.06000000000000005,1,9910
100,0.72,-0.06000000000000005,2,0
100,0.72,-0.07000000000000006,0,0
100,0.72,-0.07000000000000006,1,9880
100,0.72,-0.07000000000000006,2,2750
100,0.72,-0.08000000000000007,0,9860
100,0.72,-0.08000000000000007,1,9730
100,0.72,-0.08000000000000007,2,5220
100,0.72,-0.09000000000000008,0,5760
100,0.72,-0.09000000000000008,1,9210
100,0.72,-0.09000000000000008,2,2930
100,0.72,-0.09999999999999998,0,9930
100,0.72,-0.09999999999999998,1,9840
100,0.72,-0.09999999999999998,2,9850
100,0.72,-0.10999999999999999,0,9880
100,0.72,-0.10999999999999999,1,9730
100,0.72,-0.10999999999999999,2,9190
100,0.72,-0.12,0,9890
100,0.72,-0.12,1,9760
100,0.72,-0.12,2,0
100,0.72,-0.13,0,9890
100,0.72,-0.13,1,9700
100,0.72,-0.13,2,4400
100,0.72,-0.14,0,9930
100,0.72,-0.14,1,9860
100,0.72,-0.14,2,7450
100,0.72,-0.15000000000000002,0,9590
100,0.72,-0.15000000000000002,1,9940
100,0.72,-0.15000000000000002,2,9840
100,0.72,-0.16000000000000003,0,9940
100,0.72,-0.16000000000000003,1,9470
100,0.72,-0.16000000000000003,2,9930
100,0.72,-0.17000000000000004,0,9280
100,0.72,-0.17000000000000004,1,9740
100,0.72,-0.17000000000000004,2,9910
100,0.72,-0.18000000000000005,0,9680
100,0.72,-0.18000000000000005,1,9900
100,0.72,-0.18000000000000005,2,9570
100,0.72,-0.19000000000000006,0,9880
100,0.72,-0.19000000000000006,1,9790
100,0.72,-0.19000000000000006,2,9920
100,0.72,-0.20000000000000007,0,9630
100,0.72,-0.20000000000000007,1,9800
100,0.72,-0.20000000000000007,2,5930
100,0.72,-0.21000000000000008,0,9940
100,0.72,-0.21000000000000008,1,9550
100,0.72,-0.21000000000000008,2,5460
100,0.72,-0.22000000000000008,0,9910
100,0.72,-0.22000000000000008,1,9920
100,0.72,-0.22000000000000008,2,9930
100,0.72,-0.22999999999999998,0,9290
100,0.72,-0.22999999999999998,1,9910
100,0.72,-0.22999999999999998,2,9930
100,0.72,-0.24,0,9950
100,0.72,-0.24,1,9930
100,0.72,-0.24,2,9930
100,0.72,-0.25,0,5470
100,0.72,-0.25,1,9860
100,0.72,-0.25,2,9730
100,0.72,-0.26,0,9940
100,0.72,-0.26,1,7100
100,0.72,-0.26,2,6930
100,0.72,-0.27,0,9700
100,0.72,-0.27,1,9900
100,0.72,-0.27,2,4860
100,0.72,-0.28,0,9930
100,0.72,-0.28,1,9820
100,0.72,-0.28,2,7080
100,0.72,-0.29000000000000004,0,8870
100,0.72,-0.29000000000000004,1,9940
100,0.72,-0.29000000000000004,2,9930
100,0.72,-0.30000000000000004,0,9710
100,0.72,-0.30000000000000004,1,5660
100,0.72,-0.30000000000000004,2,9900
100,0.72,-0.31000000000000005,0,9300
100,0.72,-0.31000000000000005,1,9540
100,0.72,-0.31000000000000005,2,9720
100,0.72,-0.32000000000000006,0,9880
100,0.72,-0.32000000000000006,1,9920
100,0.72,-0.32000000000000006,2,9930
100,0.72,-0.33,0,9900
100,0.72,-0.33,1,9870
100,0.72,-0.33,2,9370
100,0.72,-0.34,0,9760
100,0.72,-0.34,1,9910
100,0.72,-0.34,2,9800
100,0.72,-0.35000000000000003,0,7210
100,0.72,-0.35000000000000003,1,9910
100,0.72,-0.35000000000000003,2,9900
100,0.72,-0.36000000000000004,0,9900
100,0.72,-0.36000000000000004,1,9910
100,0.72,-0.36000000000000004,2,9830
100,0.72,-0.37000000000000005,0,8240
100,0.72,-0.37000000000000005,1,9920
100,0.72,-0.37000000000000005,2,9750
100,0.72,-0.38000000000000006,0,9660
100,0.72,-0.38000000000000006,1,7380
100,0.72,-0.38000000000000006,2,9930
100,0.72,-0.39,0,7750
100,0.72,-0.39,1,9800
100,0.72,-0.39,2,6480
100,0.72,-0.41000000000000003,0,9930
100,0.72,-0.41000000000000003,1,7760
100,0.72,-0.41000000000000003,2,9310
100,0.72,-0.42000000000000004,0,9880
100,0.72,-0.42000000000000004,1,9910
100,0.72,-0.42000000000000004,2,9860
100,0.72,-0.43000000000000005,0,9940
100,0.72,-0.43000000000000005,1,9940
100,0.72,-0.43000000000000005,2,9840
100,0.72,-0.44000000000000006,0,9880
100,0.72,-0.44000000000000006,1,7730
100,0.72,-0.44000000000000006,2,9550
100,0.72,-0.45,0,9940
100,0.72,-0.45,1,9920
100,0.72,-0.45,2,9940
100,0.72,-0.46,0,9890
100,0.72,-0.46,1,9920
100,0.72,-0.46,2,9940
100,0.72,-0.47000000000000003,0,9920
100,0.72,-0.47000000000000003,1,9950
100,0.72,-0.47000000000000003,2,9760
100,0.72,-0.48000000000000004,0,9810
100,0.72,-0.48000000000000004,1,9670
100,0.72,-0.48000000000000004,2,9930
100,0.72,-0.49000000000000005,0,9900
100,0.72,-0.49000000000000005,1,9470
100,0.72,-0.49000000000000005,2,9930
100,0.72,-0.4,0,9920
100,0.72,-0.4,1,9930
100,0.72,-0.4,2,9830
100,0.72,-0.51,0,9880
100,0.72,-0.51,1,7280
100,0.72,-0.51,2,9910
100,0.72,-0.52,0,7430
100,0.72,-0.52,1,8340
100,0.72,-0.52,2,9900
100,0.72,-0.53,0,9930
100,0.72,-0.53,1,9950
100,0.72,-0.53,2,9860
100,0.72,-0.54,0,9940
100,0.72,-0.54,1,9880
100,0.72,-0.54,2,9930
100,0.72,-0.55,0,9950
100,0.72,-0.55,1,9910
100,0.72,-0.55,2,9940
100,0.72,-0.56,0,9820
100,0.72,-0.56,1,9930
100,0.72,-0.56,2,7780
100,0.72,-0.5700000000000001,0,9940
100,0.72,-0.5700000000000001,1,9920
100,0.72,-0.5700000000000001,2,9940
100,0.72,-0.5800000000000001,0,7470
100,0.72,-0.5800000000000001,1,9890
100,0.72,-0.5800000000000001,2,9870
100,0.72,-0.5900000000000001,0,9940
100,0.72,-0.5900000000000001,1,9940
100,0.72,-0.5900000000000001,2,9940
100,0.72,-0.5,0,9910
100,0.72,-0.5,1,9860
100,0.72,-0.5,2,9950
100,0.72,-0.6000000000000001,0,9940
100,0.72,-0.6000000000000001,1,9860
100,0.72,-0.6000000000000001,2,9920
100,0.72,-0.6100000000000001,0,9770
100,0.72,-0.6100000000000001,1,7450
100,0.72,-0.6100000000000001,2,9940
100,0.72,-0.6200000000000001,0,9850
100,0.72,-0.6200000000000001,1,9560
100,0.72,-0.6200000000000001,2,9770
100,0.72,-0.63,0,9900
100,0.72,-0.63,1,9620
100,0.72,-0.63,2,9740
100,0.72,-0.64,0,9800
100,0.72,-0.64,1,9950
100,0.72,-0.64,2,9900
100,0.72,-0.65,0,9880
100,0.72,-0.65,1,9290
100,0.72,-0.65,2,9910
100,0.72,-0.66,0,9630
100,0.72,-0.66,1,9780
100,0.72,-0.66,2,9920
100,0.72,-0.67,0,9380
100,0.72,-0.67,1,9730
100,0.72,-0.67,2,9930
100,0.72,-0.68,0,9930
100,0.72,-0.68,1,9710
100,0.72,-0.68,2,9430
100,0.72,-0.6900000000000001,0,9580
100,0.72,-0.6900000000000001,1,7510
100,0.72,-0.6900000000000001,2,9940
100,0.72,-0.7000000000000001,0,9860
100,0.72,-0.7000000000000001,1,9840
100,0.72,-0.7000000000000001,2,9890
100,0.72,-0.7100000000000001,0,9890
100,0.72,-0.7100000000000001,1,9910
100,0.72,-0.7100000000000001,2,9720
100,0.72,-0.7200000000000001,0,9160
100,0.72,-0.7200000000000001,1,9840
100,0.72,-0.7200000000000001,2,9580
100,0.72,-0.73,0,9650
100,0.72,-0.73,1,9780
100,0.72,-0.73,2,9370
100,0.72,-0.74,0,9920
100,0.72,-0.74,1,9920
100,0.72,-0.74,2,9790
100,0.72,-0.75,0,9920
100,0.72,-0.75,1,9870
100,0.72,-0.75,2,9900
100,0.72,-0.76,0,9850
100,0.72,-0.76,1,9940
100,0.72,-0.76,2,9830
100,0.72,-0.77,0,9710
100,0.72,-0.77,1,9590
100,0.72,-0.77,2,9830
100,0.72,-0.78,0,9900
100,0.72,-0.78,1,9880
100,0.72,-0.78,2,9250
100,0.72,-0.79,0,9870
100,0.72,-0.79,1,9890
100,0.72,-0.79,2,8570
100,0.72,-0.8,0,9780
100,0.72,-0.8,1,9480
100,0.72,-0.8,2,9890
100,0.72,0.010000000000000009,0,6410
100,0.72,0.010000000000000009,1,9885
100,0.72,0.010000000000000009,2,2090
100,0.72,0.020000000000000018,0,3010
100,0.72,0.020000000000000018,1,2280
100,0.72,0.020000000000000018,2,600
100,0.72,0.030000000000000027,0,2010
100,0.72,0.030000000000000027,1,1280
100,0.72,0.030000000000000027,2,50
100,0.72,0.039999999999999925,0,1520
100,0.72,0.039999999999999925,1,830
100,0.72,0.039999999999999925,2,40
100,0.72,0.04999999999999993,0,1210
100,0.72,0.04999999999999993,1,500
100,0.72,0.04999999999999993,2,30
100,0.72,0.05999999999999994,0,1000
100,0.72,0.05999999999999994,1,140
100,0.72,0.05999999999999994,2,30
100,0.72,0.06999999999999995,0,840
100,0.72,0.06999999999999995,1,120
100,0.72,0.06999999999999995,2,20
100,0.72,0.07999999999999996,0,80
100,0.72,0.07999999999999996,1,110
100,0.72,0.07999999999999996,2,20
100,0.72,0.08999999999999997,0,80
100,0.72,0.08999999999999997,1,110
100,0.72,0.08999999999999997,2,20
100,0.72,0.09999999999999998,0,70
100,0.72,0.09999999999999998,1,110
100,0.72,0.09999999999999998,2,20
100,0.72,0.0,0,0
100,0.72,0.0,1,0
100,0.72,0.0,2,0
100,0.72,0.10999999999999999,0,70
100,0.72,0.10999999999999999,1,100
100,0.72,0.10999999999999999,2,20
100,0.72,0.12,0,70
100,0.72,0.12,1,100
100,0.72,0.12,2,10
100,0.72,0.13,0,60
100,0.72,0.13,1,100
100,0.72,0.13,2,10
100,0.72,0.14,0,60
100,0.72,0.14,1,100
100,0.72,0.14,2,10
100,0.72,0.15000000000000002,0,50
100,0.72,0.15000000000000002,1,90
100,0.72,0.15000000000000002,2,10
100,0.72,0.15999999999999992,0,50
100,0.72,0.15999999999999992,1,90
100,0.72,0.15999999999999992,2,10
100,0.72,0.16999999999999993,0,50
100,0.72,0.16999999999999993,1,90
100,0.72,0.16999999999999993,2,10
100,0.72,0.17999999999999994,0,50
100,0.72,0.17999999999999994,1,0
100,0.72,0.17999999999999994,2,10
100,0.72,0.18999999999999995,0,50
100,0.72,0.18999999999999995,1,0
100,0.72,0.18999999999999995,2,10
100,0.72,0.2,0,40
100,0.72,0.2,1,0
100,0.72,0.2,2,10
100,0.73,-0.010000000000000009,0,0
100,0.73,-0.010000000000000009,1,0
100,0.73,-0.010000000000000009,2,0
100,0.73,-0.020000000000000018,0,0
100,0.73,-0.020000000000000018,1,50
100,0.73,-0.020000000000000018,2,0
100,0.73,-0.030000000000000027,0,0
100,0.73,-0.030000000000000027,1,60
100,0.73,-0.030000000000000027,2,0
100,0.73,-0.040000000000000036,0,0
100,0.73,-0.040000000000000036,1,60
100,0.73,-0.040000000000000036,2,0
100,0.73,-0.050000000000000044,0,0
100,0.73,-0.050000000000000044,1,8350
100,0.73,-0.050000000000000044,2,4500
100,0.73,-0.06000000000000005,0,0
100,0.73,-0.06000000000000005,1,9260
100,0.73,-0.06000000000000005,2,5540
100,0.73,-0.07000000000000006,0,9600
100,0.73,-0.07000000000000006,1,9880
100,0.73,-0.07000000000000006,2,9830
100,0.73,-0.08000000000000007,0,9910
100,0.73,-0.08000000000000007,1,9910
100,0.73,-0.08000000000000007,2,9890
100,0.73,-0.09000000000000008,0,0
100,0.73,-0.09000000000000008,1,9490
100,0.73,-0.09000000000000008,2,9630
100,0.73,-0.09999999999999998,0,6360
100,0.73,-0.09999999999999998,1,9660
100,0.73,-0.09999999999999998,2,9940
100,0.73,-0.10999999999999999,0,3110
100,0.73,-0.10999999999999999,1,9890
100,0.73,-0.10999999999999999,2,9830
100,0.73,-0.12,0,9910
100,0.73,-0.12,1,9810
100,0.73,-0.12,2,9930
100,0.73,-0.13,0,9830
100,0.73,-0.13,1,9900
100,0.73,-0.13,2,0
100,0.73,-0.14,0,9740
100,0.73,-0.14,1,3560
100,0.73,-0.14,2,9760
100,0.73,-0.15000000000000002,0,9830
100,0.73,-0.15000000000000002,1,9900
100,0.73,-0.15000000000000002,2,2110
100,0.73,-0.16000000000000003,0,9700
100,0.73,-0.16000000000000003,1,9940
100,0.73,-0.16000000000000003,2,9910
100,0.73,-0.17000000000000004,0,9910
100,0.73,-0.17000000000000004,1,9860
100,0.73,-0.17000000000000004,2,9940
100,0.73,-0.18000000000000005,0,9930
100,0.73,-0.18000000000000005,1,4490
100,0.73,-0.18000000000000005,2,9550
100,0.73,-0.19000000000000006,0,9740
100,0.73,-0.19000000000000006,1,9900
100,0.73,-0.19000000000000006,2,9930
100,0.73,-0.20000000000000007,0,9890
100,0.73,-0.20000000000000007,1,8820
100,0.73,-0.20000000000000007,2,6420
100,0.73,-0.21000000000000008,0,8030
100,0.73,-0.21000000000000008,1,9910
100,0.73,-0.21000000000000008,2,9700
100,0.73,-0.22000000000000008,0,9790
100,0.73,-0.22000000000000008,1,9940
100,0.73,-0.22000000000000008,2,9860
100,0.73,-0.22999999999999998,0,9270
100,0.73,-0.22999999999999998,1,9930
100,0.73,-0.22999999999999998,2,8680
100,0.73,-0.24,0,9860
100,0.73,-0.24,1,9830
100,0.73,-0.24,2,9670
100,0.73,-0.25,0,9220
100,0.73,-0.25,1,9820
100,0.73,-0.25,2,9840
100,0.73,-0.26,0,9930
100,0.73,-0.26,1,9910
100,0.73,-0.26,2,4610
100,0.73,-0.27,0,9780
100,0.73,-0.27,1,9900
100,0.73,-0.27,2,9940
100,0.73,-0.28,0,9900
100,0.73,-0.28,1,9860
100,0.73,-0.28,2,9910
100,0.73,-0.29000000000000004,0,9950
100,0.73,-0.29000000000000004,1,9870
100,0.73,-0.29000000000000004,2,9850
100,0.73,-0.30000000000000004,0,9940
100,0.73,-0.30000000000000004,1,8010
100,0.73,-0.30000000000000004,2,9770
100,0.73,-0.31000000000000005,0,9730
100,0.73,-0.31000000000000005,1,6950
100,0.73,-0.31000000000000005,2,9880
100,0.73,-0.32000000000000006,0,8660
100,0.73,-0.32000000000000006,1,9930
100,0.73,-0.32000000000000006,2,9950
100,0.73,-0.33,0,9910
100,0.73,-0.33,1,9640
100,0.73,-0.33,2,9920
100,0.73,-0.34,0,9690
100,0.73,-0.34,1,6830
100,0.73,-0.34,2,9820
100,0.73,-0.35000000000000003,0,9270
100,0.73,-0.35000000000000003,1,9920
100,0.73,-0.35000000000000003,2,9930
100,0.73,-0.36000000000000004,0,9900
100,0.73,-0.36000000000000004,1,9580
100,0.73,-0.36000000000000004,2,9520
100,0.73,-0.37000000000000005,0,9910
100,0.73,-0.37000000000000005,1,9890
100,0.73,-0.37000000000000005,2,9910
100,0.73,-0.38000000000000006,0,9910
100,0.73,-0.38000000000000006,1,9910
100,0.73,-0.38000000000000006,2,7120
100,0.73,-0.39,0,9860
100,0.73,-0.39,1,9880
100,0.73,-0.39,2,9950
100,0.73,-0.41000000000000003,0,9840
100,0.73,-0.41000000000000003,1,7880
100,0.73,-0.41000000000000003,2,9760
100,0.73,-0.42000000000000004,0,9770
100,0.73,-0.42000000000000004,1,9780
100,0.73,-0.42000000000000004,2,9660
100,0.73,-0.43000000000000005,0,9860
100,0.73,-0.43000000000000005,1,9870
100,0.73,-0.43000000000000005,2,9950
100,0.73,-0.44000000000000006,0,6160
100,0.73,-0.44000000000000006,1,9950
100,0.73,-0.44000000000000006,2,9910
100,0.73,-0.45,0,9870
100,0.73,-0.45,1,9800
100,0.73,-0.45,2,9930
100,0.73,-0.46,0,9940
100,0.73,-0.46,1,9840
100,0.73,-0.46,2,9950
100,0.73,-0.47000000000000003,0,9760
100,0.73,-0.47000000000000003,1,8110
100,0.73,-0.47000000000000003,2,8200
100,0.73,-0.48000000000000004,0,9810
100,0.73,-0.48000000000000004,1,7550
100,0.73,-0.48000000000000004,2,9780
100,0.73,-0.49000000000000005,0,9940
100,0.73,-0.49000000000000005,1,9940
100,0.73,-0.49000000000000005,2,9890
100,0.73,-0.4,0,9690
100,0.73,-0.4,1,9930
100,0.73,-0.4,2,9760
100,0.73,-0.51,0,9860
100,0.73,-0.51,1,9950
100,0.73,-0.51,2,9910
100,0.73,-0.52,0,9910
100,0.73,-0.52,1,6760
100,0.73,-0.52,2,9940
100,0.73,-0.53,0,9810
100,0.73,-0.53,1,9940
100,0.73,-0.53,2,9930
100,0.73,-0.54,0,9920
100,0.73,-0.54,1,9550
100,0.73,-0.54,2,9940
100,0.73,-0.55,0,7730
100,0.73,-0.55,1,9900
100,0.73,-0.55,2,9920
100,0.73,-0.56,0,9940
100,0.73,-0.56,1,9940
100,0.73,-0.56,2,9820
100,0.73,-0.5700000000000001,0,9660
100,0.73,-0.5700000000000001,1,9910
100,0.73,-0.5700000000000001,2,9780
100,0.73,-0.5800000000000001,0,9170
100,0.73,-0.5800000000000001,1,8140
100,0.73,-0.5800000000000001,2,9920
100,0.73,-0.5900000000000001,0,9920
100,0.73,-0.5900000000000001,1,9940
100,0.73,-0.5900000000000001,2,9520
100,0.73,-0.5,0,9920
100,0.73,-0.5,1,9820
100,0.73,-0.5,2,9920
100,0.73,-0.6000000000000001,0,9840
100,0.73,-0.6000000000000001,1,9890
100,0.73,-0.6000000000000001,2,9930
100,0.73,-0.6100000000000001,0,9890
100,0.73,-0.6100000000000001,1,7670
100,0.73,-0.6100000000000001,2,9920
100,0.73,-0.6200000000000001,0,9660
100,0.73,-0.6200000000000001,1,9650
100,0.73,-0.6200000000000001,2,8420
100,0.73,-0.63,0,9900
100,0.73,-0.63,1,7340
100,0.73,-0.63,2,9860
100,0.73,-0.64,0,9880
100,0.73,-0.64,1,9820
100,0.73,-0.64,2,8560
100,0.73,-0.65,0,9370
100,0.73,-0.65,1,9920
100,0.73,-0.65,2,9660
100,0.73,-0.66,0,9930
100,0.73,-0.66,1,9900
100,0.73,-0.66,2,9940
100,0.73,-0.67,0,9310
100,0.73,-0.67,1,7010
100,0.73,-0.67,2,9920
100,0.73,-0.68,0,9310
100,0.73,-0.68,1,9930
100,0.73,-0.68,2,9890
100,0.73,-0.6900000000000001,0,9890
100,0.73,-0.6900000000000001,1,9850
100,0.73,-0.6900000000000001,2,9830
100,0.73,-0.7000000000000001,0,9780
100,0.73,-0.7000000000000001,1,9640
100,0.73,-0.7000000000000001,2,9150
100,0.73,-0.7100000000000001,0,9830
100,0.73,-0.7100000000000001,1,9870
100,0.73,-0.7100000000000001,2,9940
100,0.73,-0.7200000000000001,0,9810
100,0.73,-0.7200000000000001,1,9910
100,0.73,-0.7200000000000001,2,9890
100,0.73,-0.73,0,9840
100,0.73,-0.73,1,9830
100,0.73,-0.73,2,9920
100,0.73,-0.74,0,9920
100,0.73,-0.74,1,9870
100,0.73,-0.74,2,9730
100,0.73,-0.75,0,9510
100,0.73,-0.75,1,7980
100,0.73,-0.75,2,9850
100,0.73,-0.76,0,9890
100,0.73,-0.76,1,9770
100,0.73,-0.76,2,9760
100,0.73,-0.77,0,9770
100,0.73,-0.77,1,9880
100,0.73,-0.77,2,9900
100,0.73,-0.78,0,9800
100,0.73,-0.78,1,9900
100,0.73,-0.78,2,7970
100,0.73,-0.79,0,9880
100,0.73,-0.79,1,9370
100,0.73,-0.79,2,9630
100,0.73,-0.8,0,9910
100,0.73,-0.8,1,9840
100,0.73,-0.8,2,9920
100,0.73,0.010000000000000009,0,6500
100,0.73,0.010000000000000009,1,9869
100,0.73,0.010000000000000009,2,2100
100,0.73,0.020000000000000018,0,3080
100,0.73,0.020000000000000018,1,2310
100,0.73,0.020000000000000018,2,600
100,0.73,0.030000000000000027,0,2060
100,0.73,0.030000000000000027,1,1290
100,0.73,0.030000000000000027,2,50
100,0.73,0.039999999999999925,0,1570
100,0.73,0.039999999999999925,1,860
100,0.73,0.039999999999999925,2,40
100,0.73,0.04999999999999993,0,1260
100,0.73,0.04999999999999993,1,510
100,0.73,0.04999999999999993,2,30
100,0.73,0.05999999999999994,0,1030
100,0.73,0.05999999999999994,1,130
100,0.73,0.05999999999999994,2,30
100,0.73,0.06999999999999995,0,870
100,0.73,0.06999999999999995,1,120
100,0.73,0.06999999999999995,2,30
100,0.73,0.07999999999999996,0,80
100,0.73,0.07999999999999996,1,110
100,0.73,0.07999999999999996,2,20
100,0.73,0.08999999999999997,0,80
100,0.73,0.08999999999999997,1,110
100,0.73,0.08999999999999997,2,20
100,0.73,0.09999999999999998,0,70
100,0.73,0.09999999999999998,1,110
100,0.73,0.09999999999999998,2,20
100,0.73,0.0,0,0
100,0.73,0.0,1,0
100,0.73,0.0,2,0
100,0.73,0.10999999999999999,0,70
100,0.73,0.10999999999999999,1,100
100,0.73,0.10999999999999999,2,20
100,0.73,0.12,0,70
100,0.73,0.12,1,100
100,0.73,0.12,2,10
100,0.73,0.13,0,60
100,0.73,0.13,1,100
100,0.73,0.13,2,10
100,0.73,0.14,0,60
100,0.73,0.14,1,90
100,0.73,0.14,2,10
100,0.73,0.15000000000000002,0,60
100,0.73,0.15000000000000002,1,90
100,0.73,0.15000000000000002,2,10
100,0.73,0.15999999999999992,0,50
100,0.73,0.15999999999999992,1,90
100,0.73,0.15999999999999992,2,10
100,0.73,0.16999999999999993,0,50
100,0.73,0.16999999999999993,1,0
100,0.73,0.16999999999999993,2,10
100,0.73,0.17999999999999994,0,50
100,0.73,0.17999999999999994,1,0
100,0.73,0.17999999999999994,2,10
100,0.73,0.18999999999999995,0,50
100,0.73,0.18999999999999995,1,0
100,0.73,0.18999999999999995,2,10
100,0.73,0.2,0,40
100,0.73,0.2,1,0
100,0.73,0.2,2,10
100,0.74,-0.010000000000000009,0,0
100,0.74,-0.010000000000000009,1,0
100,0.74,-0.010000000000000009,2,0
100,0.74,-0.020000000000000018,0,0
100,0.74,-0.020000000000000018,1,50
100,0.74,-0.020000000000000018,2,0
100,0.74,-0.030000000000000027,0,5950
100,0.74,-0.030000000000000027,1,60
100,0.74,-0.030000000000000027,2,0
100,0.74,-0.040000000000000036,0,0
100,0.74,-0.040000000000000036,1,5760
100,0.74,-0.040000000000000036,2,4080
100,0.74,-0.050000000000000044,0,0
100,0.74,-0.050000000000000044,1,9770
100,0.74,-0.050000000000000044,2,0
100,0.74,-0.06000000000000005,0,9890
100,0.74,-0.06000000000000005,1,9750
100,0.74,-0.06000000000000005,2,4840
100,0.74,-0.07000000000000006,0,9740
100,0.74,-0.07000000000000006,1,9880
100,0.74,-0.07000000000000006,2,9790
100,0.74,-0.08000000000000007,0,9570
100,0.74,-0.08000000000000007,1,9730
100,0.74,-0.08000000000000007,2,9570
100,0.74,-0.09000000000000008,0,0
100,0.74,-0.09000000000000008,1,9820
100,0.74,-0.09000000000000008,2,0
100,0.74,-0.09999999999999998,0,9710
100,0.74,-0.09999999999999998,1,9850
100,0.74,-0.09999999999999998,2,9880
100,0.74,-0.10999999999999999,0,9670
100,0.74,-0.10999999999999999,1,9900
100,0.74,-0.10999999999999999,2,7710
100,0.74,-0.12,0,9890
100,0.74,-0.12,1,9370
100,0.74,-0.12,2,9190
100,0.74,-0.13,0,9730
100,0.74,-0.13,1,9830
100,0.74,-0.13,2,7460
100,0.74,-0.14,0,2360
100,0.74,-0.14,1,9870
100,0.74,-0.14,2,9900
100,0.74,-0.15000000000000002,0,9290
100,0.74,-0.15000000000000002,1,9830
100,0.74,-0.15000000000000002,2,9720
100,0.74,-0.16000000000000003,0,9710
100,0.74,-0.16000000000000003,1,9890
100,0.74,-0.16000000000000003,2,9450
100,0.74,-0.17000000000000004,0,9850
100,0.74,-0.17000000000000004,1,9840
100,0.74,-0.17000000000000004,2,9810
100,0.74,-0.18000000000000005,0,9640
100,0.74,-0.18000000000000005,1,9660
100,0.74,-0.18000000000000005,2,9450
100,0.74,-0.19000000000000006,0,6300
100,0.74,-0.19000000000000006,1,9880
100,0.74,-0.19000000000000006,2,9940
100,0.74,-0.20000000000000007,0,9910
100,0.74,-0.20000000000000007,1,9940
100,0.74,-0.20000000000000007,2,9760
100,0.74,-0.21000000000000008,0,9880
100,0.74,-0.21000000000000008,1,9860
100,0.74,-0.21000000000000008,2,9830
100,0.74,-0.22000000000000008,0,9680
100,0.74,-0.22000000000000008,1,9600
100,0.74,-0.22000000000000008,2,9880
100,0.74,-0.22999999999999998,0,8220
100,0.74,-0.22999999999999998,1,9730
100,0.74,-0.22999999999999998,2,9840
100,0.74,-0.24,0,3460
100,0.74,-0.24,1,9920
100,0.74,-0.24,2,9880
100,0.74,-0.25,0,9840
100,0.74,-0.25,1,7440
100,0.74,-0.25,2,9880
100,0.74,-0.26,0,9920
100,0.74,-0.26,1,9800
100,0.74,-0.26,2,9900
100,0.74,-0.27,0,7540
100,0.74,-0.27,1,9840
100,0.74,-0.27,2,9930
100,0.74,-0.28,0,9880
100,0.74,-0.28,1,7500
100,0.74,-0.28,2,9780
100,0.74,-0.29000000000000004,0,9910
100,0.74,-0.29000000000000004,1,9720
100,0.74,-0.29000000000000004,2,4900
100,0.74,-0.30000000000000004,0,9920
100,0.74,-0.30000000000000004,1,9600
100,0.74,-0.30000000000000004,2,6330
100,0.74,-0.31000000000000005,0,9770
100,0.74,-0.31000000000000005,1,3230
100,0.74,-0.31000000000000005,2,9940
100,0.74,-0.32000000000000006,0,8800
100,0.74,-0.32000000000000006,1,9800
100,0.74,-0.32000000000000006,2,9720
100,0.74,-0.33,0,9630
100,0.74,-0.33,1,9850
100,0.74,-0.33,2,9870
100,0.74,-0.34,0,9910
100,0.74,-0.34,1,9930
100,0.74,-0.34,2,9820
100,0.74,-0.35000000000000003,0,9910
100,0.74,-0.35000000000000003,1,9940
100,0.74,-0.35000000000000003,2,9950
100,0.74,-0.36000000000000004,0,9910
100,0.74,-0.36000000000000004,1,9940
100,0.74,-0.36000000000000004,2,9920
100,0.74,-0.37000000000000005,0,9950
100,0.74,-0.37000000000000005,1,9890
100,0.74,-0.37000000000000005,2,9890
100,0.74,-0.38000000000000006,0,9480
100,0.74,-0.38000000000000006,1,9790
100,0.74,-0.38000000000000006,2,8260
100,0.74,-0.39,0,9810
100,0.74,-0.39,1,9950
100,0.74,-0.39,2,7670
100,0.74,-0.41000000000000003,0,9830
100,0.74,-0.41000000000000003,1,9880
100,0.74,-0.41000000000000003,2,9860
100,0.74,-0.42000000000000004,0,9900
100,0.74,-0.42000000000000004,1,9830
100,0.74,-0.42000000000000004,2,4740
100,0.74,-0.43000000000000005,0,9930
100,0.74,-0.43000000000000005,1,9810
100,0.74,-0.43000000000000005,2,9860
100,0.74,-0.44000000000000006,0,7320
100,0.74,-0.44000000000000006,1,9950
100,0.74,-0.44000000000000006,2,9900
100,0.74,-0.45,0,9730
100,0.74,-0.45,1,9900
100,0.74,-0.45,2,9790
100,0.74,-0.46,0,8290
100,0.74,-0.46,1,7640
100,0.74,-0.46,2,9950
100,0.74,-0.47000000000000003,0,9930
100,0.74,-0.47000000000000003,1,9930
100,0.74,-0.47000000000000003,2,9780
100,0.74,-0.48000000000000004,0,8390
100,0.74,-0.48000000000000004,1,7700
100,0.74,-0.48000000000000004,2,9940
100,0.74,-0.49000000000000005,0,9870
100,0.74,-0.49000000000000005,1,9920
100,0.74,-0.49000000000000005,2,9910
100,0.74,-0.4,0,9790
100,0.74,-0.4,1,9930
100,0.74,-0.4,2,9940
100,0.74,-0.51,0,9890
100,0.74,-0.51,1,9940
100,0.74,-0.51,2,9910
100,0.74,-0.52,0,7300
100,0.74,-0.52,1,9870
100,0.74,-0.52,2,9840
100,0.74,-0.53,0,9930
100,0.74,-0.53,1,9860
100,0.74,-0.53,2,9950
100,0.74,-0.54,0,7380
100,0.74,-0.54,1,8390
100,0.74,-0.54,2,9880
100,0.74,-0.55,0,9920
100,0.74,-0.55,1,9910
100,0.74,-0.55,2,9950
100,0.74,-0.56,0,9920
100,0.74,-0.56,1,9920
100,0.74,-0.56,2,9820
100,0.74,-0.5700000000000001,0,7140
100,0.74,-0.5700000000000001,1,9920
100,0.74,-0.5700000000000001,2,9950
100,0.74,-0.5800000000000001,0,9900
100,0.74,-0.5800000000000001,1,9910
100,0.74,-0.5800000000000001,2,7770
100,0.74,-0.5900000000000001,0,9930
100,0.74,-0.5900000000000001,1,9920
100,0.74,-0.5900000000000001,2,9810
100,0.74,-0.5,0,9920
100,0.74,-0.5,1,7770
100,0.74,-0.5,2,9800
100,0.74,-0.6000000000000001,0,9940
100,0.74,-0.6000000000000001,1,9920
100,0.74,-0.6000000000000001,2,9940
100,0.74,-0.6100000000000001,0,9910
100,0.74,-0.6100000000000001,1,9890
100,0.74,-0.6100000000000001,2,9910
100,0.74,-0.6200000000000001,0,9890
100,0.74,-0.6200000000000001,1,9900
100,0.74,-0.6200000000000001,2,9930
100,0.74,-0.63,0,9800
100,0.74,-0.63,1,9890
100,0.74,-0.63,2,9380
100,0.74,-0.64,0,9900
100,0.74,-0.64,1,9890
100,0.74,-0.64,2,9930
100,0.74,-0.65,0,9930
100,0.74,-0.65,1,9900
100,0.74,-0.65,2,9740
100,0.74,-0.66,0,9790
100,0.74,-0.66,1,9860
100,0.74,-0.66,2,9630
100,0.74,-0.67,0,9930
100,0.74,-0.67,1,9900
100,0.74,-0.67,2,9880
100,0.74,-0.68,0,9900
100,0.74,-0.68,1,9770
100,0.74,-0.68,2,9770
100,0.74,-0.6900000000000001,0,9860
100,0.74,-0.6900000000000001,1,9670
100,0.74,-0.6900000000000001,2,9950
100,0.74,-0.7000000000000001,0,9890
100,0.74,-0.7000000000000001,1,9880
100,0.74,-0.7000000000000001,2,9880
100,0.74,-0.7100000000000001,0,9620
100,0.74,-0.7100000000000001,1,9860
100,0.74,-0.7100000000000001,2,9810
100,0.74,-0.7200000000000001,0,9985
100,0.74,-0.7200000000000001,1,9940
100,0.74,-0.7200000000000001,2,9910
100,0.74,-0.73,0,9900
100,0.74,-0.73,1,9860
100,0.74,-0.73,2,9930
100,0.74,-0.74,0,9900
100,0.74,-0.74,1,9720
100,0.74,-0.74,2,9890
100,0.74,-0.75,0,9640
100,0.74,-0.75,1,9640
100,0.74,-0.75,2,9940
100,0.74,-0.76,0,9640
100,0.74,-0.76,1,9800
100,0.74,-0.76,2,9860
100,0.74,-0.77,0,9860
100,0.74,-0.77,1,9930
100,0.74,-0.77,2,9710
100,0.74,-0.78,0,9890
100,0.74,-0.78,1,9800
100,0.74,-0.78,2,9880
100,0.74,-0.79,0,9500
100,0.74,-0.79,1,9899
100,0.74,-0.79,2,9840
100,0.74,-0.8,0,9840
100,0.74,-0.8,1,9920
100,0.74,-0.8,2,9900
100,0.74,0.010000000000000009,0,6620
100,0.74,0.010000000000000009,1,9878
100,0.74,0.010000000000000009,2,2100
100,0.74,0.020000000000000018,0,3150
100,0.74,0.020000000000000018,1,2340
100,0.74,0.020000000000000018,2,600
100,0.74,0.030000000000000027,0,2120
100,0.74,0.030000000000000027,1,1310
100,0.74,0.030000000000000027,2,50
100,0.74,0.039999999999999925,0,1610
100,0.74,0.039999999999999925,1,880
100,0.74,0.039999999999999925,2,40
100,0.74,0.04999999999999993,0,1290
100,0.74,0.04999999999999993,1,530
100,0.74,0.04999999999999993,2,30
100,0.74,0.05999999999999994,0,1070
100,0.74,0.05999999999999994,1,130
100,0.74,0.05999999999999994,2,30
100,0.74,0.06999999999999995,0,900
100,0.74,0.06999999999999995,1,120
100,0.74,0.06999999999999995,2,30
100,0.74,0.07999999999999996,0,80
100,0.74,0.07999999999999996,1,110
100,0.74,0.07999999999999996,2,20
100,0.74,0.08999999999999997,0,80
100,0.74,0.08999999999999997,1,110
100,0.74,0.08999999999999997,2,20
100,0.74,0.09999999999999998,0,70
100,0.74,0.09999999999999998,1,110
100,0.74,0.09999999999999998,2,20
100,0.74,0.0,0,0
100,0.74,0.0,1,0
100,0.74,0.0,2,0
100,0.74,0.10999999999999999,0,70
100,0.74,0.10999999999999999,1,100
100,0.74,0.10999999999999999,2,20
100,0.74,0.12,0,60
100,0.74,0.12,1,100
100,0.74,0.12,2,10
100,0.74,0.13,0,60
100,0.74,0.13,1,100
100,0.74,0.13,2,10
100,0.74,0.14,0,60
100,0.74,0.14,1,90
100,0.74,0.14,2,10
100,0.74,0.15000000000000002,0,60
100,0.74,0.15000000000000002,1,90
100,0.74,0.15000000000000002,2,10
100,0.74,0.15999999999999992,0,50
100,0.74,0.15999999999999992,1,90
100,0.74,0.15999999999999992,2,10
100,0.74,0.16999999999999993,0,50
100,0.74,0.16999999999999993,1,0
100,0.74,0.16999999999999993,2,10
100,0.74,0.17999999999999994,0,50
100,0.74,0.17999999999999994,1,0
100,0.74,0.17999999999999994,2,10
100,0.74,0.18999999999999995,0,50
100,0.74,0.18999999999999995,1,0
100,0.74,0.18999999999999995,2,10
100,0.74,0.2,0,40
100,0.74,0.2,1,0
100,0.74,0.2,2,10
100,0.75,-0.010000000000000009,0,0
100,0.75,-0.010000000000000009,1,0
100,0.75,-0.010000000000000009,2,0
100,0.75,-0.020000000000000018,0,9910
100,0.75,-0.020000000000000018,1,50
100,0.75,-0.020000000000000018,2,0
100,0.75,-0.030000000000000027,0,0
100,0.75,-0.030000000000000027,1,5440
100,0.75,-0.030000000000000027,2,0
100,0.75,-0.040000000000000036,0,0
100,0.75,-0.040000000000000036,1,9890
100,0.75,-0.040000000000000036,2,0
100,0.75,-0.050000000000000044,0,6730
100,0.75,-0.050000000000000044,1,9930
100,0.75,-0.050000000000000044,2,0
100,0.75,-0.06000000000000005,0,4950
100,0.75,-0.06000000000000005,1,9270
100,0.75,-0.06000000000000005,2,0
100,0.75,-0.07000000000000006,0,9950
100,0.75,-0.07000000000000006,1,9500
100,0.75,-0.07000000000000006,2,9920
100,0.75,-0.08000000000000007,0,4180
100,0.75,-0.08000000000000007,1,9220
100,0.75,-0.08000000000000007,2,9730
100,0.75,-0.09000000000000008,0,0
100,0.75,-0.09000000000000008,1,5100
100,0.75,-0.09000000000000008,2,9910
100,0.75,-0.09999999999999998,0,9810
100,0.75,-0.09999999999999998,1,60
100,0.75,-0.09999999999999998,2,9650
100,0.75,-0.10999999999999999,0,8070
100,0.75,-0.10999999999999999,1,9910
100,0.75,-0.10999999999999999,2,4950
100,0.75,-0.12,0,9710
100,0.75,-0.12,1,9750
100,0.75,-0.12,2,9870
100,0.75,-0.13,0,9890
100,0.75,-0.13,1,9670
100,0.75,-0.13,2,4130
100,0.75,-0.14,0,9600
100,0.75,-0.14,1,9850
100,0.75,-0.14,2,9430
100,0.75,-0.15000000000000002,0,9790
100,0.75,-0.15000000000000002,1,9900
100,0.75,-0.15000000000000002,2,9840
100,0.75,-0.16000000000000003,0,9670
100,0.75,-0.16000000000000003,1,9830
100,0.75,-0.16000000000000003,2,9920
100,0.75,-0.17000000000000004,0,9850
100,0.75,-0.17000000000000004,1,9740
100,0.75,-0.17000000000000004,2,6670
100,0.75,-0.18000000000000005,0,9820
100,0.75,-0.18000000000000005,1,9890
100,0.75,-0.18000000000000005,2,5240
100,0.75,-0.19000000000000006,0,9650
100,0.75,-0.19000000000000006,1,9920
100,0.75,-0.19000000000000006,2,9920
100,0.75,-0.20000000000000007,0,9750
100,0.75,-0.20000000000000007,1,9770
100,0.75,-0.20000000000000007,2,7230
100,0.75,-0.21000000000000008,0,9870
100,0.75,-0.21000000000000008,1,9890
100,0.75,-0.21000000000000008,2,9910
100,0.75,-0.22000000000000008,0,8010
100,0.75,-0.22000000000000008,1,9890
100,0.75,-0.22000000000000008,2,9810
100,0.75,-0.22999999999999998,0,9710
100,0.75,-0.22999999999999998,1,9800
100,0.75,-0.22999999999999998,2,9820
100,0.75,-0.24,0,9860
100,0.75,-0.24,1,9920
100,0.75,-0.24,2,9830
100,0.75,-0.25,0,9840
100,0.75,-0.25,1,9930
100,0.75,-0.25,2,7850
100,0.75,-0.26,0,9920
100,0.75,-0.26,1,9830
100,0.75,-0.26,2,9820
100,0.75,-0.27,0,9920
100,0.75,-0.27,1,9900
100,0.75,-0.27,2,9850
100,0.75,-0.28,0,9910
100,0.75,-0.28,1,6830
100,0.75,-0.28,2,9730
100,0.75,-0.29000000000000004,0,9920
100,0.75,-0.29000000000000004,1,9850
100,0.75,-0.29000000000000004,2,9910
100,0.75,-0.30000000000000004,0,9920
100,0.75,-0.30000000000000004,1,9860
100,0.75,-0.30000000000000004,2,9700
100,0.75,-0.31000000000000005,0,9850
100,0.75,-0.31000000000000005,1,9800
100,0.75,-0.31000000000000005,2,9920
100,0.75,-0.32000000000000006,0,9620
100,0.75,-0.32000000000000006,1,9870
100,0.75,-0.32000000000000006,2,5420
100,0.75,-0.33,0,9840
100,0.75,-0.33,1,9920
100,0.75,-0.33,2,9940
100,0.75,-0.34,0,9790
100,0.75,-0.34,1,9840
100,0.75,-0.34,2,9690
100,0.75,-0.35000000000000003,0,9940
100,0.75,-0.35000000000000003,1,9870
100,0.75,-0.35000000000000003,2,9830
100,0.75,-0.36000000000000004,0,9910
100,0.75,-0.36000000000000004,1,9920
100,0.75,-0.36000000000000004,2,9950
100,0.75,-0.37000000000000005,0,9890
100,0.75,-0.37000000000000005,1,9920
100,0.75,-0.37000000000000005,2,9870
100,0.75,-0.38000000000000006,0,9860
100,0.75,-0.38000000000000006,1,9770
100,0.75,-0.38000000000000006,2,9910
100,0.75,-0.39,0,9630
100,0.75,-0.39,1,7530
100,0.75,-0.39,2,6770
100,0.75,-0.41000000000000003,0,9920
100,0.75,-0.41000000000000003,1,9560
100,0.75,-0.41000000000000003,2,9850
100,0.75,-0.42000000000000004,0,9680
100,0.75,-0.42000000000000004,1,7260
100,0.75,-0.42000000000000004,2,4310
100,0.75,-0.43000000000000005,0,9910
100,0.75,-0.43000000000000005,1,6630
100,0.75,-0.43000000000000005,2,9940
100,0.75,-0.44000000000000006,0,9940
100,0.75,-0.44000000000000006,1,7400
100,0.75,-0.44000000000000006,2,8100
100,0.75,-0.45,0,9330
100,0.75,-0.45,1,7840
100,0.75,-0.45,2,9930
100,0.75,-0.46,0,9740
100,0.75,-0.46,1,9820
100,0.75,-0.46,2,9940
100,0.75,-0.47000000000000003,0,9840
100,0.75,-0.47000000000000003,1,9930
100,0.75,-0.47000000000000003,2,9920
100,0.75,-0.48000000000000004,0,9930
100,0.75,-0.48000000000000004,1,6780
100,0.75,-0.48000000000000004,2,9920
100,0.75,-0.49000000000000005,0,9930
100,0.75,-0.49000000000000005,1,9910
100,0.75,-0.49000000000000005,2,9880
100,0.75,-0.4,0,9720
100,0.75,-0.4,1,9930
100,0.75,-0.4,2,9670
100,0.75,-0.51,0,7860
100,0.75,-0.51,1,9860
100,0.75,-0.51,2,8410
100,0.75,-0.52,0,6450
100,0.75,-0.52,1,9880
100,0.75,-0.52,2,9610
100,0.75,-0.53,0,9930
100,0.75,-0.53,1,9920
100,0.75,-0.53,2,9840
100,0.75,-0.54,0,9950
100,0.75,-0.54,1,9730
100,0.75,-0.54,2,9950
100,0.75,-0.55,0,9950
100,0.75,-0.55,1,6100
100,0.75,-0.55,2,9800
100,0.75,-0.56,0,9930
100,0.75,-0.56,1,9890
100,0.75,-0.56,2,9950
100,0.75,-0.5700000000000001,0,9950
100,0.75,-0.5700000000000001,1,9940
100,0.75,-0.5700000000000001,2,9870
100,0.75,-0.5800000000000001,0,9910
100,0.75,-0.5800000000000001,1,7960
100,0.75,-0.5800000000000001,2,9890
100,0.75,-0.5900000000000001,0,9951
100,0.75,-0.5900000000000001,1,9680
100,0.75,-0.5900000000000001,2,7840
100,0.75,-0.5,0,9700
100,0.75,-0.5,1,9940
100,0.75,-0.5,2,9910
100,0.75,-0.6000000000000001,0,9870
100,0.75,-0.6000000000000001,1,7100
100,0.75,-0.6000000000000001,2,9940
100,0.75,-0.6100000000000001,0,9860
100,0.75,-0.6100000000000001,1,5810
100,0.75,-0.6100000000000001,2,9920
100,0.75,-0.6200000000000001,0,9920
100,0.75,-0.6200000000000001,1,9840
100,0.75,-0.6200000000000001,2,9900
100,0.75,-0.63,0,9930
100,0.75,-0.63,1,9900
100,0.75,-0.63,2,9950
100,0.75,-0.64,0,9790
100,0.75,-0.64,1,8840
100,0.75,-0.64,2,9850
100,0.75,-0.65,0,9450
100,0.75,-0.65,1,9790
100,0.75,-0.65,2,9510
100,0.75,-0.66,0,9940
100,0.75,-0.66,1,9840
100,0.75,-0.66,2,9880
100,0.75,-0.67,0,9910
100,0.75,-0.67,1,9940
100,0.75,-0.67,2,9880
100,0.75,-0.68,0,9850
100,0.75,-0.68,1,9950
100,0.75,-0.68,2,9920
100,0.75,-0.6900000000000001,0,9930
100,0.75,-0.6900000000000001,1,9820
100,0.75,-0.6900000000000001,2,9840
100,0.75,-0.7000000000000001,0,9840
100,0.75,-0.7000000000000001,1,9740
100,0.75,-0.7000000000000001,2,9880
100,0.75,-0.7100000000000001,0,9870
100,0.75,-0.7100000000000001,1,9730
100,0.75,-0.7100000000000001,2,6100
100,0.75,-0.7200000000000001,0,9940
100,0.75,-0.7200000000000001,1,9800
100,0.75,-0.7200000000000001,2,9920
100,0.75,-0.73,0,9950
100,0.75,-0.73,1,9930
100,0.75,-0.73,2,9850
100,0.75,-0.74,0,9850
100,0.75,-0.74,1,9840
100,0.75,-0.74,2,9410
100,0.75,-0.75,0,9920
100,0.75,-0.75,1,9840
100,0.75,-0.75,2,9920
100,0.75,-0.76,0,9800
100,0.75,-0.76,1,9860
100,0.75,-0.76,2,9920
100,0.75,-0.77,0,9880
100,0.75,-0.77,1,9930
100,0.75,-0.77,2,9910
100,0.75,-0.78,0,9810
100,0.75,-0.78,1,9890
100,0.75,-0.78,2,9940
100,0.75,-0.79,0,9810
100,0.75,-0.79,1,9920
100,0.75,-0.79,2,9800
100,0.75,-0.8,0,9550
100,0.75,-0.8,1,9810
100,0.75,-0.8,2,9930
100,0.75,0.010000000000000009,0,6730
100,0.75,0.010000000000000009,1,9890
100,0.75,0.010000000000000009,2,2100
100,0.75,0.020000000000000018,0,3230
100,0.75,0.020000000000000018,1,2410
100,0.75,0.020000000000000018,2,610
100,0.75,0.030000000000000027,0,2190
100,0.75,0.030000000000000027,1,1310
100,0.75,0.030000000000000027,2,50
100,0.75,0.039999999999999925,0,1660
100,0.75,0.039999999999999925,1,880
100,0.75,0.039999999999999925,2,40
100,0.75,0.04999999999999993,0,1330
100,0.75,0.04999999999999993,1,530
100,0.75,0.04999999999999993,2,30
100,0.75,0.05999999999999994,0,1110
100,0.75,0.05999999999999994,1,130
100,0.75,0.05999999999999994,2,30
100,0.75,0.06999999999999995,0,930
100,0.75,0.06999999999999995,1,120
100,0.75,0.06999999999999995,2,30
100,0.75,0.07999999999999996,0,810
100,0.75,0.07999999999999996,1,110
100,0.75,0.07999999999999996,2,20
100,0.75,0.08999999999999997,0,80
100,0.75,0.08999999999999997,1,110
100,0.75,0.08999999999999997,2,20
100,0.75,0.09999999999999998,0,70
100,0.75,0.09999999999999998,1,110
100,0.75,0.09999999999999998,2,20
100,0.75,0.0,0,0
100,0.75,0.0,1,0
100,0.75,0.0,2,0
100,0.75,0.10999999999999999,0,70
100,0.75,0.10999999999999999,1,100
100,0.75,0.10999999999999999,2,20
100,0.75,0.12,0,70
100,0.75,0.12,1,100
100,0.75,0.12,2,10
100,0.75,0.13,0,60
100,0.75,0.13,1,90
100,0.75,0.13,2,10
100,0.75,0.14,0,60
100,0.75,0.14,1,90
100,0.75,0.14,2,10
100,0.75,0.15000000000000002,0,50
100,0.75,0.15000000000000002,1,90
100,0.75,0.15000000000000002,2,10
100,0.75,0.15999999999999992,0,50
100,0.75,0.15999999999999992,1,90
100,0.75,0.15999999999999992,2,10
100,0.75,0.16999999999999993,0,50
100,0.75,0.16999999999999993,1,0
100,0.75,0.16999999999999993,2,10
100,0.75,0.17999999999999994,0,50
100,0.75,0.17999999999999994,1,0
100,0.75,0.17999999999999994,2,10
100,0.75,0.18999999999999995,0,50
100,0.75,0.18999999999999995,1,0
100,0.75,0.18999999999999995,2,10
100,0.75,0.2,0,40
100,0.75,0.2,1,0
100,0.75,0.2,2,10
100,0.76,-0.010000000000000009,0,0
100,0.76,-0.010000000000000009,1,0
100,0.76,-0.010000000000000009,2,0
100,0.76,-0.020000000000000018,0,0
100,0.76,-0.020000000000000018,1,0
100,0.76,-0.020000000000000018,2,0
100,0.76,-0.030000000000000027,0,0
100,0.76,-0.030000000000000027,1,9910
100,0.76,-0.030000000000000027,2,0
100,0.76,-0.040000000000000036,0,0
100,0.76,-0.040000000000000036,1,50
100,0.76,-0.040000000000000036,2,0
100,0.76,-0.050000000000000044,0,0
100,0.76,-0.050000000000000044,1,60
100,0.76,-0.050000000000000044,2,0
100,0.76,-0.06000000000000005,0,9800
100,0.76,-0.06000000000000005,1,9520
100,0.76,-0.06000000000000005,2,9910
100,0.76,-0.07000000000000006,0,0
100,0.76,-0.07000000000000006,1,6460
100,0.76,-0.07000000000000006,2,0
100,0.76,-0.08000000000000007,0,9880
100,0.76,-0.08000000000000007,1,9700
100,0.76,-0.08000000000000007,2,4680
100,0.76,-0.09000000000000008,0,9410
100,0.76,-0.09000000000000008,1,9880
100,0.76,-0.09000000000000008,2,5580
100,0.76,-0.09999999999999998,0,9910
100,0.76,-0.09999999999999998,1,9440
100,0.76,-0.09999999999999998,2,0
100,0.76,-0.10999999999999999,0,9950
100,0.76,-0.10999999999999999,1,9790
100,0.76,-0.10999999999999999,2,2430
100,0.76,-0.12,0,9820
100,0.76,-0.12,1,9890
100,0.76,-0.12,2,9930
100,0.76,-0.13,0,9740
100,0.76,-0.13,1,9870
100,0.76,-0.13,2,9790
100,0.76,-0.14,0,0
100,0.76,-0.14,1,9560
100,0.76,-0.14,2,7730
100,0.76,-0.15000000000000002,0,9890
100,0.76,-0.15000000000000002,1,9840
100,0.76,-0.15000000000000002,2,9640
100,0.76,-0.16000000000000003,0,9340
100,0.76,-0.16000000000000003,1,9670
100,0.76,-0.16000000000000003,2,9940
100,0.76,-0.17000000000000004,0,9850
100,0.76,-0.17000000000000004,1,9900
100,0.76,-0.17000000000000004,2,0
100,0.76,-0.18000000000000005,0,9940
100,0.76,-0.18000000000000005,1,9930
100,0.76,-0.18000000000000005,2,9710
100,0.76,-0.19000000000000006,0,7570
100,0.76,-0.19000000000000006,1,9930
100,0.76,-0.19000000000000006,2,9890
100,0.76,-0.20000000000000007,0,9860
100,0.76,-0.20000000000000007,1,9860
100,0.76,-0.20000000000000007,2,7580
100,0.76,-0.21000000000000008,0,9670
100,0.76,-0.21000000000000008,1,9900
100,0.76,-0.21000000000000008,2,9930
100,0.76,-0.22000000000000008,0,4060
100,0.76,-0.22000000000000008,1,9690
100,0.76,-0.22000000000000008,2,9860
100,0.76,-0.22999999999999998,0,9910
100,0.76,-0.22999999999999998,1,9900
100,0.76,-0.22999999999999998,2,9870
100,0.76,-0.24,0,9930
100,0.76,-0.24,1,9380
100,0.76,-0.24,2,9790
100,0.76,-0.25,0,4440
100,0.76,-0.25,1,9920
100,0.76,-0.25,2,9880
100,0.76,-0.26,0,9780
100,0.76,-0.26,1,9870
100,0.76,-0.26,2,8610
100,0.76,-0.27,0,9880
100,0.76,-0.27,1,9930
100,0.76,-0.27,2,9910
100,0.76,-0.28,0,9760
100,0.76,-0.28,1,9780
100,0.76,-0.28,2,6720
100,0.76,-0.29000000000000004,0,8880
100,0.76,-0.29000000000000004,1,9750
100,0.76,-0.29000000000000004,2,9860
100,0.76,-0.30000000000000004,0,7920
100,0.76,-0.30000000000000004,1,9070
100,0.76,-0.30000000000000004,2,9900
100,0.76,-0.31000000000000005,0,9790
100,0.76,-0.31000000000000005,1,9330
100,0.76,-0.31000000000000005,2,9640
100,0.76,-0.32000000000000006,0,9920
100,0.76,-0.32000000000000006,1,9920
100,0.76,-0.32000000000000006,2,4770
100,0.76,-0.33,0,9750
100,0.76,-0.33,1,9890
100,0.76,-0.33,2,9850
100,0.76,-0.34,0,9910
100,0.76,-0.34,1,9450
100,0.76,-0.34,2,7050
100,0.76,-0.35000000000000003,0,9860
100,0.76,-0.35000000000000003,1,9700
100,0.76,-0.35000000000000003,2,9850
100,0.76,-0.36000000000000004,0,9910
100,0.76,-0.36000000000000004,1,9940
100,0.76,-0.36000000000000004,2,9720
100,0.76,-0.37000000000000005,0,9800
100,0.76,-0.37000000000000005,1,9910
100,0.76,-0.37000000000000005,2,9900
100,0.76,-0.38000000000000006,0,9320
100,0.76,-0.38000000000000006,1,9940
100,0.76,-0.38000000000000006,2,9900
100,0.76,-0.39,0,9880
100,0.76,-0.39,1,9930
100,0.76,-0.39,2,9760
100,0.76,-0.41000000000000003,0,9790
100,0.76,-0.41000000000000003,1,9890
100,0.76,-0.41000000000000003,2,8180
100,0.76,-0.42000000000000004,0,9900
100,0.76,-0.42000000000000004,1,9900
100,0.76,-0.42000000000000004,2,3780
100,0.76,-0.43000000000000005,0,9900
100,0.76,-0.43000000000000005,1,6670
100,0.76,-0.43000000000000005,2,9940
100,0.76,-0.44000000000000006,0,9920
100,0.76,-0.44000000000000006,1,9900
100,0.76,-0.44000000000000006,2,9880
100,0.76,-0.45,0,9920
100,0.76,-0.45,1,9940
100,0.76,-0.45,2,9910
100,0.76,-0.46,0,9920
100,0.76,-0.46,1,9940
100,0.76,-0.46,2,9870
100,0.76,-0.47000000000000003,0,9930
100,0.76,-0.47000000000000003,1,9930
100,0.76,-0.47000000000000003,2,9900
100,0.76,-0.48000000000000004,0,9930
100,0.76,-0.48000000000000004,1,9930
100,0.76,-0.48000000000000004,2,9950
100,0.76,-0.49000000000000005,0,7450
100,0.76,-0.49000000000000005,1,9800
100,0.76,-0.49000000000000005,2,9910
100,0.76,-0.4,0,9930
100,0.76,-0.4,1,8740
100,0.76,-0.4,2,9900
100,0.76,-0.51,0,9520
100,0.76,-0.51,1,9910
100,0.76,-0.51,2,9940
100,0.76,-0.52,0,9940
100,0.76,-0.52,1,9930
100,0.76,-0.52,2,9950
100,0.76,-0.53,0,7050
100,0.76,-0.53,1,7100
100,0.76,-0.53,2,9920
100,0.76,-0.54,0,9830
100,0.76,-0.54,1,8460
100,0.76,-0.54,2,9730
100,0.76,-0.55,0,9760
100,0.76,-0.55,1,9910
100,0.76,-0.55,2,9920
100,0.76,-0.56,0,8420
100,0.76,-0.56,1,7050
100,0.76,-0.56,2,8800
100,0.76,-0.5700000000000001,0,9900
100,0.76,-0.5700000000000001,1,8400
100,0.76,-0.5700000000000001,2,9920
100,0.76,-0.5800000000000001,0,9670
100,0.76,-0.5800000000000001,1,7190
100,0.76,-0.5800000000000001,2,9830
100,0.76,-0.5900000000000001,0,7910
100,0.76,-0.5900000000000001,1,9940
100,0.76,-0.5900000000000001,2,8090
100,0.76,-0.5,0,7600
100,0.76,-0.5,1,7810
100,0.76,-0.5,2,9930
100,0.76,-0.6000000000000001,0,9900
100,0.76,-0.6000000000000001,1,7690
100,0.76,-0.6000000000000001,2,9760
100,0.76,-0.6100000000000001,0,9860
100,0.76,-0.6100000000000001,1,9830
100,0.76,-0.6100000000000001,2,8160
100,0.76,-0.6200000000000001,0,9910
100,0.76,-0.6200000000000001,1,9930
100,0.76,-0.6200000000000001,2,9940
100,0.76,-0.63,0,9930
100,0.76,-0.63,1,9880
100,0.76,-0.63,2,9880
100,0.76,-0.64,0,9520
100,0.76,-0.64,1,9850
100,0.76,-0.64,2,9930
100,0.76,-0.65,0,9370
100,0.76,-0.65,1,9860
100,0.76,-0.65,2,9950
100,0.76,-0.66,0,9920
100,0.76,-0.66,1,9250
100,0.76,-0.66,2,9940
100,0.76,-0.67,0,5630
100,0.76,-0.67,1,9910
100,0.76,-0.67,2,9930
100,0.76,-0.68,0,9950
100,0.76,-0.68,1,9910
100,0.76,-0.68,2,9930
100,0.76,-0.6900000000000001,0,9890
100,0.76,-0.6900000000000001,1,9910
100,0.76,-0.6900000000000001,2,9780
100,0.76,-0.7000000000000001,0,9940
100,0.76,-0.7000000000000001,1,9900
100,0.76,-0.7000000000000001,2,9940
100,0.76,-0.7100000000000001,0,9940
100,0.76,-0.7100000000000001,1,9910
100,0.76,-0.7100000000000001,2,9940
100,0.76,-0.7200000000000001,0,9910
100,0.76,-0.7200000000000001,1,9910
100,0.76,-0.7200000000000001,2,9940
100,0.76,-0.73,0,9800
100,0.76,-0.73,1,9920
100,0.76,-0.73,2,9930
100,0.76,-0.74,0,9850
100,0.76,-0.74,1,9750
100,0.76,-0.74,2,9780
100,0.76,-0.75,0,9920
100,0.76,-0.75,1,9870
100,0.76,-0.75,2,9370
100,0.76,-0.76,0,9930
100,0.76,-0.76,1,9910
100,0.76,-0.76,2,9920
100,0.76,-0.77,0,9890
100,0.76,-0.77,1,9750
100,0.76,-0.77,2,9880
100,0.76,-0.78,0,9820
100,0.76,-0.78,1,9308
100,0.76,-0.78,2,9740
100,0.76,-0.79,0,9900
100,0.76,-0.79,1,9900
100,0.76,-0.79,2,9250
100,0.76,-0.8,0,9991
100,0.76,-0.8,1,9920
100,0.76,-0.8,2,9890
100,0.76,0.010000000000000009,0,6850
100,0.76,0.010000000000000009,1,9867
100,0.76,0.010000000000000009,2,2110
100,0.76,0.020000000000000018,0,3320
100,0.76,0.020000000000000018,1,2430
100,0.76,0.020000000000000018,2,610
100,0.76,0.030000000000000027,0,2260
100,0.76,0.030000000000000027,1,1330
100,0.76,0.030000000000000027,2,50
100,0.76,0.039999999999999925,0,1720
100,0.76,0.039999999999999925,1,870
100,0.76,0.039999999999999925,2,40
100,0.76,0.04999999999999993,0,1380
100,0.76,0.04999999999999993,1,540
100,0.76,0.04999999999999993,2,30
100,0.76,0.05999999999999994,0,1150
100,0.76,0.05999999999999994,1,130
100,0.76,0.05999999999999994,2,30
100,0.76,0.06999999999999995,0,960
100,0.76,0.06999999999999995,1,120
100,0.76,0.06999999999999995,2,30
100,0.76,0.07999999999999996,0,830
100,0.76,0.07999999999999996,1,110
100,0.76,0.07999999999999996,2,20
100,0.76,0.08999999999999997,0,80
100,0.76,0.08999999999999997,1,100
100,0.76,0.08999999999999997,2,20
100,0.76,0.09999999999999998,0,70
100,0.76,0.09999999999999998,1,100
100,0.76,0.09999999999999998,2,20
100,0.76,0.0,0,0
100,0.76,0.0,1,0
100,0.76,0.0,2,0
100,0.76,0.10999999999999999,0,70
100,0.76,0.10999999999999999,1,100
100,0.76,0.10999999999999999,2,20
100,0.76,0.12,0,70
100,0.76,0.12,1,100
100,0.76,0.12,2,10
100,0.76,0.13,0,60
100,0.76,0.13,1,90
100,0.76,0.13,2,10
100,0.76,0.14,0,60
100,0.76,0.14,1,90
100,0.76,0.14,2,10
100,0.76,0.15000000000000002,0,50
100,0.76,0.15000000000000002,1,90
100,0.76,0.15000000000000002,2,10
100,0.76,0.15999999999999992,0,50
100,0.76,0.15999999999999992,1,90
100,0.76,0.15999999999999992,2,10
100,0.76,0.16999999999999993,0,50
100,0.76,0.16999999999999993,1,0
100,0.76,0.16999999999999993,2,10
100,0.76,0.17999999999999994,0,50
100,0.76,0.17999999999999994,1,0
100,0.76,0.17999999999999994,2,10
100,0.76,0.18999999999999995,0,50
100,0.76,0.18999999999999995,1,0
100,0.76,0.18999999999999995,2,10
100,0.76,0.2,0,40
100,0.76,0.2,1,0
100,0.76,0.2,2,10
100,0.77,-0.010000000000000009,0,0
100,0.77,-0.010000000000000009,1,0
100,0.77,-0.010000000000000009,2,0
100,0.77,-0.020000000000000018,0,0
100,0.77,-0.020000000000000018,1,0
100,0.77,-0.020000000000000018,2,0
100,0.77,-0.030000000000000027,0,0
100,0.77,-0.030000000000000027,1,50
100,0.77,-0.030000000000000027,2,0
100,0.77,-0.040000000000000036,0,0
100,0.77,-0.040000000000000036,1,50
100,0.77,-0.040000000000000036,2,0
100,0.77,-0.050000000000000044,0,0
100,0.77,-0.050000000000000044,1,9920
100,0.77,-0.050000000000000044,2,9920
100,0.77,-0.06000000000000005,0,9940
100,0.77,-0.06000000000000005,1,9380
100,0.77,-0.06000000000000005,2,7800
100,0.77,-0.07000000000000006,0,9928
100,0.77,-0.07000000000000006,1,9440
100,0.77,-0.07000000000000006,2,9850
100,0.77,-0.08000000000000007,0,6410
100,0.77,-0.08000000000000007,1,9900
100,0.77,-0.08000000000000007,2,9910
100,0.77,-0.09000000000000008,0,9620
100,0.77,-0.09000000000000008,1,9790
100,0.77,-0.09000000000000008,2,9820
100,0.77,-0.09999999999999998,0,0
100,0.77,-0.09999999999999998,1,9890
100,0.77,-0.09999999999999998,2,4960
100,0.77,-0.10999999999999999,0,9500
100,0.77,-0.10999999999999999,1,9400
100,0.77,-0.10999999999999999,2,9850
100,0.77,-0.12,0,9580
100,0.77,-0.12,1,9850
100,0.77,-0.12,2,9850
100,0.77,-0.13,0,5910
100,0.77,-0.13,1,9660
100,0.77,-0.13,2,9300
100,0.77,-0.14,0,9770
100,0.77,-0.14,1,9940
100,0.77,-0.14,2,8320
100,0.77,-0.15000000000000002,0,9640
100,0.77,-0.15000000000000002,1,9880
100,0.77,-0.15000000000000002,2,9780
100,0.77,-0.16000000000000003,0,9790
100,0.77,-0.16000000000000003,1,9880
100,0.77,-0.16000000000000003,2,9760
100,0.77,-0.17000000000000004,0,9490
100,0.77,-0.17000000000000004,1,9770
100,0.77,-0.17000000000000004,2,9790
100,0.77,-0.18000000000000005,0,9780
100,0.77,-0.18000000000000005,1,9890
100,0.77,-0.18000000000000005,2,9500
100,0.77,-0.19000000000000006,0,9660
100,0.77,-0.19000000000000006,1,9330
100,0.77,-0.19000000000000006,2,9920
100,0.77,-0.20000000000000007,0,9870
100,0.77,-0.20000000000000007,1,9690
100,0.77,-0.20000000000000007,2,9920
100,0.77,-0.21000000000000008,0,9740
100,0.77,-0.21000000000000008,1,9650
100,0.77,-0.21000000000000008,2,9870
100,0.77,-0.22000000000000008,0,9660
100,0.77,-0.22000000000000008,1,9830
100,0.77,-0.22000000000000008,2,9630
100,0.77,-0.22999999999999998,0,9860
100,0.77,-0.22999999999999998,1,9580
100,0.77,-0.22999999999999998,2,9570
100,0.77,-0.24,0,9940
100,0.77,-0.24,1,9440
100,0.77,-0.24,2,6960
100,0.77,-0.25,0,9850
100,0.77,-0.25,1,9840
100,0.77,-0.25,2,9840
100,0.77,-0.26,0,9910
100,0.77,-0.26,1,9870
100,0.77,-0.26,2,9920
100,0.77,-0.27,0,9930
100,0.77,-0.27,1,9870
100,0.77,-0.27,2,9950
100,0.77,-0.28,0,5880
100,0.77,-0.28,1,9670
100,0.77,-0.28,2,9770
100,0.77,-0.29000000000000004,0,9920
100,0.77,-0.29000000000000004,1,9880
100,0.77,-0.29000000000000004,2,9890
100,0.77,-0.30000000000000004,0,8170
100,0.77,-0.30000000000000004,1,9870
100,0.77,-0.30000000000000004,2,7120
100,0.77,-0.31000000000000005,0,9950
100,0.77,-0.31000000000000005,1,9840
100,0.77,-0.31000000000000005,2,9710
100,0.77,-0.32000000000000006,0,9840
100,0.77,-0.32000000000000006,1,9800
100,0.77,-0.32000000000000006,2,9870
100,0.77,-0.33,0,9630
100,0.77,-0.33,1,9880
100,0.77,-0.33,2,9930
100,0.77,-0.34,0,6770
100,0.77,-0.34,1,9920
100,0.77,-0.34,2,8220
100,0.77,-0.35000000000000003,0,9850
100,0.77,-0.35000000000000003,1,9940
100,0.77,-0.35000000000000003,2,9920
100,0.77,-0.36000000000000004,0,6450
100,0.77,-0.36000000000000004,1,9930
100,0.77,-0.36000000000000004,2,9940
100,0.77,-0.37000000000000005,0,7310
100,0.77,-0.37000000000000005,1,9760
100,0.77,-0.37000000000000005,2,9810
100,0.77,-0.38000000000000006,0,9870
100,0.77,-0.38000000000000006,1,9760
100,0.77,-0.38000000000000006,2,9950
100,0.77,-0.39,0,9930
100,0.77,-0.39,1,8910
100,0.77,-0.39,2,9800
100,0.77,-0.41000000000000003,0,9880
100,0.77,-0.41000000000000003,1,8090
100,0.77,-0.41000000000000003,2,9700
100,0.77,-0.42000000000000004,0,7040
100,0.77,-0.42000000000000004,1,9930
100,0.77,-0.42000000000000004,2,9660
100,0.77,-0.43000000000000005,0,9920
100,0.77,-0.43000000000000005,1,9930
100,0.77,-0.43000000000000005,2,5480
100,0.77,-0.44000000000000006,0,9930
100,0.77,-0.44000000000000006,1,9840
100,0.77,-0.44000000000000006,2,9930
100,0.77,-0.45,0,9890
100,0.77,-0.45,1,9790
100,0.77,-0.45,2,9900
100,0.77,-0.46,0,9870
100,0.77,-0.46,1,9880
100,0.77,-0.46,2,9940
100,0.77,-0.47000000000000003,0,8220
100,0.77,-0.47000000000000003,1,7080
100,0.77,-0.47000000000000003,2,7710
100,0.77,-0.48000000000000004,0,9850
100,0.77,-0.48000000000000004,1,9940
100,0.77,-0.48000000000000004,2,9950
100,0.77,-0.49000000000000005,0,9940
100,0.77,-0.49000000000000005,1,9930
100,0.77,-0.49000000000000005,2,9580
100,0.77,-0.4,0,9730
100,0.77,-0.4,1,9530
100,0.77,-0.4,2,9900
100,0.77,-0.51,0,9910
100,0.77,-0.51,1,9870
100,0.77,-0.51,2,9940
100,0.77,-0.52,0,9930
100,0.77,-0.52,1,9900
100,0.77,-0.52,2,7680
100,0.77,-0.53,0,9910
100,0.77,-0.53,1,9810
100,0.77,-0.53,2,9930
100,0.77,-0.54,0,9800
100,0.77,-0.54,1,9940
100,0.77,-0.54,2,9880
100,0.77,-0.55,0,9930
100,0.77,-0.55,1,9810
100,0.77,-0.55,2,9870
100,0.77,-0.56,0,9830
100,0.77,-0.56,1,9710
100,0.77,-0.56,2,9930
100,0.77,-0.5700000000000001,0,9920
100,0.77,-0.5700000000000001,1,9910
100,0.77,-0.5700000000000001,2,9760
100,0.77,-0.5800000000000001,0,9940
100,0.77,-0.5800000000000001,1,9760
100,0.77,-0.5800000000000001,2,9910
100,0.77,-0.5900000000000001,0,9800
100,0.77,-0.5900000000000001,1,9940
100,0.77,-0.5900000000000001,2,9730
100,0.77,-0.5,0,7670
100,0.77,-0.5,1,9500
100,0.77,-0.5,2,9950
100,0.77,-0.6000000000000001,0,9950
100,0.77,-0.6000000000000001,1,9930
100,0.77,-0.6000000000000001,2,9900
100,0.77,-0.6100000000000001,0,9940
100,0.77,-0.6100000000000001,1,9900
100,0.77,-0.6100000000000001,2,7690
100,0.77,-0.6200000000000001,0,9940
100,0.77,-0.6200000000000001,1,9800
100,0.77,-0.6200000000000001,2,9920
100,0.77,-0.63,0,9870
100,0.77,-0.63,1,9940
100,0.77,-0.63,2,9870
100,0.77,-0.64,0,9920
100,0.77,-0.64,1,9900
100,0.77,-0.64,2,7130
100,0.77,-0.65,0,9700
100,0.77,-0.65,1,9860
100,0.77,-0.65,2,9850
100,0.77,-0.66,0,9950
100,0.77,-0.66,1,7590
100,0.77,-0.66,2,9800
100,0.77,-0.67,0,9890
100,0.77,-0.67,1,9940
100,0.77,-0.67,2,9920
100,0.77,-0.68,0,9860
100,0.77,-0.68,1,9930
100,0.77,-0.68,2,9890
100,0.77,-0.6900000000000001,0,9590
100,0.77,-0.6900000000000001,1,9940
100,0.77,-0.6900000000000001,2,9930
100,0.77,-0.7000000000000001,0,6770
100,0.77,-0.7000000000000001,1,6190
100,0.77,-0.7000000000000001,2,9710
100,0.77,-0.7100000000000001,0,9800
100,0.77,-0.7100000000000001,1,9920
100,0.77,-0.7100000000000001,2,9800
100,0.77,-0.7200000000000001,0,9950
100,0.77,-0.7200000000000001,1,9820
100,0.77,-0.7200000000000001,2,9610
100,0.77,-0.73,0,9790
100,0.77,-0.73,1,9910
100,0.77,-0.73,2,7140
100,0.77,-0.74,0,9880
100,0.77,-0.74,1,9880
100,0.77,-0.74,2,9920
100,0.77,-0.75,0,9920
100,0.77,-0.75,1,9920
100,0.77,-0.75,2,9890
100,0.77,-0.76,0,8910
100,0.77,-0.76,1,9920
100,0.77,-0.76,2,9850
100,0.77,-0.77,0,9550
100,0.77,-0.77,1,9900
100,0.77,-0.77,2,9930
100,0.77,-0.78,0,8030
100,0.77,-0.78,1,9840
100,0.77,-0.78,2,9890
100,0.77,-0.79,0,9820
100,0.77,-0.79,1,5780
100,0.77,-0.79,2,9720
100,0.77,-0.8,0,9870
100,0.77,-0.8,1,9940
100,0.77,-0.8,2,9840
100,0.77,0.010000000000000009,0,6990
100,0.77,0.010000000000000009,1,9859
100,0.77,0.010000000000000009,2,2120
100,0.77,0.020000000000000018,0,3410
100,0.77,0.020000000000000018,1,2420
100,0.77,0.020000000000000018,2,610
100,0.77,0.030000000000000027,0,2340
100,0.77,0.030000000000000027,1,1350
100,0.77,0.030000000000000027,2,50
100,0.77,0.039999999999999925,0,1780
100,0.77,0.039999999999999925,1,890
100,0.77,0.039999999999999925,2,40
100,0.77,0.04999999999999993,0,1430
100,0.77,0.04999999999999993,1,550
100,0.77,0.04999999999999993,2,30
100,0.77,0.05999999999999994,0,1190
100,0.77,0.05999999999999994,1,130
100,0.77,0.05999999999999994,2,30
100,0.77,0.06999999999999995,0,1000
100,0.77,0.06999999999999995,1,120
100,0.77,0.06999999999999995,2,30
100,0.77,0.07999999999999996,0,860
100,0.77,0.07999999999999996,1,110
100,0.77,0.07999999999999996,2,20
100,0.77,0.08999999999999997,0,80
100,0.77,0.08999999999999997,1,100
100,0.77,0.08999999999999997,2,20
100,0.77,0.09999999999999998,0,70
100,0.77,0.09999999999999998,1,100
100,0.77,0.09999999999999998,2,20
100,0.77,0.0,0,0
100,0.77,0.0,1,0
100,0.77,0.0,2,0
100,0.77,0.10999999999999999,0,70
100,0.77,0.10999999999999999,1,100
100,0.77,0.10999999999999999,2,20
100,0.77,0.12,0,70
100,0.77,0.12,1,100
100,0.77,0.12,2,10
100,0.77,0.13,0,60
100,0.77,0.13,1,90
100,0.77,0.13,2,10
100,0.77,0.14,0,60
100,0.77,0.14,1,90
100,0.77,0.14,2,10
100,0.77,0.15000000000000002,0,60
100,0.77,0.15000000000000002,1,90
100,0.77,0.15000000000000002,2,10
100,0.77,0.15999999999999992,0,50
100,0.77,0.15999999999999992,1,90
100,0.77,0.15999999999999992,2,10
100,0.77,0.16999999999999993,0,50
100,0.77,0.16999999999999993,1,0
100,0.77,0.16999999999999993,2,10
100,0.77,0.17999999999999994,0,50
100,0.77,0.17999999999999994,1,0
100,0.77,0.17999999999999994,2,10
100,0.77,0.18999999999999995,0,50
100,0.77,0.18999999999999995,1,0
100,0.77,0.18999999999999995,2,10
100,0.77,0.2,0,40
100,0.77,0.2,1,0
100,0.77,0.2,2,10
100,0.78,-0.010000000000000009,0,0
100,0.78,-0.010000000000000009,1,0
100,0.78,-0.010000000000000009,2,0
100,0.78,-0.020000000000000018,0,0
100,0.78,-0.020000000000000018,1,0
100,0.78,-0.020000000000000018,2,0
100,0.78,-0.030000000000000027,0,0
100,0.78,-0.030000000000000027,1,50
100,0.78,-0.030000000000000027,2,0
100,0.78,-0.040000000000000036,0,0
100,0.78,-0.040000000000000036,1,9798
100,0.78,-0.040000000000000036,2,5110
100,0.78,-0.050000000000000044,0,9900
100,0.78,-0.050000000000000044,1,9860
100,0.78,-0.050000000000000044,2,0
100,0.78,-0.06000000000000005,0,9940
100,0.78,-0.06000000000000005,1,8970
100,0.78,-0.06000000000000005,2,0
100,0.78,-0.07000000000000006,0,5020
100,0.78,-0.07000000000000006,1,9880
100,0.78,-0.07000000000000006,2,5740
100,0.78,-0.08000000000000007,0,0
100,0.78,-0.08000000000000007,1,9790
100,0.78,-0.08000000000000007,2,7070
100,0.78,-0.09000000000000008,0,0
100,0.78,-0.09000000000000008,1,9480
100,0.78,-0.09000000000000008,2,9930
100,0.78,-0.09999999999999998,0,9890
100,0.78,-0.09999999999999998,1,9940
100,0.78,-0.09999999999999998,2,9930
100,0.78,-0.10999999999999999,0,9770
100,0.78,-0.10999999999999999,1,9810
100,0.78,-0.10999999999999999,2,9780
100,0.78,-0.12,0,5610
100,0.78,-0.12,1,9710
100,0.78,-0.12,2,9930
100,0.78,-0.13,0,9660
100,0.78,-0.13,1,9880
100,0.78,-0.13,2,9920
100,0.78,-0.14,0,9710
100,0.78,-0.14,1,8860
100,0.78,-0.14,2,9920
100,0.78,-0.15000000000000002,0,9830
100,0.78,-0.15000000000000002,1,9830
100,0.78,-0.15000000000000002,2,9910
100,0.78,-0.16000000000000003,0,9930
100,0.78,-0.16000000000000003,1,9940
100,0.78,-0.16000000000000003,2,0
100,0.78,-0.17000000000000004,0,9850
100,0.78,-0.17000000000000004,1,9780
100,0.78,-0.17000000000000004,2,9850
100,0.78,-0.18000000000000005,0,9940
100,0.78,-0.18000000000000005,1,9610
100,0.78,-0.18000000000000005,2,9880
100,0.78,-0.19000000000000006,0,9820
100,0.78,-0.19000000000000006,1,9760
100,0.78,-0.19000000000000006,2,8190
100,0.78,-0.20000000000000007,0,9610
100,0.78,-0.20000000000000007,1,9680
100,0.78,-0.20000000000000007,2,8720
100,0.78,-0.21000000000000008,0,4170
100,0.78,-0.21000000000000008,1,9900
100,0.78,-0.21000000000000008,2,9780
100,0.78,-0.22000000000000008,0,9860
100,0.78,-0.22000000000000008,1,80
100,0.78,-0.22000000000000008,2,9820
100,0.78,-0.22999999999999998,0,9850
100,0.78,-0.22999999999999998,1,9820
100,0.78,-0.22999999999999998,2,9940
100,0.78,-0.24,0,9710
100,0.78,-0.24,1,9620
100,0.78,-0.24,2,9920
100,0.78,-0.25,0,9890
100,0.78,-0.25,1,9840
100,0.78,-0.25,2,7920
100,0.78,-0.26,0,9930
100,0.78,-0.26,1,9750
100,0.78,-0.26,2,9830
100,0.78,-0.27,0,9770
100,0.78,-0.27,1,9630
100,0.78,-0.27,2,9850
100,0.78,-0.28,0,9850
100,0.78,-0.28,1,9850
100,0.78,-0.28,2,9760
100,0.78,-0.29000000000000004,0,9830
100,0.78,-0.29000000000000004,1,8900
100,0.78,-0.29000000000000004,2,9940
100,0.78,-0.30000000000000004,0,9790
100,0.78,-0.30000000000000004,1,9930
100,0.78,-0.30000000000000004,2,8250
100,0.78,-0.31000000000000005,0,9910
100,0.78,-0.31000000000000005,1,9920
100,0.78,-0.31000000000000005,2,9890
100,0.78,-0.32000000000000006,0,9920
100,0.78,-0.32000000000000006,1,9600
100,0.78,-0.32000000000000006,2,9820
100,0.78,-0.33,0,9880
100,0.78,-0.33,1,9920
100,0.78,-0.33,2,9890
100,0.78,-0.34,0,9900
100,0.78,-0.34,1,9920
100,0.78,-0.34,2,9890
100,0.78,-0.35000000000000003,0,9920
100,0.78,-0.35000000000000003,1,5870
100,0.78,-0.35000000000000003,2,9930
100,0.78,-0.36000000000000004,0,9950
100,0.78,-0.36000000000000004,1,7450
100,0.78,-0.36000000000000004,2,9840
100,0.78,-0.37000000000000005,0,9870
100,0.78,-0.37000000000000005,1,8400
100,0.78,-0.37000000000000005,2,9780
100,0.78,-0.38000000000000006,0,9820
100,0.78,-0.38000000000000006,1,9940
100,0.78,-0.38000000000000006,2,9780
100,0.78,-0.39,0,9810
100,0.78,-0.39,1,9300
100,0.78,-0.39,2,9920
100,0.78,-0.41000000000000003,0,9730
100,0.78,-0.41000000000000003,1,9771
100,0.78,-0.41000000000000003,2,8200
100,0.78,-0.42000000000000004,0,9750
100,0.78,-0.42000000000000004,1,9690
100,0.78,-0.42000000000000004,2,8520
100,0.78,-0.43000000000000005,0,9730
100,0.78,-0.43000000000000005,1,9950
100,0.78,-0.43000000000000005,2,9940
100,0.78,-0.44000000000000006,0,5960
100,0.78,-0.44000000000000006,1,9870
100,0.78,-0.44000000000000006,2,9940
100,0.78,-0.45,0,9700
100,0.78,-0.45,1,9830
100,0.78,-0.45,2,9950
100,0.78,-0.46,0,9910
100,0.78,-0.46,1,9890
100,0.78,-0.46,2,9940
100,0.78,-0.47000000000000003,0,9840
100,0.78,-0.47000000000000003,1,7190
100,0.78,-0.47000000000000003,2,9950
100,0.78,-0.48000000000000004,0,9820
100,0.78,-0.48000000000000004,1,9930
100,0.78,-0.48000000000000004,2,9930
100,0.78,-0.49000000000000005,0,9900
100,0.78,-0.49000000000000005,1,5290
100,0.78,-0.49000000000000005,2,9850
100,0.78,-0.4,0,9810
100,0.78,-0.4,1,9480
100,0.78,-0.4,2,9900
100,0.78,-0.51,0,9880
100,0.78,-0.51,1,9870
100,0.78,-0.51,2,9940
100,0.78,-0.52,0,9920
100,0.78,-0.52,1,9920
100,0.78,-0.52,2,9760
100,0.78,-0.53,0,9890
100,0.78,-0.53,1,9950
100,0.78,-0.53,2,9950
100,0.78,-0.54,0,9910
100,0.78,-0.54,1,9750
100,0.78,-0.54,2,9930
100,0.78,-0.55,0,9820
100,0.78,-0.55,1,9780
100,0.78,-0.55,2,9880
100,0.78,-0.56,0,9780
100,0.78,-0.56,1,9950
100,0.78,-0.56,2,8200
100,0.78,-0.5700000000000001,0,9910
100,0.78,-0.5700000000000001,1,9930
100,0.78,-0.5700000000000001,2,9860
100,0.78,-0.5800000000000001,0,8450
100,0.78,-0.5800000000000001,1,9910
100,0.78,-0.5800000000000001,2,9860
100,0.78,-0.5900000000000001,0,9820
100,0.78,-0.5900000000000001,1,9940
100,0.78,-0.5900000000000001,2,9910
100,0.78,-0.5,0,9950
100,0.78,-0.5,1,8100
100,0.78,-0.5,2,8740
100,0.78,-0.6000000000000001,0,9820
100,0.78,-0.6000000000000001,1,9920
100,0.78,-0.6000000000000001,2,9650
100,0.78,-0.6100000000000001,0,9870
100,0.78,-0.6100000000000001,1,8030
100,0.78,-0.6100000000000001,2,9940
100,0.78,-0.6200000000000001,0,8140
100,0.78,-0.6200000000000001,1,9940
100,0.78,-0.6200000000000001,2,9810
100,0.78,-0.63,0,9690
100,0.78,-0.63,1,9820
100,0.78,-0.63,2,9940
100,0.78,-0.64,0,9950
100,0.78,-0.64,1,9920
100,0.78,-0.64,2,9910
100,0.78,-0.65,0,9750
100,0.78,-0.65,1,9930
100,0.78,-0.65,2,9790
100,0.78,-0.66,0,9940
100,0.78,-0.66,1,9930
100,0.78,-0.66,2,9900
100,0.78,-0.67,0,9830
100,0.78,-0.67,1,6980
100,0.78,-0.67,2,9940
100,0.78,-0.68,0,9920
100,0.78,-0.68,1,9220
100,0.78,-0.68,2,9920
100,0.78,-0.6900000000000001,0,7750
100,0.78,-0.6900000000000001,1,9890
100,0.78,-0.6900000000000001,2,9860
100,0.78,-0.7000000000000001,0,9820
100,0.78,-0.7000000000000001,1,9920
100,0.78,-0.7000000000000001,2,9870
100,0.78,-0.7100000000000001,0,9910
100,0.78,-0.7100000000000001,1,9870
100,0.78,-0.7100000000000001,2,9620
100,0.78,-0.7200000000000001,0,9910
100,0.78,-0.7200000000000001,1,9690
100,0.78,-0.7200000000000001,2,9950
100,0.78,-0.73,0,9940
100,0.78,-0.73,1,9800
100,0.78,-0.73,2,9900
100,0.78,-0.74,0,9350
100,0.78,-0.74,1,9800
100,0.78,-0.74,2,9830
100,0.78,-0.75,0,9870
100,0.78,-0.75,1,9920
100,0.78,-0.75,2,9920
100,0.78,-0.76,0,9910
100,0.78,-0.76,1,8870
100,0.78,-0.76,2,9910
100,0.78,-0.77,0,9950
100,0.78,-0.77,1,9800
100,0.78,-0.77,2,9870
100,0.78,-0.78,0,9690
100,0.78,-0.78,1,9550
100,0.78,-0.78,2,9480
100,0.78,-0.79,0,9910
100,0.78,-0.79,1,9800
100,0.78,-0.79,2,9920
100,0.78,-0.8,0,9360
100,0.78,-0.8,1,9900
100,0.78,-0.8,2,9790
100,0.78,0.010000000000000009,0,7140
100,0.78,0.010000000000000009,1,9841
100,0.78,0.010000000000000009,2,2120
100,0.78,0.020000000000000018,0,3520
100,0.78,0.020000000000000018,1,2420
100,0.78,0.020000000000000018,2,610
100,0.78,0.030000000000000027,0,2420
100,0.78,0.030000000000000027,1,1370
100,0.78,0.030000000000000027,2,50
100,0.78,0.039999999999999925,0,1840
100,0.78,0.039999999999999925,1,890
100,0.78,0.039999999999999925,2,40
100,0.78,0.04999999999999993,0,1480
100,0.78,0.04999999999999993,1,570
100,0.78,0.04999999999999993,2,30
100,0.78,0.05999999999999994,0,1240
100,0.78,0.05999999999999994,1,130
100,0.78,0.05999999999999994,2,30
100,0.78,0.06999999999999995,0,1040
100,0.78,0.06999999999999995,1,120
100,0.78,0.06999999999999995,2,30
100,0.78,0.07999999999999996,0,890
100,0.78,0.07999999999999996,1,110
100,0.78,0.07999999999999996,2,20
100,0.78,0.08999999999999997,0,80
100,0.78,0.08999999999999997,1,100
100,0.78,0.08999999999999997,2,20
100,0.78,0.09999999999999998,0,70
100,0.78,0.09999999999999998,1,100
100,0.78,0.09999999999999998,2,20
100,0.78,0.0,0,0
100,0.78,0.0,1,0
100,0.78,0.0,2,0
100,0.78,0.10999999999999999,0,70
100,0.78,0.10999999999999999,1,100
100,0.78,0.10999999999999999,2,20
100,0.78,0.12,0,70
100,0.78,0.12,1,90
100,0.78,0.12,2,20
100,0.78,0.13,0,60
100,0.78,0.13,1,90
100,0.78,0.13,2,10
100,0.78,0.14,0,60
100,0.78,0.14,1,90
100,0.78,0.14,2,10
100,0.78,0.15000000000000002,0,60
100,0.78,0.15000000000000002,1,90
100,0.78,0.15000000000000002,2,10
100,0.78,0.15999999999999992,0,50
100,0.78,0.15999999999999992,1,80
100,0.78,0.15999999999999992,2,10
100,0.78,0.16999999999999993,0,50
100,0.78,0.16999999999999993,1,0
100,0.78,0.16999999999999993,2,10
100,0.78,0.17999999999999994,0,50
100,0.78,0.17999999999999994,1,0
100,0.78,0.17999999999999994,2,10
100,0.78,0.18999999999999995,0,40
100,0.78,0.18999999999999995,1,0
100,0.78,0.18999999999999995,2,10
100,0.78,0.2,0,40
100,0.78,0.2,1,0
100,0.78,0.2,2,10
100,0.79,-0.010000000000000009,0,0
100,0.79,-0.010000000000000009,1,0
100,0.79,-0.010000000000000009,2,0
100,0.79,-0.020000000000000018,0,0
100,0.79,-0.020000000000000018,1,0
100,0.79,-0.020000000000000018,2,0
100,0.79,-0.030000000000000027,0,0
100,0.79,-0.030000000000000027,1,50
100,0.79,-0.030000000000000027,2,0
100,0.79,-0.040000000000000036,0,0
100,0.79,-0.040000000000000036,1,5540
100,0.79,-0.040000000000000036,2,0
100,0.79,-0.050000000000000044,0,9770
100,0.79,-0.050000000000000044,1,9660
100,0.79,-0.050000000000000044,2,9900
100,0.79,-0.06000000000000005,0,0
100,0.79,-0.06000000000000005,1,60
100,0.79,-0.06000000000000005,2,8700
100,0.79,-0.07000000000000006,0,9750
100,0.79,-0.07000000000000006,1,9210
100,0.79,-0.07000000000000006,2,4290
100,0.79,-0.08000000000000007,0,0
100,0.79,-0.08000000000000007,1,9730
100,0.79,-0.08000000000000007,2,5430
100,0.79,-0.09000000000000008,0,0
100,0.79,-0.09000000000000008,1,9940
100,0.79,-0.09000000000000008,2,9930
100,0.79,-0.09999999999999998,0,9730
100,0.79,-0.09999999999999998,1,9480
100,0.79,-0.09999999999999998,2,5860
100,0.79,-0.10999999999999999,0,9760
100,0.79,-0.10999999999999999,1,9880
100,0.79,-0.10999999999999999,2,7000
100,0.79,-0.12,0,9910
100,0.79,-0.12,1,9240
100,0.79,-0.12,2,9580
100,0.79,-0.13,0,9590
100,0.79,-0.13,1,9160
100,0.79,-0.13,2,9770
100,0.79,-0.14,0,9900
100,0.79,-0.14,1,9570
100,0.79,-0.14,2,9880
100,0.79,-0.15000000000000002,0,9610
100,0.79,-0.15000000000000002,1,9920
100,0.79,-0.15000000000000002,2,5180
100,0.79,-0.16000000000000003,0,9860
100,0.79,-0.16000000000000003,1,9740
100,0.79,-0.16000000000000003,2,9470
100,0.79,-0.17000000000000004,0,9630
100,0.79,-0.17000000000000004,1,9880
100,0.79,-0.17000000000000004,2,9000
100,0.79,-0.18000000000000005,0,0
100,0.79,-0.18000000000000005,1,9820
100,0.79,-0.18000000000000005,2,9780
100,0.79,-0.19000000000000006,0,9880
100,0.79,-0.19000000000000006,1,9780
100,0.79,-0.19000000000000006,2,7590
100,0.79,-0.20000000000000007,0,4290
100,0.79,-0.20000000000000007,1,7650
100,0.79,-0.20000000000000007,2,6240
100,0.79,-0.21000000000000008,0,9870
100,0.79,-0.21000000000000008,1,9940
100,0.79,-0.21000000000000008,2,9870
100,0.79,-0.22000000000000008,0,0
100,0.79,-0.22000000000000008,1,9810
100,0.79,-0.22000000000000008,2,9880
100,0.79,-0.22999999999999998,0,8030
100,0.79,-0.22999999999999998,1,9930
100,0.79,-0.22999999999999998,2,9730
100,0.79,-0.24,0,9810
100,0.79,-0.24,1,9920
100,0.79,-0.24,2,9930
100,0.79,-0.25,0,6680
100,0.79,-0.25,1,9950
100,0.79,-0.25,2,9910
100,0.79,-0.26,0,9890
100,0.79,-0.26,1,9710
100,0.79,-0.26,2,9920
100,0.79,-0.27,0,9860
100,0.79,-0.27,1,9720
100,0.79,-0.27,2,9790
100,0.79,-0.28,0,9940
100,0.79,-0.28,1,9890
100,0.79,-0.28,2,2750
100,0.79,-0.29000000000000004,0,9170
100,0.79,-0.29000000000000004,1,9460
100,0.79,-0.29000000000000004,2,9910
100,0.79,-0.30000000000000004,0,9940
100,0.79,-0.30000000000000004,1,9890
100,0.79,-0.30000000000000004,2,9830
100,0.79,-0.31000000000000005,0,9840
100,0.79,-0.31000000000000005,1,9930
100,0.79,-0.31000000000000005,2,9440
100,0.79,-0.32000000000000006,0,3420
100,0.79,-0.32000000000000006,1,9520
100,0.79,-0.32000000000000006,2,9930
100,0.79,-0.33,0,6580
100,0.79,-0.33,1,9690
100,0.79,-0.33,2,9770
100,0.79,-0.34,0,9860
100,0.79,-0.34,1,9930
100,0.79,-0.34,2,7340
100,0.79,-0.35000000000000003,0,9890
100,0.79,-0.35000000000000003,1,9950
100,0.79,-0.35000000000000003,2,9850
100,0.79,-0.36000000000000004,0,9790
100,0.79,-0.36000000000000004,1,9840
100,0.79,-0.36000000000000004,2,9920
100,0.79,-0.37000000000000005,0,6110
100,0.79,-0.37000000000000005,1,9930
100,0.79,-0.37000000000000005,2,9880
100,0.79,-0.38000000000000006,0,8280
100,0.79,-0.38000000000000006,1,9950
100,0.79,-0.38000000000000006,2,9740
100,0.79,-0.39,0,9900
100,0.79,-0.39,1,9920
100,0.79,-0.39,2,9760
100,0.79,-0.41000000000000003,0,6750
100,0.79,-0.41000000000000003,1,9850
100,0.79,-0.41000000000000003,2,9920
100,0.79,-0.42000000000000004,0,9740
100,0.79,-0.42000000000000004,1,6550
100,0.79,-0.42000000000000004,2,5370
100,0.79,-0.43000000000000005,0,9950
100,0.79,-0.43000000000000005,1,6930
100,0.79,-0.43000000000000005,2,6060
100,0.79,-0.44000000000000006,0,9790
100,0.79,-0.44000000000000006,1,6900
100,0.79,-0.44000000000000006,2,9870
100,0.79,-0.45,0,9910
100,0.79,-0.45,1,9080
100,0.79,-0.45,2,9930
100,0.79,-0.46,0,9870
100,0.79,-0.46,1,5670
100,0.79,-0.46,2,9900
100,0.79,-0.47000000000000003,0,9910
100,0.79,-0.47000000000000003,1,9180
100,0.79,-0.47000000000000003,2,9890
100,0.79,-0.48000000000000004,0,9820
100,0.79,-0.48000000000000004,1,9890
100,0.79,-0.48000000000000004,2,7670
100,0.79,-0.49000000000000005,0,6450
100,0.79,-0.49000000000000005,1,8420
100,0.79,-0.49000000000000005,2,9850
100,0.79,-0.4,0,9900
100,0.79,-0.4,1,9860
100,0.79,-0.4,2,8980
100,0.79,-0.51,0,9860
100,0.79,-0.51,1,7090
100,0.79,-0.51,2,7040
100,0.79,-0.52,0,9900
100,0.79,-0.52,1,9860
100,0.79,-0.52,2,7310
100,0.79,-0.53,0,9950
100,0.79,-0.53,1,7880
100,0.79,-0.53,2,9710
100,0.79,-0.54,0,9910
100,0.79,-0.54,1,9900
100,0.79,-0.54,2,9870
100,0.79,-0.55,0,8050
100,0.79,-0.55,1,9930
100,0.79,-0.55,2,9920
100,0.79,-0.56,0,9850
100,0.79,-0.56,1,7390
100,0.79,-0.56,2,9910
100,0.79,-0.5700000000000001,0,9900
100,0.79,-0.5700000000000001,1,9800
100,0.79,-0.5700000000000001,2,9930
100,0.79,-0.5800000000000001,0,9930
100,0.79,-0.5800000000000001,1,9920
100,0.79,-0.5800000000000001,2,8470
100,0.79,-0.5900000000000001,0,9890
100,0.79,-0.5900000000000001,1,9710
100,0.79,-0.5900000000000001,2,8240
100,0.79,-0.5,0,9800
100,0.79,-0.5,1,9880
100,0.79,-0.5,2,8470
100,0.79,-0.6000000000000001,0,9950
100,0.79,-0.6000000000000001,1,9910
100,0.79,-0.6000000000000001,2,6320
100,0.79,-0.6100000000000001,0,9890
100,0.79,-0.6100000000000001,1,9940
100,0.79,-0.6100000000000001,2,9930
100,0.79,-0.6200000000000001,0,9900
100,0.79,-0.6200000000000001,1,9930
100,0.79,-0.6200000000000001,2,9950
100,0.79,-0.63,0,9950
100,0.79,-0.63,1,9940
100,0.79,-0.63,2,9920
100,0.79,-0.64,0,9890
100,0.79,-0.64,1,6730
100,0.79,-0.64,2,9880
100,0.79,-0.65,0,8760
100,0.79,-0.65,1,9930
100,0.79,-0.65,2,8510
100,0.79,-0.66,0,9930
100,0.79,-0.66,1,9940
100,0.79,-0.66,2,8350
100,0.79,-0.67,0,9850
100,0.79,-0.67,1,9880
100,0.79,-0.67,2,9950
100,0.79,-0.68,0,9830
100,0.79,-0.68,1,6440
100,0.79,-0.68,2,9910
100,0.79,-0.6900000000000001,0,9910
100,0.79,-0.6900000000000001,1,9950
100,0.79,-0.6900000000000001,2,7860
100,0.79,-0.7000000000000001,0,9950
100,0.79,-0.7000000000000001,1,9930
100,0.79,-0.7000000000000001,2,9910
100,0.79,-0.7100000000000001,0,9630
100,0.79,-0.7100000000000001,1,9920
100,0.79,-0.7100000000000001,2,8590
100,0.79,-0.7200000000000001,0,9930
100,0.79,-0.7200000000000001,1,9820
100,0.79,-0.7200000000000001,2,9930
100,0.79,-0.73,0,9940
100,0.79,-0.73,1,9370
100,0.79,-0.73,2,9830
100,0.79,-0.74,0,9930
100,0.79,-0.74,1,6860
100,0.79,-0.74,2,9920
100,0.79,-0.75,0,9930
100,0.79,-0.75,1,9800
100,0.79,-0.75,2,9940
100,0.79,-0.76,0,9810
100,0.79,-0.76,1,9910
100,0.79,-0.76,2,9830
100,0.79,-0.77,0,9870
100,0.79,-0.77,1,9860
100,0.79,-0.77,2,9860
100,0.79,-0.78,0,9580
100,0.79,-0.78,1,9870
100,0.79,-0.78,2,9660
100,0.79,-0.79,0,7200
100,0.79,-0.79,1,9930
100,0.79,-0.79,2,9660
100,0.79,-0.8,0,9830
100,0.79,-0.8,1,9900
100,0.79,-0.8,2,9940
100,0.79,0.010000000000000009,0,7320
100,0.79,0.010000000000000009,1,9848
100,0.79,0.010000000000000009,2,2130
100,0.79,0.020000000000000018,0,3640
100,0.79,0.020000000000000018,1,2470
100,0.79,0.020000000000000018,2,620
100,0.79,0.030000000000000027,0,2500
100,0.79,0.030000000000000027,1,1400
100,0.79,0.030000000000000027,2,50
100,0.79,0.039999999999999925,0,1910
100,0.79,0.039999999999999925,1,890
100,0.79,0.039999999999999925,2,40
100,0.79,0.04999999999999993,0,1540
100,0.79,0.04999999999999993,1,590
100,0.79,0.04999999999999993,2,30
100,0.79,0.05999999999999994,0,1280
100,0.79,0.05999999999999994,1,0
100,0.79,0.05999999999999994,2,532
100,0.79,0.06999999999999995,0,877
100,0.79,0.06999999999999995,1,771
100,0.79,0.06999999999999995,2,30
100,0.79,0.07999999999999996,0,910
100,0.79,0.07999999999999996,1,110
100,0.79,0.07999999999999996,2,20
100,0.79,0.08999999999999997,0,80
100,0.79,0.08999999999999997,1,100
100,0.79,0.08999999999999997,2,20
100,0.79,0.09999999999999998,0,70
100,0.79,0.09999999999999998,1,90
100,0.79,0.09999999999999998,2,20
100,0.79,0.0,0,0
100,0.79,0.0,1,0
100,0.79,0.0,2,0
100,0.79,0.10999999999999999,0,70
100,0.79,0.10999999999999999,1,90
100,0.79,0.10999999999999999,2,20
100,0.79,0.12,0,70
100,0.79,0.12,1,90
100,0.79,0.12,2,20
100,0.79,0.13,0,60
100,0.79,0.13,1,90
100,0.79,0.13,2,10
100,0.79,0.14,0,60
100,0.79,0.14,1,90
100,0.79,0.14,2,10
100,0.79,0.15000000000000002,0,50
100,0.79,0.15000000000000002,1,90
100,0.79,0.15000000000000002,2,10
100,0.79,0.15999999999999992,0,50
100,0.79,0.15999999999999992,1,80
100,0.79,0.15999999999999992,2,10
100,0.79,0.16999999999999993,0,50
100,0.79,0.16999999999999993,1,0
100,0.79,0.16999999999999993,2,10
100,0.79,0.17999999999999994,0,50
100,0.79,0.17999999999999994,1,0
100,0.79,0.17999999999999994,2,10
100,0.79,0.18999999999999995,0,50
100,0.79,0.18999999999999995,1,0
100,0.79,0.18999999999999995,2,10
100,0.79,0.2,0,40
100,0.79,0.2,1,0
100,0.79,0.2,2,10
100,0.81,-0.010000000000000009,0,0
100,0.81,-0.010000000000000009,1,0
100,0.81,-0.010000000000000009,2,0
100,0.81,-0.020000000000000018,0,0
100,0.81,-0.020000000000000018,1,0
100,0.81,-0.020000000000000018,2,0
100,0.81,-0.030000000000000027,0,0
100,0.81,-0.030000000000000027,1,0
100,0.81,-0.030000000000000027,2,0
100,0.81,-0.040000000000000036,0,0
100,0.81,-0.040000000000000036,1,50
100,0.81,-0.040000000000000036,2,9900
100,0.81,-0.050000000000000044,0,0
100,0.81,-0.050000000000000044,1,50
100,0.81,-0.050000000000000044,2,0
100,0.81,-0.06000000000000005,0,5310
100,0.81,-0.06000000000000005,1,9650
100,0.81,-0.06000000000000005,2,9840
100,0.81,-0.07000000000000006,0,0
100,0.81,-0.07000000000000006,1,9930
100,0.81,-0.07000000000000006,2,9860
100,0.81,-0.08000000000000007,0,9920
100,0.81,-0.08000000000000007,1,9900
100,0.81,-0.08000000000000007,2,3390
100,0.81,-0.09000000000000008,0,6150
100,0.81,-0.09000000000000008,1,9530
100,0.81,-0.09000000000000008,2,5180
100,0.81,-0.09999999999999998,0,9770
100,0.81,-0.09999999999999998,1,9950
100,0.81,-0.09999999999999998,2,4330
100,0.81,-0.10999999999999999,0,9890
100,0.81,-0.10999999999999999,1,8990
100,0.81,-0.10999999999999999,2,9860
100,0.81,-0.12,0,9750
100,0.81,-0.12,1,9930
100,0.81,-0.12,2,9920
100,0.81,-0.13,0,9900
100,0.81,-0.13,1,9710
100,0.81,-0.13,2,7090
100,0.81,-0.14,0,9540
100,0.81,-0.14,1,9930
100,0.81,-0.14,2,9920
100,0.81,-0.15000000000000002,0,0
100,0.81,-0.15000000000000002,1,8540
100,0.81,-0.15000000000000002,2,9510
100,0.81,-0.16000000000000003,0,9900
100,0.81,-0.16000000000000003,1,9540
100,0.81,-0.16000000000000003,2,9940
100,0.81,-0.17000000000000004,0,7220
100,0.81,-0.17000000000000004,1,9920
100,0.81,-0.17000000000000004,2,9880
100,0.81,-0.18000000000000005,0,9240
100,0.81,-0.18000000000000005,1,9830
100,0.81,-0.18000000000000005,2,9830
100,0.81,-0.19000000000000006,0,0
100,0.81,-0.19000000000000006,1,9850
100,0.81,-0.19000000000000006,2,9940
100,0.81,-0.20000000000000007,0,9950
100,0.81,-0.20000000000000007,1,9590
100,0.81,-0.20000000000000007,2,9910
100,0.81,-0.21000000000000008,0,9650
100,0.81,-0.21000000000000008,1,9910
100,0.81,-0.21000000000000008,2,2280
100,0.81,-0.22000000000000008,0,9900
100,0.81,-0.22000000000000008,1,9910
100,0.81,-0.22000000000000008,2,9780
100,0.81,-0.22999999999999998,0,9950
100,0.81,-0.22999999999999998,1,9920
100,0.81,-0.22999999999999998,2,9860
100,0.81,-0.24,0,9320
100,0.81,-0.24,1,9920
100,0.81,-0.24,2,4360
100,0.81,-0.25,0,5690
100,0.81,-0.25,1,9720
100,0.81,-0.25,2,3250
100,0.81,-0.26,0,9830
100,0.81,-0.26,1,9670
100,0.81,-0.26,2,9920
100,0.81,-0.27,0,9910
100,0.81,-0.27,1,9740
100,0.81,-0.27,2,9950
100,0.81,-0.28,0,9900
100,0.81,-0.28,1,9810
100,0.81,-0.28,2,9920
100,0.81,-0.29000000000000004,0,9790
100,0.81,-0.29000000000000004,1,9950
100,0.81,-0.29000000000000004,2,9900
100,0.81,-0.30000000000000004,0,9520
100,0.81,-0.30000000000000004,1,9950
100,0.81,-0.30000000000000004,2,9940
100,0.81,-0.31000000000000005,0,9620
100,0.81,-0.31000000000000005,1,9890
100,0.81,-0.31000000000000005,2,9880
100,0.81,-0.32000000000000006,0,9900
100,0.81,-0.32000000000000006,1,9330
100,0.81,-0.32000000000000006,2,9900
100,0.81,-0.33,0,9650
100,0.81,-0.33,1,9920
100,0.81,-0.33,2,9890
100,0.81,-0.34,0,9900
100,0.81,-0.34,1,9640
100,0.81,-0.34,2,9770
100,0.81,-0.35000000000000003,0,9890
100,0.81,-0.35000000000000003,1,9690
100,0.81,-0.35000000000000003,2,9910
100,0.81,-0.36000000000000004,0,9890
100,0.81,-0.36000000000000004,1,9860
100,0.81,-0.36000000000000004,2,9930
100,0.81,-0.37000000000000005,0,9390
100,0.81,-0.37000000000000005,1,9920
100,0.81,-0.37000000000000005,2,9950
100,0.81,-0.38000000000000006,0,9780
100,0.81,-0.38000000000000006,1,7290
100,0.81,-0.38000000000000006,2,6490
100,0.81,-0.39,0,9730
100,0.81,-0.39,1,9950
100,0.81,-0.39,2,9950
100,0.81,-0.41000000000000003,0,9840
100,0.81,-0.41000000000000003,1,9880
100,0.81,-0.41000000000000003,2,9930
100,0.81,-0.42000000000000004,0,9880
100,0.81,-0.42000000000000004,1,7120
100,0.81,-0.42000000000000004,2,9860
100,0.81,-0.43000000000000005,0,9840
100,0.81,-0.43000000000000005,1,9900
100,0.81,-0.43000000000000005,2,9950
100,0.81,-0.44000000000000006,0,8300
100,0.81,-0.44000000000000006,1,9900
100,0.81,-0.44000000000000006,2,7160
100,0.81,-0.45,0,9740
100,0.81,-0.45,1,9720
100,0.81,-0.45,2,9180
100,0.81,-0.46,0,9950
100,0.81,-0.46,1,9900
100,0.81,-0.46,2,9920
100,0.81,-0.47000000000000003,0,9670
100,0.81,-0.47000000000000003,1,9930
100,0.81,-0.47000000000000003,2,9780
100,0.81,-0.48000000000000004,0,6210
100,0.81,-0.48000000000000004,1,9920
100,0.81,-0.48000000000000004,2,9840
100,0.81,-0.49000000000000005,0,8730
100,0.81,-0.49000000000000005,1,9920
100,0.81,-0.49000000000000005,2,9910
100,0.81,-0.4,0,9930
100,0.81,-0.4,1,9880
100,0.81,-0.4,2,9920
100,0.81,-0.51,0,9880
100,0.81,-0.51,1,9940
100,0.81,-0.51,2,9930
100,0.81,-0.52,0,9910
100,0.81,-0.52,1,9860
100,0.81,-0.52,2,9930
100,0.81,-0.53,0,9860
100,0.81,-0.53,1,9820
100,0.81,-0.53,2,7040
100,0.81,-0.54,0,9920
100,0.81,-0.54,1,5560
100,0.81,-0.54,2,9940
100,0.81,-0.55,0,9910
100,0.81,-0.55,1,9930
100,0.81,-0.55,2,9950
100,0.81,-0.56,0,9940
100,0.81,-0.56,1,7890
100,0.81,-0.56,2,5480
100,0.81,-0.5700000000000001,0,9820
100,0.81,-0.5700000000000001,1,9890
100,0.81,-0.5700000000000001,2,9900
100,0.81,-0.5800000000000001,0,7650
100,0.81,-0.5800000000000001,1,9930
100,0.81,-0.5800000000000001,2,9870
100,0.81,-0.5900000000000001,0,9740
100,0.81,-0.5900000000000001,1,9930
100,0.81,-0.5900000000000001,2,9840
100,0.81,-0.5,0,9900
100,0.81,-0.5,1,9800
100,0.81,-0.5,2,7940
100,0.81,-0.6000000000000001,0,9840
100,0.81,-0.6000000000000001,1,7900
100,0.81,-0.6000000000000001,2,9790
100,0.81,-0.6100000000000001,0,9930
100,0.81,-0.6100000000000001,1,9910
100,0.81,-0.6100000000000001,2,9820
100,0.81,-0.6200000000000001,0,9920
100,0.81,-0.6200000000000001,1,9870
100,0.81,-0.6200000000000001,2,9880
100,0.81,-0.63,0,9940
100,0.81,-0.63,1,9840
100,0.81,-0.63,2,9860
100,0.81,-0.64,0,9930
100,0.81,-0.64,1,9940
100,0.81,-0.64,2,9910
100,0.81,-0.65,0,9890
100,0.81,-0.65,1,9940
100,0.81,-0.65,2,9910
100,0.81,-0.66,0,9830
100,0.81,-0.66,1,9800
100,0.81,-0.66,2,9710
100,0.81,-0.67,0,9900
100,0.81,-0.67,1,9930
100,0.81,-0.67,2,9940
100,0.81,-0.68,0,9950
100,0.81,-0.68,1,9730
100,0.81,-0.68,2,9820
100,0.81,-0.6900000000000001,0,9850
100,0.81,-0.6900000000000001,1,9790
100,0.81,-0.6900000000000001,2,9900
100,0.81,-0.7000000000000001,0,9950
100,0.81,-0.7000000000000001,1,9820
100,0.81,-0.7000000000000001,2,7970
100,0.81,-0.7100000000000001,0,7970
100,0.81,-0.7100000000000001,1,9700
100,0.81,-0.7100000000000001,2,9730
100,0.81,-0.7200000000000001,0,7920
100,0.81,-0.7200000000000001,1,9900
100,0.81,-0.7200000000000001,2,9930
100,0.81,-0.73,0,9770
100,0.81,-0.73,1,8450
100,0.81,-0.73,2,9820
100,0.81,-0.74,0,9880
100,0.81,-0.74,1,9680
100,0.81,-0.74,2,9770
100,0.81,-0.75,0,9900
100,0.81,-0.75,1,9910
100,0.81,-0.75,2,9940
100,0.81,-0.76,0,9700
100,0.81,-0.76,1,9840
100,0.81,-0.76,2,9930
100,0.81,-0.77,0,9830
100,0.81,-0.77,1,9920
100,0.81,-0.77,2,9940
100,0.81,-0.78,0,9730
100,0.81,-0.78,1,9920
100,0.81,-0.78,2,9920
100,0.81,-0.79,0,9950
100,0.81,-0.79,1,9890
100,0.81,-0.79,2,9910
100,0.81,-0.8,0,9050
100,0.81,-0.8,1,9910
100,0.81,-0.8,2,9900
100,0.81,0.010000000000000009,0,7760
100,0.81,0.010000000000000009,1,9841
100,0.81,0.010000000000000009,2,2140
100,0.81,0.020000000000000018,0,3910
100,0.81,0.020000000000000018,1,2570
100,0.81,0.020000000000000018,2,620
100,0.81,0.030000000000000027,0,2700
100,0.81,0.030000000000000027,1,1450
100,0.81,0.030000000000000027,2,50
100,0.81,0.039999999999999925,0,2060
100,0.81,0.039999999999999925,1,0
100,0.81,0.039999999999999925,2,749
100,0.81,0.04999999999999993,0,1267
100,0.81,0.04999999999999993,1,900
100,0.81,0.04999999999999993,2,30
100,0.81,0.05999999999999994,0,1370
100,0.81,0.05999999999999994,1,120
100,0.81,0.05999999999999994,2,30
100,0.81,0.06999999999999995,0,1150
100,0.81,0.06999999999999995,1,110
100,0.81,0.06999999999999995,2,20
100,0.81,0.07999999999999996,0,980
100,0.81,0.07999999999999996,1,110
100,0.81,0.07999999999999996,2,20
100,0.81,0.08999999999999997,0,870
100,0.81,0.08999999999999997,1,100
100,0.81,0.08999999999999997,2,20
100,0.81,0.09999999999999998,0,70
100,0.81,0.09999999999999998,1,90
100,0.81,0.09999999999999998,2,20
100,0.81,0.0,0,0
100,0.81,0.0,1,0
100,0.81,0.0,2,0
100,0.81,0.10999999999999999,0,70
100,0.81,0.10999999999999999,1,90
100,0.81,0.10999999999999999,2,20
100,0.81,0.12,0,70
100,0.81,0.12,1,90
100,0.81,0.12,2,20
100,0.81,0.13,0,60
100,0.81,0.13,1,90
100,0.81,0.13,2,10
100,0.81,0.14,0,60
100,0.81,0.14,1,30
100,0.81,0.14,2,10
100,0.81,0.15000000000000002,0,60
100,0.81,0.15000000000000002,1,90
100,0.81,0.15000000000000002,2,10
100,0.81,0.15999999999999992,0,50
100,0.81,0.15999999999999992,1,80
100,0.81,0.15999999999999992,2,10
100,0.81,0.16999999999999993,0,50
100,0.81,0.16999999999999993,1,80
100,0.81,0.16999999999999993,2,10
100,0.81,0.17999999999999994,0,50
100,0.81,0.17999999999999994,1,0
100,0.81,0.17999999999999994,2,10
100,0.81,0.18999999999999995,0,50
100,0.81,0.18999999999999995,1,0
100,0.81,0.18999999999999995,2,10
100,0.81,0.2,0,40
100,0.81,0.2,1,0
100,0.81,0.2,2,10
100,0.8200000000000001,-0.010000000000000009,0,0
100,0.8200000000000001,-0.010000000000000009,1,0
100,0.8200000000000001,-0.010000000000000009,2,0
100,0.8200000000000001,-0.020000000000000018,0,0
100,0.8200000000000001,-0.020000000000000018,1,0
100,0.8200000000000001,-0.020000000000000018,2,0
100,0.8200000000000001,-0.030000000000000027,0,6000
100,0.8200000000000001,-0.030000000000000027,1,9200
100,0.8200000000000001,-0.030000000000000027,2,0
100,0.8200000000000001,-0.040000000000000036,0,4820
100,0.8200000000000001,-0.040000000000000036,1,50
100,0.8200000000000001,-0.040000000000000036,2,0
100,0.8200000000000001,-0.050000000000000044,0,0
100,0.8200000000000001,-0.050000000000000044,1,9810
100,0.8200000000000001,-0.050000000000000044,2,0
100,0.8200000000000001,-0.06000000000000005,0,7400
100,0.8200000000000001,-0.06000000000000005,1,9910
100,0.8200000000000001,-0.06000000000000005,2,4790
100,0.8200000000000001,-0.07000000000000006,0,4320
100,0.8200000000000001,-0.07000000000000006,1,50
100,0.8200000000000001,-0.07000000000000006,2,9940
100,0.8200000000000001,-0.08000000000000007,0,5490
100,0.8200000000000001,-0.08000000000000007,1,9900
100,0.8200000000000001,-0.08000000000000007,2,8350
100,0.8200000000000001,-0.09000000000000008,0,0
100,0.8200000000000001,-0.09000000000000008,1,9930
100,0.8200000000000001,-0.09000000000000008,2,3910
100,0.8200000000000001,-0.09999999999999998,0,9510
100,0.8200000000000001,-0.09999999999999998,1,9930
100,0.8200000000000001,-0.09999999999999998,2,8940
100,0.8200000000000001,-0.10999999999999999,0,9720
100,0.8200000000000001,-0.10999999999999999,1,9610
100,0.8200000000000001,-0.10999999999999999,2,6020
100,0.8200000000000001,-0.12,0,9370
100,0.8200000000000001,-0.12,1,9850
100,0.8200000000000001,-0.12,2,9430
100,0.8200000000000001,-0.13,0,9940
100,0.8200000000000001,-0.13,1,9880
100,0.8200000000000001,-0.13,2,0
100,0.8200000000000001,-0.14,0,9810
100,0.8200000000000001,-0.14,1,9830
100,0.8200000000000001,-0.14,2,3010
100,0.8200000000000001,-0.15000000000000002,0,9840
100,0.8200000000000001,-0.15000000000000002,1,9780
100,0.8200000000000001,-0.15000000000000002,2,9840
100,0.8200000000000001,-0.16000000000000003,0,5170
100,0.8200000000000001,-0.16000000000000003,1,9600
100,0.8200000000000001,-0.16000000000000003,2,9940
100,0.8200000000000001,-0.17000000000000004,0,9850
100,0.8200000000000001,-0.17000000000000004,1,9900
100,0.8200000000000001,-0.17000000000000004,2,9800
100,0.8200000000000001,-0.18000000000000005,0,9860
100,0.8200000000000001,-0.18000000000000005,1,9860
100,0.8200000000000001,-0.18000000000000005,2,9510
100,0.8200000000000001,-0.19000000000000006,0,9610
100,0.8200000000000001,-0.19000000000000006,1,9900
100,0.8200000000000001,-0.19000000000000006,2,9630
100,0.8200000000000001,-0.20000000000000007,0,9360
100,0.8200000000000001,-0.20000000000000007,1,9660
100,0.8200000000000001,-0.20000000000000007,2,9940
100,0.8200000000000001,-0.21000000000000008,0,9930
100,0.8200000000000001,-0.21000000000000008,1,9850
100,0.8200000000000001,-0.21000000000000008,2,7770
100,0.8200000000000001,-0.22000000000000008,0,9920
100,0.8200000000000001,-0.22000000000000008,1,9690
100,0.8200000000000001,-0.22000000000000008,2,9800
100,0.8200000000000001,-0.22999999999999998,0,9910
100,0.8200000000000001,-0.22999999999999998,1,9720
100,0.8200000000000001,-0.22999999999999998,2,0
100,0.8200000000000001,-0.24,0,8020
100,0.8200000000000001,-0.24,1,9820
100,0.8200000000000001,-0.24,2,9880
100,0.8200000000000001,-0.25,0,9780
100,0.8200000000000001,-0.25,1,9810
100,0.8200000000000001,-0.25,2,6960
100,0.8200000000000001,-0.26,0,7600
100,0.8200000000000001,-0.26,1,9760
100,0.8200000000000001,-0.26,2,9300
100,0.8200000000000001,-0.27,0,7320
100,0.8200000000000001,-0.27,1,9900
100,0.8200000000000001,-0.27,2,7330
100,0.8200000000000001,-0.28,0,9720
100,0.8200000000000001,-0.28,1,9910
100,0.8200000000000001,-0.28,2,9890
100,0.8200000000000001,-0.29000000000000004,0,9900
100,0.8200000000000001,-0.29000000000000004,1,9860
100,0.8200000000000001,-0.29000000000000004,2,9930
100,0.8200000000000001,-0.30000000000000004,0,9920
100,0.8200000000000001,-0.30000000000000004,1,9730
100,0.8200000000000001,-0.30000000000000004,2,8140
100,0.8200000000000001,-0.31000000000000005,0,9880
100,0.8200000000000001,-0.31000000000000005,1,9790
100,0.8200000000000001,-0.31000000000000005,2,9900
100,0.8200000000000001,-0.32000000000000006,0,9900
100,0.8200000000000001,-0.32000000000000006,1,7470
100,0.8200000000000001,-0.32000000000000006,2,7760
100,0.8200000000000001,-0.33,0,9940
100,0.8200000000000001,-0.33,1,9920
100,0.8200000000000001,-0.33,2,9620
100,0.8200000000000001,-0.34,0,9850
100,0.8200000000000001,-0.34,1,9940
100,0.8200000000000001,-0.34,2,9920
100,0.8200000000000001,-0.35000000000000003,0,9890
100,0.8200000000000001,-0.35000000000000003,1,9790
100,0.8200000000000001,-0.35000000000000003,2,9900
100,0.8200000000000001,-0.36000000000000004,0,9920
100,0.8200000000000001,-0.36000000000000004,1,7620
100,0.8200000000000001,-0.36000000000000004,2,9930
100,0.8200000000000001,-0.37000000000000005,0,9910
100,0.8200000000000001,-0.37000000000000005,1,9920
100,0.8200000000000001,-0.37000000000000005,2,9920
100,0.8200000000000001,-0.38000000000000006,0,9920
100,0.8200000000000001,-0.38000000000000006,1,9750
100,0.8200000000000001,-0.38000000000000006,2,9910
100,0.8200000000000001,-0.39,0,7570
100,0.8200000000000001,-0.39,1,7880
100,0.8200000000000001,-0.39,2,9880
100,0.8200000000000001,-0.41000000000000003,0,9860
100,0.8200000000000001,-0.41000000000000003,1,9860
100,0.8200000000000001,-0.41000000000000003,2,9930
100,0.8200000000000001,-0.42000000000000004,0,9930
100,0.8200000000000001,-0.42000000000000004,1,9880
100,0.8200000000000001,-0.42000000000000004,2,9900
100,0.8200000000000001,-0.43000000000000005,0,9660
100,0.8200000000000001,-0.43000000000000005,1,9910
100,0.8200000000000001,-0.43000000000000005,2,6790
100,0.8200000000000001,-0.44000000000000006,0,9920
100,0.8200000000000001,-0.44000000000000006,1,9910
100,0.8200000000000001,-0.44000000000000006,2,7720
100,0.8200000000000001,-0.45,0,9940
100,0.8200000000000001,-0.45,1,9920
100,0.8200000000000001,-0.45,2,6150
100,0.8200000000000001,-0.46,0,9840
100,0.8200000000000001,-0.46,1,6750
100,0.8200000000000001,-0.46,2,9770
100,0.8200000000000001,-0.47000000000000003,0,9950
100,0.8200000000000001,-0.47000000000000003,1,8040
100,0.8200000000000001,-0.47000000000000003,2,7840
100,0.8200000000000001,-0.48000000000000004,0,9830
100,0.8200000000000001,-0.48000000000000004,1,9940
100,0.8200000000000001,-0.48000000000000004,2,9900
100,0.8200000000000001,-0.49000000000000005,0,9830
100,0.8200000000000001,-0.49000000000000005,1,9900
100,0.8200000000000001,-0.49000000000000005,2,6920
100,0.8200000000000001,-0.4,0,7100
100,0.8200000000000001,-0.4,1,9880
100,0.8200000000000001,-0.4,2,9910
100,0.8200000000000001,-0.51,0,9680
100,0.8200000000000001,-0.51,1,9920
100,0.8200000000000001,-0.51,2,6820
100,0.8200000000000001,-0.52,0,7860
100,0.8200000000000001,-0.52,1,7180
100,0.8200000000000001,-0.52,2,9940
100,0.8200000000000001,-0.53,0,9900
100,0.8200000000000001,-0.53,1,7570
100,0.8200000000000001,-0.53,2,9920
100,0.8200000000000001,-0.54,0,9950
100,0.8200000000000001,-0.54,1,9890
100,0.8200000000000001,-0.54,2,8750
100,0.8200000000000001,-0.55,0,9910
100,0.8200000000000001,-0.55,1,9890
100,0.8200000000000001,-0.55,2,9920
100,0.8200000000000001,-0.56,0,9950
100,0.8200000000000001,-0.56,1,6640
100,0.8200000000000001,-0.56,2,9860
100,0.8200000000000001,-0.5700000000000001,0,9760
100,0.8200000000000001,-0.5700000000000001,1,9820
100,0.8200000000000001,-0.5700000000000001,2,9930
100,0.8200000000000001,-0.5800000000000001,0,9920
100,0.8200000000000001,-0.5800000000000001,1,9770
100,0.8200000000000001,-0.5800000000000001,2,9930
100,0.8200000000000001,-0.5900000000000001,0,9880
100,0.8200000000000001,-0.5900000000000001,1,6780
100,0.8200000000000001,-0.5900000000000001,2,9890
100,0.8200000000000001,-0.5,0,9930
100,0.8200000000000001,-0.5,1,6670
100,0.8200000000000001,-0.5,2,9930
100,0.8200000000000001,-0.6000000000000001,0,9010
100,0.8200000000000001,-0.6000000000000001,1,9750
100,0.8200000000000001,-0.6000000000000001,2,9950
100,0.8200000000000001,-0.6100000000000001,0,9880
100,0.8200000000000001,-0.6100000000000001,1,9890
100,0.8200000000000001,-0.6100000000000001,2,9510
100,0.8200000000000001,-0.6200000000000001,0,9880
100,0.8200000000000001,-0.6200000000000001,1,9920
100,0.8200000000000001,-0.6200000000000001,2,9940
100,0.8200000000000001,-0.63,0,9940
100,0.8200000000000001,-0.63,1,9910
100,0.8200000000000001,-0.63,2,9920
100,0.8200000000000001,-0.64,0,9940
100,0.8200000000000001,-0.64,1,9930
100,0.8200000000000001,-0.64,2,9940
100,0.8200000000000001,-0.65,0,9590
100,0.8200000000000001,-0.65,1,9930
100,0.8200000000000001,-0.65,2,7950
100,0.8200000000000001,-0.66,0,7190
100,0.8200000000000001,-0.66,1,9920
100,0.8200000000000001,-0.66,2,9940
100,0.8200000000000001,-0.67,0,9920
100,0.8200000000000001,-0.67,1,9700
100,0.8200000000000001,-0.67,2,9890
100,0.8200000000000001,-0.68,0,8290
100,0.8200000000000001,-0.68,1,9930
100,0.8200000000000001,-0.68,2,9890
100,0.8200000000000001,-0.6900000000000001,0,7250
100,0.8200000000000001,-0.6900000000000001,1,9940
100,0.8200000000000001,-0.6900000000000001,2,9570
100,0.8200000000000001,-0.7000000000000001,0,8130
100,0.8200000000000001,-0.7000000000000001,1,9920
100,0.8200000000000001,-0.7000000000000001,2,9940
100,0.8200000000000001,-0.7100000000000001,0,9940
100,0.8200000000000001,-0.7100000000000001,1,9720
100,0.8200000000000001,-0.7100000000000001,2,9760
100,0.8200000000000001,-0.7200000000000001,0,6080
100,0.8200000000000001,-0.7200000000000001,1,9940
100,0.8200000000000001,-0.7200000000000001,2,9880
100,0.8200000000000001,-0.73,0,9880
100,0.8200000000000001,-0.73,1,9820
100,0.8200000000000001,-0.73,2,9730
100,0.8200000000000001,-0.74,0,9940
100,0.8200000000000001,-0.74,1,9650
100,0.8200000000000001,-0.74,2,9860
100,0.8200000000000001,-0.75,0,9940
100,0.8200000000000001,-0.75,1,9570
100,0.8200000000000001,-0.75,2,9890
100,0.8200000000000001,-0.76,0,9860
100,0.8200000000000001,-0.76,1,9930
100,0.8200000000000001,-0.76,2,9870
100,0.8200000000000001,-0.77,0,9900
100,0.8200000000000001,-0.77,1,9680
100,0.8200000000000001,-0.77,2,9920
100,0.8200000000000001,-0.78,0,9910
100,0.8200000000000001,-0.78,1,9930
100,0.8200000000000001,-0.78,2,9800
100,0.8200000000000001,-0.79,0,9670
100,0.8200000000000001,-0.79,1,9880
100,0.8200000000000001,-0.79,2,9760
100,0.8200000000000001,-0.8,0,9900
100,0.8200000000000001,-0.8,1,9260
100,0.8200000000000001,-0.8,2,5050
100,0.8200000000000001,0.010000000000000009,0,8030
100,0.8200000000000001,0.010000000000000009,1,9848
100,0.8200000000000001,0.010000000000000009,2,2140
100,0.8200000000000001,0.020000000000000018,0,4060
100,0.8200000000000001,0.020000000000000018,1,2590
100,0.8200000000000001,0.020000000000000018,2,620
100,0.8200000000000001,0.030000000000000027,0,2800
100,0.8200000000000001,0.030000000000000027,1,1470
100,0.8200000000000001,0.030000000000000027,2,50
100,0.8200000000000001,0.039999999999999925,0,2140
100,0.8200000000000001,0.039999999999999925,1,940
100,0.8200000000000001,0.039999999999999925,2,40
100,0.8200000000000001,0.04999999999999993,0,1700
100,0.8200000000000001,0.04999999999999993,1,660
100,0.8200000000000001,0.04999999999999993,2,30
100,0.8200000000000001,0.05999999999999994,0,1420
100,0.8200000000000001,0.05999999999999994,1,120
100,0.8200000000000001,0.05999999999999994,2,30
100,0.8200000000000001,0.06999999999999995,0,1200
100,0.8200000000000001,0.06999999999999995,1,110
100,0.8200000000000001,0.06999999999999995,2,30
100,0.8200000000000001,0.07999999999999996,0,1020
100,0.8200000000000001,0.07999999999999996,1,110
100,0.8200000000000001,0.07999999999999996,2,20
100,0.8200000000000001,0.08999999999999997,0,890
100,0.8200000000000001,0.08999999999999997,1,100
100,0.8200000000000001,0.08999999999999997,2,20
100,0.8200000000000001,0.09999999999999998,0,70
100,0.8200000000000001,0.09999999999999998,1,90
100,0.8200000000000001,0.09999999999999998,2,20
100,0.8200000000000001,0.0,0,0
100,0.8200000000000001,0.0,1,0
100,0.8200000000000001,0.0,2,0
100,0.8200000000000001,0.10999999999999999,0,70
100,0.8200000000000001,0.10999999999999999,1,90
100,0.8200000000000001,0.10999999999999999,2,20
100,0.8200000000000001,0.12,0,70
100,0.8200000000000001,0.12,1,90
100,0.8200000000000001,0.12,2,20
100,0.8200000000000001,0.13,0,60
100,0.8200000000000001,0.13,1,90
100,0.8200000000000001,0.13,2,10
100,0.8200000000000001,0.14,0,60
100,0.8200000000000001,0.14,1,80
100,0.8200000000000001,0.14,2,10
100,0.8200000000000001,0.15000000000000002,0,50
100,0.8200000000000001,0.15000000000000002,1,30
100,0.8200000000000001,0.15000000000000002,2,10
100,0.8200000000000001,0.15999999999999992,0,50
100,0.8200000000000001,0.15999999999999992,1,80
100,0.8200000000000001,0.15999999999999992,2,10
100,0.8200000000000001,0.16999999999999993,0,50
100,0.8200000000000001,0.16999999999999993,1,80
100,0.8200000000000001,0.16999999999999993,2,10
100,0.8200000000000001,0.17999999999999994,0,50
100,0.8200000000000001,0.17999999999999994,1,0
100,0.8200000000000001,0.17999999999999994,2,10
100,0.8200000000000001,0.18999999999999995,0,50
100,0.8200000000000001,0.18999999999999995,1,0
100,0.8200000000000001,0.18999999999999995,2,10
100,0.8200000000000001,0.2,0,40
100,0.8200000000000001,0.2,1,0
100,0.8200000000000001,0.2,2,10
100,0.8300000000000001,-0.010000000000000009,0,0
100,0.8300000000000001,-0.010000000000000009,1,0
100,0.8300000000000001,-0.010000000000000009,2,0
100,0.8300000000000001,-0.020000000000000018,0,0
100,0.8300000000000001,-0.020000000000000018,1,0
100,0.8300000000000001,-0.020000000000000018,2,0
100,0.8300000000000001,-0.030000000000000027,0,0
100,0.8300000000000001,-0.030000000000000027,1,0
100,0.8300000000000001,-0.030000000000000027,2,4410
100,0.8300000000000001,-0.040000000000000036,0,9860
100,0.8300000000000001,-0.040000000000000036,1,0
100,0.8300000000000001,-0.040000000000000036,2,0
100,0.8300000000000001,-0.050000000000000044,0,0
100,0.8300000000000001,-0.050000000000000044,1,50
100,0.8300000000000001,-0.050000000000000044,2,5790
100,0.8300000000000001,-0.06000000000000005,0,3360
100,0.8300000000000001,-0.06000000000000005,1,7730
100,0.8300000000000001,-0.06000000000000005,2,9780
100,0.8300000000000001,-0.07000000000000006,0,0
100,0.8300000000000001,-0.07000000000000006,1,9080
100,0.8300000000000001,-0.07000000000000006,2,9440
100,0.8300000000000001,-0.08000000000000007,0,0
100,0.8300000000000001,-0.08000000000000007,1,9650
100,0.8300000000000001,-0.08000000000000007,2,9890
100,0.8300000000000001,-0.09000000000000008,0,7150
100,0.8300000000000001,-0.09000000000000008,1,9440
100,0.8300000000000001,-0.09000000000000008,2,9940
100,0.8300000000000001,-0.09999999999999998,0,9920
100,0.8300000000000001,-0.09999999999999998,1,9680
100,0.8300000000000001,-0.09999999999999998,2,0
100,0.8300000000000001,-0.10999999999999999,0,4870
100,0.8300000000000001,-0.10999999999999999,1,8850
100,0.8300000000000001,-0.10999999999999999,2,9440
100,0.8300000000000001,-0.12,0,0
100,0.8300000000000001,-0.12,1,9900
100,0.8300000000000001,-0.12,2,9420
100,0.8300000000000001,-0.13,0,9840
100,0.8300000000000001,-0.13,1,9770
100,0.8300000000000001,-0.13,2,6620
100,0.8300000000000001,-0.14,0,9790
100,0.8300000000000001,-0.14,1,9900
100,0.8300000000000001,-0.14,2,9720
100,0.8300000000000001,-0.15000000000000002,0,9900
100,0.8300000000000001,-0.15000000000000002,1,9920
100,0.8300000000000001,-0.15000000000000002,2,9800
100,0.8300000000000001,-0.16000000000000003,0,9700
100,0.8300000000000001,-0.16000000000000003,1,7000
100,0.8300000000000001,-0.16000000000000003,2,7320
100,0.8300000000000001,-0.17000000000000004,0,9320
100,0.8300000000000001,-0.17000000000000004,1,9920
100,0.8300000000000001,-0.17000000000000004,2,9840
100,0.8300000000000001,-0.18000000000000005,0,9460
100,0.8300000000000001,-0.18000000000000005,1,9590
100,0.8300000000000001,-0.18000000000000005,2,8940
100,0.8300000000000001,-0.19000000000000006,0,9610
100,0.8300000000000001,-0.19000000000000006,1,9890
100,0.8300000000000001,-0.19000000000000006,2,9820
100,0.8300000000000001,-0.20000000000000007,0,9940
100,0.8300000000000001,-0.20000000000000007,1,9920
100,0.8300000000000001,-0.20000000000000007,2,1940
100,0.8300000000000001,-0.21000000000000008,0,9880
100,0.8300000000000001,-0.21000000000000008,1,9920
100,0.8300000000000001,-0.21000000000000008,2,9800
100,0.8300000000000001,-0.22000000000000008,0,9860
100,0.8300000000000001,-0.22000000000000008,1,9850
100,0.8300000000000001,-0.22000000000000008,2,9920
100,0.8300000000000001,-0.22999999999999998,0,6880
100,0.8300000000000001,-0.22999999999999998,1,9930
100,0.8300000000000001,-0.22999999999999998,2,0
100,0.8300000000000001,-0.24,0,9640
100,0.8300000000000001,-0.24,1,9750
100,0.8300000000000001,-0.24,2,9920
100,0.8300000000000001,-0.25,0,9910
100,0.8300000000000001,-0.25,1,9820
100,0.8300000000000001,-0.25,2,9940
100,0.8300000000000001,-0.26,0,9920
100,0.8300000000000001,-0.26,1,9790
100,0.8300000000000001,-0.26,2,8040
100,0.8300000000000001,-0.27,0,9720
100,0.8300000000000001,-0.27,1,9820
100,0.8300000000000001,-0.27,2,9600
100,0.8300000000000001,-0.28,0,9550
100,0.8300000000000001,-0.28,1,9810
100,0.8300000000000001,-0.28,2,7520
100,0.8300000000000001,-0.29000000000000004,0,8300
100,0.8300000000000001,-0.29000000000000004,1,9120
100,0.8300000000000001,-0.29000000000000004,2,9870
100,0.8300000000000001,-0.30000000000000004,0,9880
100,0.8300000000000001,-0.30000000000000004,1,9900
100,0.8300000000000001,-0.30000000000000004,2,9890
100,0.8300000000000001,-0.31000000000000005,0,6480
100,0.8300000000000001,-0.31000000000000005,1,8430
100,0.8300000000000001,-0.31000000000000005,2,9870
100,0.8300000000000001,-0.32000000000000006,0,9800
100,0.8300000000000001,-0.32000000000000006,1,9890
100,0.8300000000000001,-0.32000000000000006,2,9880
100,0.8300000000000001,-0.33,0,9690
100,0.8300000000000001,-0.33,1,9910
100,0.8300000000000001,-0.33,2,9890
100,0.8300000000000001,-0.34,0,7940
100,0.8300000000000001,-0.34,1,9860
100,0.8300000000000001,-0.34,2,6860
100,0.8300000000000001,-0.35000000000000003,0,9940
100,0.8300000000000001,-0.35000000000000003,1,9470
100,0.8300000000000001,-0.35000000000000003,2,9780
100,0.8300000000000001,-0.36000000000000004,0,9930
100,0.8300000000000001,-0.36000000000000004,1,9940
100,0.8300000000000001,-0.36000000000000004,2,7350
100,0.8300000000000001,-0.37000000000000005,0,9860
100,0.8300000000000001,-0.37000000000000005,1,9820
100,0.8300000000000001,-0.37000000000000005,2,9090
100,0.8300000000000001,-0.38000000000000006,0,9840
100,0.8300000000000001,-0.38000000000000006,1,6750
100,0.8300000000000001,-0.38000000000000006,2,9790
100,0.8300000000000001,-0.39,0,8920
100,0.8300000000000001,-0.39,1,9860
100,0.8300000000000001,-0.39,2,7870
100,0.8300000000000001,-0.41000000000000003,0,9890
100,0.8300000000000001,-0.41000000000000003,1,5040
100,0.8300000000000001,-0.41000000000000003,2,9890
100,0.8300000000000001,-0.42000000000000004,0,9830
100,0.8300000000000001,-0.42000000000000004,1,9930
100,0.8300000000000001,-0.42000000000000004,2,6850
100,0.8300000000000001,-0.43000000000000005,0,9890
100,0.8300000000000001,-0.43000000000000005,1,9930
100,0.8300000000000001,-0.43000000000000005,2,9940
100,0.8300000000000001,-0.44000000000000006,0,7740
100,0.8300000000000001,-0.44000000000000006,1,9900
100,0.8300000000000001,-0.44000000000000006,2,8030
100,0.8300000000000001,-0.45,0,7330
100,0.8300000000000001,-0.45,1,6440
100,0.8300000000000001,-0.45,2,9810
100,0.8300000000000001,-0.46,0,9920
100,0.8300000000000001,-0.46,1,9916
100,0.8300000000000001,-0.46,2,9750
100,0.8300000000000001,-0.47000000000000003,0,9910
100,0.8300000000000001,-0.47000000000000003,1,9950
100,0.8300000000000001,-0.47000000000000003,2,9900
100,0.8300000000000001,-0.48000000000000004,0,9900
100,0.8300000000000001,-0.48000000000000004,1,9830
100,0.8300000000000001,-0.48000000000000004,2,9860
100,0.8300000000000001,-0.49000000000000005,0,9910
100,0.8300000000000001,-0.49000000000000005,1,8690
100,0.8300000000000001,-0.49000000000000005,2,8280
100,0.8300000000000001,-0.4,0,9940
100,0.8300000000000001,-0.4,1,7700
100,0.8300000000000001,-0.4,2,9940
100,0.8300000000000001,-0.51,0,9930
100,0.8300000000000001,-0.51,1,9790
100,0.8300000000000001,-0.51,2,9930
100,0.8300000000000001,-0.52,0,9940
100,0.8300000000000001,-0.52,1,9870
100,0.8300000000000001,-0.52,2,9780
100,0.8300000000000001,-0.53,0,9950
100,0.8300000000000001,-0.53,1,9890
100,0.8300000000000001,-0.53,2,8230
100,0.8300000000000001,-0.54,0,9900
100,0.8300000000000001,-0.54,1,9850
100,0.8300000000000001,-0.54,2,9830
100,0.8300000000000001,-0.55,0,9840
100,0.8300000000000001,-0.55,1,9710
100,0.8300000000000001,-0.55,2,9900
100,0.8300000000000001,-0.56,0,8240
100,0.8300000000000001,-0.56,1,8180
100,0.8300000000000001,-0.56,2,9610
100,0.8300000000000001,-0.5700000000000001,0,9950
100,0.8300000000000001,-0.5700000000000001,1,7630
100,0.8300000000000001,-0.5700000000000001,2,9770
100,0.8300000000000001,-0.5800000000000001,0,9880
100,0.8300000000000001,-0.5800000000000001,1,9940
100,0.8300000000000001,-0.5800000000000001,2,9940
100,0.8300000000000001,-0.5900000000000001,0,9900
100,0.8300000000000001,-0.5900000000000001,1,9870
100,0.8300000000000001,-0.5900000000000001,2,9800
100,0.8300000000000001,-0.5,0,7440
100,0.8300000000000001,-0.5,1,9920
100,0.8300000000000001,-0.5,2,9860
100,0.8300000000000001,-0.6000000000000001,0,9940
100,0.8300000000000001,-0.6000000000000001,1,9830
100,0.8300000000000001,-0.6000000000000001,2,9810
100,0.8300000000000001,-0.6100000000000001,0,9910
100,0.8300000000000001,-0.6100000000000001,1,9940
100,0.8300000000000001,-0.6100000000000001,2,9940
100,0.8300000000000001,-0.6200000000000001,0,9730
100,0.8300000000000001,-0.6200000000000001,1,9940
100,0.8300000000000001,-0.6200000000000001,2,9820
100,0.8300000000000001,-0.63,0,8960
100,0.8300000000000001,-0.63,1,9930
100,0.8300000000000001,-0.63,2,9930
100,0.8300000000000001,-0.64,0,9760
100,0.8300000000000001,-0.64,1,9930
100,0.8300000000000001,-0.64,2,9920
100,0.8300000000000001,-0.65,0,9930
100,0.8300000000000001,-0.65,1,9890
100,0.8300000000000001,-0.65,2,9820
100,0.8300000000000001,-0.66,0,9940
100,0.8300000000000001,-0.66,1,9930
100,0.8300000000000001,-0.66,2,9900
100,0.8300000000000001,-0.67,0,9770
100,0.8300000000000001,-0.67,1,9920
100,0.8300000000000001,-0.67,2,9930
100,0.8300000000000001,-0.68,0,9950
100,0.8300000000000001,-0.68,1,9870
100,0.8300000000000001,-0.68,2,9890
100,0.8300000000000001,-0.6900000000000001,0,9920
100,0.8300000000000001,-0.6900000000000001,1,9910
100,0.8300000000000001,-0.6900000000000001,2,9860
100,0.8300000000000001,-0.7000000000000001,0,9890
100,0.8300000000000001,-0.7000000000000001,1,9890
100,0.8300000000000001,-0.7000000000000001,2,9930
100,0.8300000000000001,-0.7100000000000001,0,9880
100,0.8300000000000001,-0.7100000000000001,1,9930
100,0.8300000000000001,-0.7100000000000001,2,9890
100,0.8300000000000001,-0.7200000000000001,0,9930
100,0.8300000000000001,-0.7200000000000001,1,9850
100,0.8300000000000001,-0.7200000000000001,2,9910
100,0.8300000000000001,-0.73,0,9930
100,0.8300000000000001,-0.73,1,9930
100,0.8300000000000001,-0.73,2,9950
100,0.8300000000000001,-0.74,0,7430
100,0.8300000000000001,-0.74,1,7600
100,0.8300000000000001,-0.74,2,9910
100,0.8300000000000001,-0.75,0,9930
100,0.8300000000000001,-0.75,1,9910
100,0.8300000000000001,-0.75,2,9940
100,0.8300000000000001,-0.76,0,9940
100,0.8300000000000001,-0.76,1,9850
100,0.8300000000000001,-0.76,2,9910
100,0.8300000000000001,-0.77,0,9800
100,0.8300000000000001,-0.77,1,9920
100,0.8300000000000001,-0.77,2,9410
100,0.8300000000000001,-0.78,0,9730
100,0.8300000000000001,-0.78,1,9490
100,0.8300000000000001,-0.78,2,9920
100,0.8300000000000001,-0.79,0,9900
100,0.8300000000000001,-0.79,1,9880
100,0.8300000000000001,-0.79,2,9780
100,0.8300000000000001,-0.8,0,9730
100,0.8300000000000001,-0.8,1,9940
100,0.8300000000000001,-0.8,2,9620
100,0.8300000000000001,0.010000000000000009,0,8360
100,0.8300000000000001,0.010000000000000009,1,9809
100,0.8300000000000001,0.010000000000000009,2,2150
100,0.8300000000000001,0.020000000000000018,0,4230
100,0.8300000000000001,0.020000000000000018,1,2650
100,0.8300000000000001,0.020000000000000018,2,620
100,0.8300000000000001,0.030000000000000027,0,2920
100,0.8300000000000001,0.030000000000000027,1,1480
100,0.8300000000000001,0.030000000000000027,2,50
100,0.8300000000000001,0.039999999999999925,0,2210
100,0.8300000000000001,0.039999999999999925,1,950
100,0.8300000000000001,0.039999999999999925,2,40
100,0.8300000000000001,0.04999999999999993,0,1770
100,0.8300000000000001,0.04999999999999993,1,660
100,0.8300000000000001,0.04999999999999993,2,30
100,0.8300000000000001,0.05999999999999994,0,1480
100,0.8300000000000001,0.05999999999999994,1,120
100,0.8300000000000001,0.05999999999999994,2,30
100,0.8300000000000001,0.06999999999999995,0,1250
100,0.8300000000000001,0.06999999999999995,1,110
100,0.8300000000000001,0.06999999999999995,2,30
100,0.8300000000000001,0.07999999999999996,0,1070
100,0.8300000000000001,0.07999999999999996,1,110
100,0.8300000000000001,0.07999999999999996,2,20
100,0.8300000000000001,0.08999999999999997,0,930
100,0.8300000000000001,0.08999999999999997,1,100
100,0.8300000000000001,0.08999999999999997,2,20
100,0.8300000000000001,0.09999999999999998,0,70
100,0.8300000000000001,0.09999999999999998,1,90
100,0.8300000000000001,0.09999999999999998,2,20
100,0.8300000000000001,0.0,0,0
100,0.8300000000000001,0.0,1,0
100,0.8300000000000001,0.0,2,0
100,0.8300000000000001,0.10999999999999999,0,70
100,0.8300000000000001,0.10999999999999999,1,90
100,0.8300000000000001,0.10999999999999999,2,20
100,0.8300000000000001,0.12,0,70
100,0.8300000000000001,0.12,1,90
100,0.8300000000000001,0.12,2,20
100,0.8300000000000001,0.13,0,60
100,0.8300000000000001,0.13,1,90
100,0.8300000000000001,0.13,2,10
100,0.8300000000000001,0.14,0,60
100,0.8300000000000001,0.14,1,30
100,0.8300000000000001,0.14,2,10
100,0.8300000000000001,0.15000000000000002,0,60
100,0.8300000000000001,0.15000000000000002,1,30
100,0.8300000000000001,0.15000000000000002,2,10
100,0.8300000000000001,0.15999999999999992,0,50
100,0.8300000000000001,0.15999999999999992,1,0
100,0.8300000000000001,0.15999999999999992,2,10
100,0.8300000000000001,0.16999999999999993,0,50
100,0.8300000000000001,0.16999999999999993,1,0
100,0.8300000000000001,0.16999999999999993,2,10
100,0.8300000000000001,0.17999999999999994,0,50
100,0.8300000000000001,0.17999999999999994,1,0
100,0.8300000000000001,0.17999999999999994,2,10
100,0.8300000000000001,0.18999999999999995,0,50
100,0.8300000000000001,0.18999999999999995,1,0
100,0.8300000000000001,0.18999999999999995,2,10
100,0.8300000000000001,0.2,0,40
100,0.8300000000000001,0.2,1,0
100,0.8300000000000001,0.2,2,10
100,0.84,-0.010000000000000009,0,0
100,0.84,-0.010000000000000009,1,0
100,0.84,-0.010000000000000009,2,0
100,0.84,-0.020000000000000018,0,0
100,0.84,-0.020000000000000018,1,0
100,0.84,-0.020000000000000018,2,0
100,0.84,-0.030000000000000027,0,0
100,0.84,-0.030000000000000027,1,0
100,0.84,-0.030000000000000027,2,5330
100,0.84,-0.040000000000000036,0,0
100,0.84,-0.040000000000000036,1,0
100,0.84,-0.040000000000000036,2,0
100,0.84,-0.050000000000000044,0,9890
100,0.84,-0.050000000000000044,1,50
100,0.84,-0.050000000000000044,2,9920
100,0.84,-0.06000000000000005,0,9420
100,0.84,-0.06000000000000005,1,9830
100,0.84,-0.06000000000000005,2,5510
100,0.84,-0.07000000000000006,0,9800
100,0.84,-0.07000000000000006,1,9830
100,0.84,-0.07000000000000006,2,9910
100,0.84,-0.08000000000000007,0,0
100,0.84,-0.08000000000000007,1,8620
100,0.84,-0.08000000000000007,2,9660
100,0.84,-0.09000000000000008,0,9860
100,0.84,-0.09000000000000008,1,9920
100,0.84,-0.09000000000000008,2,4630
100,0.84,-0.09999999999999998,0,9900
100,0.84,-0.09999999999999998,1,9760
100,0.84,-0.09999999999999998,2,9740
100,0.84,-0.10999999999999999,0,9500
100,0.84,-0.10999999999999999,1,9440
100,0.84,-0.10999999999999999,2,5880
100,0.84,-0.12,0,3870
100,0.84,-0.12,1,9880
100,0.84,-0.12,2,9570
100,0.84,-0.13,0,9700
100,0.84,-0.13,1,9850
100,0.84,-0.13,2,9270
100,0.84,-0.14,0,4320
100,0.84,-0.14,1,9930
100,0.84,-0.14,2,9940
100,0.84,-0.15000000000000002,0,4500
100,0.84,-0.15000000000000002,1,9870
100,0.84,-0.15000000000000002,2,9800
100,0.84,-0.16000000000000003,0,9800
100,0.84,-0.16000000000000003,1,9330
100,0.84,-0.16000000000000003,2,9770
100,0.84,-0.17000000000000004,0,9890
100,0.84,-0.17000000000000004,1,9790
100,0.84,-0.17000000000000004,2,5290
100,0.84,-0.18000000000000005,0,9180
100,0.84,-0.18000000000000005,1,9630
100,0.84,-0.18000000000000005,2,0
100,0.84,-0.19000000000000006,0,9620
100,0.84,-0.19000000000000006,1,9930
100,0.84,-0.19000000000000006,2,9950
100,0.84,-0.20000000000000007,0,9840
100,0.84,-0.20000000000000007,1,9580
100,0.84,-0.20000000000000007,2,9750
100,0.84,-0.21000000000000008,0,9900
100,0.84,-0.21000000000000008,1,9770
100,0.84,-0.21000000000000008,2,9730
100,0.84,-0.22000000000000008,0,9620
100,0.84,-0.22000000000000008,1,9760
100,0.84,-0.22000000000000008,2,9830
100,0.84,-0.22999999999999998,0,7420
100,0.84,-0.22999999999999998,1,9840
100,0.84,-0.22999999999999998,2,9900
100,0.84,-0.24,0,9000
100,0.84,-0.24,1,9950
100,0.84,-0.24,2,6100
100,0.84,-0.25,0,9780
100,0.84,-0.25,1,9900
100,0.84,-0.25,2,9830
100,0.84,-0.26,0,7060
100,0.84,-0.26,1,9840
100,0.84,-0.26,2,9490
100,0.84,-0.27,0,9780
100,0.84,-0.27,1,9950
100,0.84,-0.27,2,2490
100,0.84,-0.28,0,9910
100,0.84,-0.28,1,5840
100,0.84,-0.28,2,6150
100,0.84,-0.29000000000000004,0,9900
100,0.84,-0.29000000000000004,1,9920
100,0.84,-0.29000000000000004,2,7030
100,0.84,-0.30000000000000004,0,9890
100,0.84,-0.30000000000000004,1,9890
100,0.84,-0.30000000000000004,2,9870
100,0.84,-0.31000000000000005,0,9690
100,0.84,-0.31000000000000005,1,9870
100,0.84,-0.31000000000000005,2,6890
100,0.84,-0.32000000000000006,0,9610
100,0.84,-0.32000000000000006,1,9700
100,0.84,-0.32000000000000006,2,5960
100,0.84,-0.33,0,9800
100,0.84,-0.33,1,9800
100,0.84,-0.33,2,9930
100,0.84,-0.34,0,9940
100,0.84,-0.34,1,9870
100,0.84,-0.34,2,4250
100,0.84,-0.35000000000000003,0,9890
100,0.84,-0.35000000000000003,1,9930
100,0.84,-0.35000000000000003,2,9890
100,0.84,-0.36000000000000004,0,9910
100,0.84,-0.36000000000000004,1,7390
100,0.84,-0.36000000000000004,2,9810
100,0.84,-0.37000000000000005,0,8160
100,0.84,-0.37000000000000005,1,9910
100,0.84,-0.37000000000000005,2,9930
100,0.84,-0.38000000000000006,0,9890
100,0.84,-0.38000000000000006,1,9880
100,0.84,-0.38000000000000006,2,9950
100,0.84,-0.39,0,9930
100,0.84,-0.39,1,9870
100,0.84,-0.39,2,9780
100,0.84,-0.41000000000000003,0,9910
100,0.84,-0.41000000000000003,1,9910
100,0.84,-0.41000000000000003,2,9920
100,0.84,-0.42000000000000004,0,9900
100,0.84,-0.42000000000000004,1,9810
100,0.84,-0.42000000000000004,2,9520
100,0.84,-0.43000000000000005,0,9840
100,0.84,-0.43000000000000005,1,9890
100,0.84,-0.43000000000000005,2,6240
100,0.84,-0.44000000000000006,0,9830
100,0.84,-0.44000000000000006,1,9610
100,0.84,-0.44000000000000006,2,9850
100,0.84,-0.45,0,9940
100,0.84,-0.45,1,9920
100,0.84,-0.45,2,9950
100,0.84,-0.46,0,9840
100,0.84,-0.46,1,9950
100,0.84,-0.46,2,9930
100,0.84,-0.47000000000000003,0,9920
100,0.84,-0.47000000000000003,1,9890
100,0.84,-0.47000000000000003,2,6380
100,0.84,-0.48000000000000004,0,7290
100,0.84,-0.48000000000000004,1,9900
100,0.84,-0.48000000000000004,2,6200
100,0.84,-0.49000000000000005,0,9900
100,0.84,-0.49000000000000005,1,9940
100,0.84,-0.49000000000000005,2,9950
100,0.84,-0.4,0,9940
100,0.84,-0.4,1,7150
100,0.84,-0.4,2,6400
100,0.84,-0.51,0,9950
100,0.84,-0.51,1,9940
100,0.84,-0.51,2,9950
100,0.84,-0.52,0,9940
100,0.84,-0.52,1,9940
100,0.84,-0.52,2,9900
100,0.84,-0.53,0,7860
100,0.84,-0.53,1,9900
100,0.84,-0.53,2,9910
100,0.84,-0.54,0,9890
100,0.84,-0.54,1,9850
100,0.84,-0.54,2,9880
100,0.84,-0.55,0,9840
100,0.84,-0.55,1,6210
100,0.84,-0.55,2,9940
100,0.84,-0.56,0,9950
100,0.84,-0.56,1,9920
100,0.84,-0.56,2,9900
100,0.84,-0.5700000000000001,0,5440
100,0.84,-0.5700000000000001,1,9890
100,0.84,-0.5700000000000001,2,9940
100,0.84,-0.5800000000000001,0,9930
100,0.84,-0.5800000000000001,1,9910
100,0.84,-0.5800000000000001,2,9940
100,0.84,-0.5900000000000001,0,9920
100,0.84,-0.5900000000000001,1,9930
100,0.84,-0.5900000000000001,2,9900
100,0.84,-0.5,0,8130
100,0.84,-0.5,1,9930
100,0.84,-0.5,2,8480
100,0.84,-0.6000000000000001,0,9950
100,0.84,-0.6000000000000001,1,9890
100,0.84,-0.6000000000000001,2,9940
100,0.84,-0.6100000000000001,0,9940
100,0.84,-0.6100000000000001,1,9620
100,0.84,-0.6100000000000001,2,9840
100,0.84,-0.6200000000000001,0,9910
100,0.84,-0.6200000000000001,1,9930
100,0.84,-0.6200000000000001,2,9020
100,0.84,-0.63,0,9940
100,0.84,-0.63,1,8040
100,0.84,-0.63,2,9920
100,0.84,-0.64,0,9890
100,0.84,-0.64,1,9620
100,0.84,-0.64,2,9940
100,0.84,-0.65,0,9620
100,0.84,-0.65,1,9800
100,0.84,-0.65,2,9900
100,0.84,-0.66,0,9910
100,0.84,-0.66,1,9850
100,0.84,-0.66,2,9830
100,0.84,-0.67,0,9940
100,0.84,-0.67,1,9939
100,0.84,-0.67,2,7630
100,0.84,-0.68,0,9930
100,0.84,-0.68,1,9930
100,0.84,-0.68,2,9900
100,0.84,-0.6900000000000001,0,9790
100,0.84,-0.6900000000000001,1,9740
100,0.84,-0.6900000000000001,2,9920
100,0.84,-0.7000000000000001,0,9910
100,0.84,-0.7000000000000001,1,9940
100,0.84,-0.7000000000000001,2,9940
100,0.84,-0.7100000000000001,0,9700
100,0.84,-0.7100000000000001,1,9910
100,0.84,-0.7100000000000001,2,8530
100,0.84,-0.7200000000000001,0,9920
100,0.84,-0.7200000000000001,1,9380
100,0.84,-0.7200000000000001,2,9490
100,0.84,-0.73,0,7070
100,0.84,-0.73,1,9890
100,0.84,-0.73,2,9600
100,0.84,-0.74,0,9860
100,0.84,-0.74,1,7400
100,0.84,-0.74,2,9930
100,0.84,-0.75,0,9950
100,0.84,-0.75,1,9920
100,0.84,-0.75,2,9840
100,0.84,-0.76,0,9910
100,0.84,-0.76,1,9850
100,0.84,-0.76,2,9860
100,0.84,-0.77,0,9920
100,0.84,-0.77,1,9550
100,0.84,-0.77,2,8330
100,0.84,-0.78,0,9920
100,0.84,-0.78,1,9900
100,0.84,-0.78,2,7610
100,0.84,-0.79,0,9890
100,0.84,-0.79,1,9940
100,0.84,-0.79,2,9850
100,0.84,-0.8,0,9640
100,0.84,-0.8,1,9950
100,0.84,-0.8,2,9930
100,0.84,0.010000000000000009,0,8690
100,0.84,0.010000000000000009,1,9801
100,0.84,0.010000000000000009,2,2150
100,0.84,0.020000000000000018,0,4410
100,0.84,0.020000000000000018,1,2720
100,0.84,0.020000000000000018,2,630
100,0.84,0.030000000000000027,0,3050
100,0.84,0.030000000000000027,1,1510
100,0.84,0.030000000000000027,2,50
100,0.84,0.039999999999999925,0,2310
100,0.84,0.039999999999999925,1,970
100,0.84,0.039999999999999925,2,40
100,0.84,0.04999999999999993,0,1870
100,0.84,0.04999999999999993,1,660
100,0.84,0.04999999999999993,2,30
100,0.84,0.05999999999999994,0,1550
100,0.84,0.05999999999999994,1,0
100,0.84,0.05999999999999994,2,533
100,0.84,0.06999999999999995,0,988
100,0.84,0.06999999999999995,1,678
100,0.84,0.06999999999999995,2,467
100,0.84,0.07999999999999996,0,861
100,0.84,0.07999999999999996,1,757
100,0.84,0.07999999999999996,2,414
100,0.84,0.08999999999999997,0,764
100,0.84,0.08999999999999997,1,100
100,0.84,0.08999999999999997,2,20
100,0.84,0.09999999999999998,0,70
100,0.84,0.09999999999999998,1,90
100,0.84,0.09999999999999998,2,20
100,0.84,0.0,0,0
100,0.84,0.0,1,0
100,0.84,0.0,2,0
100,0.84,0.10999999999999999,0,70
100,0.84,0.10999999999999999,1,90
100,0.84,0.10999999999999999,2,20
100,0.84,0.12,0,70
100,0.84,0.12,1,90
100,0.84,0.12,2,20
100,0.84,0.13,0,60
100,0.84,0.13,1,80
100,0.84,0.13,2,10
100,0.84,0.14,0,60
100,0.84,0.14,1,30
100,0.84,0.14,2,10
100,0.84,0.15000000000000002,0,60
100,0.84,0.15000000000000002,1,30
100,0.84,0.15000000000000002,2,10
100,0.84,0.15999999999999992,0,50
100,0.84,0.15999999999999992,1,0
100,0.84,0.15999999999999992,2,10
100,0.84,0.16999999999999993,0,50
100,0.84,0.16999999999999993,1,0
100,0.84,0.16999999999999993,2,10
100,0.84,0.17999999999999994,0,50
100,0.84,0.17999999999999994,1,0
100,0.84,0.17999999999999994,2,10
100,0.84,0.18999999999999995,0,50
100,0.84,0.18999999999999995,1,0
100,0.84,0.18999999999999995,2,10
100,0.84,0.2,0,40
100,0.84,0.2,1,0
100,0.84,0.2,2,10
100,0.85,-0.010000000000000009,0,0
100,0.85,-0.010000000000000009,1,0
100,0.85,-0.010000000000000009,2,0
100,0.85,-0.020000000000000018,0,0
100,0.85,-0.020000000000000018,1,0
100,0.85,-0.020000000000000018,2,0
100,0.85,-0.030000000000000027,0,0
100,0.85,-0.030000000000000027,1,0
100,0.85,-0.030000000000000027,2,0
100,0.85,-0.040000000000000036,0,0
100,0.85,-0.040000000000000036,1,0
100,0.85,-0.040000000000000036,2,0
100,0.85,-0.050000000000000044,0,0
100,0.85,-0.050000000000000044,1,50
100,0.85,-0.050000000000000044,2,6510
100,0.85,-0.06000000000000005,0,0
100,0.85,-0.06000000000000005,1,0
100,0.85,-0.06000000000000005,2,8420
100,0.85,-0.07000000000000006,0,7580
100,0.85,-0.07000000000000006,1,0
100,0.85,-0.07000000000000006,2,9780
100,0.85,-0.08000000000000007,0,7660
100,0.85,-0.08000000000000007,1,9770
100,0.85,-0.08000000000000007,2,7420
100,0.85,-0.09000000000000008,0,5860
100,0.85,-0.09000000000000008,1,9850
100,0.85,-0.09000000000000008,2,9300
100,0.85,-0.09999999999999998,0,9910
100,0.85,-0.09999999999999998,1,9890
100,0.85,-0.09999999999999998,2,9840
100,0.85,-0.10999999999999999,0,9780
100,0.85,-0.10999999999999999,1,9860
100,0.85,-0.10999999999999999,2,0
100,0.85,-0.12,0,9790
100,0.85,-0.12,1,9950
100,0.85,-0.12,2,9840
100,0.85,-0.13,0,3650
100,0.85,-0.13,1,9620
100,0.85,-0.13,2,2750
100,0.85,-0.14,0,9930
100,0.85,-0.14,1,9870
100,0.85,-0.14,2,9250
100,0.85,-0.15000000000000002,0,9840
100,0.85,-0.15000000000000002,1,9790
100,0.85,-0.15000000000000002,2,6520
100,0.85,-0.16000000000000003,0,4640
100,0.85,-0.16000000000000003,1,9910
100,0.85,-0.16000000000000003,2,5290
100,0.85,-0.17000000000000004,0,9870
100,0.85,-0.17000000000000004,1,9840
100,0.85,-0.17000000000000004,2,0
100,0.85,-0.18000000000000005,0,9870
100,0.85,-0.18000000000000005,1,9850
100,0.85,-0.18000000000000005,2,9940
100,0.85,-0.19000000000000006,0,9850
100,0.85,-0.19000000000000006,1,60
100,0.85,-0.19000000000000006,2,5740
100,0.85,-0.20000000000000007,0,9840
100,0.85,-0.20000000000000007,1,9540
100,0.85,-0.20000000000000007,2,9710
100,0.85,-0.21000000000000008,0,9940
100,0.85,-0.21000000000000008,1,9870
100,0.85,-0.21000000000000008,2,6310
100,0.85,-0.22000000000000008,0,0
100,0.85,-0.22000000000000008,1,9900
100,0.85,-0.22000000000000008,2,9910
100,0.85,-0.22999999999999998,0,7100
100,0.85,-0.22999999999999998,1,9930
100,0.85,-0.22999999999999998,2,9860
100,0.85,-0.24,0,9930
100,0.85,-0.24,1,9870
100,0.85,-0.24,2,9890
100,0.85,-0.25,0,9950
100,0.85,-0.25,1,9930
100,0.85,-0.25,2,6170
100,0.85,-0.26,0,9900
100,0.85,-0.26,1,9620
100,0.85,-0.26,2,9930
100,0.85,-0.27,0,9640
100,0.85,-0.27,1,9950
100,0.85,-0.27,2,5440
100,0.85,-0.28,0,6880
100,0.85,-0.28,1,9840
100,0.85,-0.28,2,9850
100,0.85,-0.29000000000000004,0,9940
100,0.85,-0.29000000000000004,1,7540
100,0.85,-0.29000000000000004,2,9930
100,0.85,-0.30000000000000004,0,9650
100,0.85,-0.30000000000000004,1,9890
100,0.85,-0.30000000000000004,2,6230
100,0.85,-0.31000000000000005,0,9680
100,0.85,-0.31000000000000005,1,9830
100,0.85,-0.31000000000000005,2,6010
100,0.85,-0.32000000000000006,0,9940
100,0.85,-0.32000000000000006,1,9920
100,0.85,-0.32000000000000006,2,9810
100,0.85,-0.33,0,9870
100,0.85,-0.33,1,9910
100,0.85,-0.33,2,9450
100,0.85,-0.34,0,9830
100,0.85,-0.34,1,9940
100,0.85,-0.34,2,9810
100,0.85,-0.35000000000000003,0,9750
100,0.85,-0.35000000000000003,1,9900
100,0.85,-0.35000000000000003,2,9890
100,0.85,-0.36000000000000004,0,8870
100,0.85,-0.36000000000000004,1,9850
100,0.85,-0.36000000000000004,2,6850
100,0.85,-0.37000000000000005,0,9950
100,0.85,-0.37000000000000005,1,9850
100,0.85,-0.37000000000000005,2,9940
100,0.85,-0.38000000000000006,0,9940
100,0.85,-0.38000000000000006,1,9800
100,0.85,-0.38000000000000006,2,6070
100,0.85,-0.39,0,9900
100,0.85,-0.39,1,9800
100,0.85,-0.39,2,9940
100,0.85,-0.41000000000000003,0,9810
100,0.85,-0.41000000000000003,1,9870
100,0.85,-0.41000000000000003,2,6580
100,0.85,-0.42000000000000004,0,9920
100,0.85,-0.42000000000000004,1,9930
100,0.85,-0.42000000000000004,2,9710
100,0.85,-0.43000000000000005,0,9940
100,0.85,-0.43000000000000005,1,9930
100,0.85,-0.43000000000000005,2,9870
100,0.85,-0.44000000000000006,0,9940
100,0.85,-0.44000000000000006,1,6180
100,0.85,-0.44000000000000006,2,9890
100,0.85,-0.45,0,8630
100,0.85,-0.45,1,9700
100,0.85,-0.45,2,9550
100,0.85,-0.46,0,9940
100,0.85,-0.46,1,9850
100,0.85,-0.46,2,9860
100,0.85,-0.47000000000000003,0,9950
100,0.85,-0.47000000000000003,1,9900
100,0.85,-0.47000000000000003,2,9950
100,0.85,-0.48000000000000004,0,7270
100,0.85,-0.48000000000000004,1,6900
100,0.85,-0.48000000000000004,2,8420
100,0.85,-0.49000000000000005,0,6960
100,0.85,-0.49000000000000005,1,9940
100,0.85,-0.49000000000000005,2,9580
100,0.85,-0.4,0,9950
100,0.85,-0.4,1,8130
100,0.85,-0.4,2,9820
100,0.85,-0.51,0,9830
100,0.85,-0.51,1,6490
100,0.85,-0.51,2,8260
100,0.85,-0.52,0,9940
100,0.85,-0.52,1,9890
100,0.85,-0.52,2,9840
100,0.85,-0.53,0,9850
100,0.85,-0.53,1,5190
100,0.85,-0.53,2,6620
100,0.85,-0.54,0,9940
100,0.85,-0.54,1,9950
100,0.85,-0.54,2,7380
100,0.85,-0.55,0,7820
100,0.85,-0.55,1,9920
100,0.85,-0.55,2,9950
100,0.85,-0.56,0,9800
100,0.85,-0.56,1,9890
100,0.85,-0.56,2,6890
100,0.85,-0.5700000000000001,0,9940
100,0.85,-0.5700000000000001,1,7180
100,0.85,-0.5700000000000001,2,9920
100,0.85,-0.5800000000000001,0,9930
100,0.85,-0.5800000000000001,1,6690
100,0.85,-0.5800000000000001,2,9900
100,0.85,-0.5900000000000001,0,9910
100,0.85,-0.5900000000000001,1,9950
100,0.85,-0.5900000000000001,2,9940
100,0.85,-0.5,0,9940
100,0.85,-0.5,1,9520
100,0.85,-0.5,2,9940
100,0.85,-0.6000000000000001,0,8000
100,0.85,-0.6000000000000001,1,9890
100,0.85,-0.6000000000000001,2,9920
100,0.85,-0.6100000000000001,0,7980
100,0.85,-0.6100000000000001,1,9620
100,0.85,-0.6100000000000001,2,9850
100,0.85,-0.6200000000000001,0,9910
100,0.85,-0.6200000000000001,1,9780
100,0.85,-0.6200000000000001,2,9950
100,0.85,-0.63,0,9950
100,0.85,-0.63,1,9940
100,0.85,-0.63,2,9940
100,0.85,-0.64,0,9920
100,0.85,-0.64,1,9940
100,0.85,-0.64,2,9790
100,0.85,-0.65,0,7890
100,0.85,-0.65,1,7170
100,0.85,-0.65,2,9940
100,0.85,-0.66,0,9840
100,0.85,-0.66,1,9770
100,0.85,-0.66,2,7630
100,0.85,-0.67,0,9870
100,0.85,-0.67,1,9920
100,0.85,-0.67,2,8070
100,0.85,-0.68,0,9860
100,0.85,-0.68,1,9920
100,0.85,-0.68,2,9870
100,0.85,-0.6900000000000001,0,9790
100,0.85,-0.6900000000000001,1,9770
100,0.85,-0.6900000000000001,2,9830
100,0.85,-0.7000000000000001,0,9910
100,0.85,-0.7000000000000001,1,9910
100,0.85,-0.7000000000000001,2,9930
100,0.85,-0.7100000000000001,0,9790
100,0.85,-0.7100000000000001,1,9920
100,0.85,-0.7100000000000001,2,9930
100,0.85,-0.7200000000000001,0,9940
100,0.85,-0.7200000000000001,1,7170
100,0.85,-0.7200000000000001,2,9940
100,0.85,-0.73,0,8850
100,0.85,-0.73,1,9790
100,0.85,-0.73,2,9950
100,0.85,-0.74,0,9830
100,0.85,-0.74,1,9950
100,0.85,-0.74,2,9220
100,0.85,-0.75,0,9940
100,0.85,-0.75,1,6320
100,0.85,-0.75,2,9940
100,0.85,-0.76,0,9690
100,0.85,-0.76,1,9860
100,0.85,-0.76,2,9740
100,0.85,-0.77,0,9780
100,0.85,-0.77,1,9930
100,0.85,-0.77,2,7000
100,0.85,-0.78,0,7780
100,0.85,-0.78,1,9910
100,0.85,-0.78,2,9700
100,0.85,-0.79,0,8320
100,0.85,-0.79,1,9830
100,0.85,-0.79,2,9780
100,0.85,-0.8,0,9830
100,0.85,-0.8,1,9940
100,0.85,-0.8,2,9800
100,0.85,0.010000000000000009,0,9060
100,0.85,0.010000000000000009,1,9814
100,0.85,0.010000000000000009,2,2160
100,0.85,0.020000000000000018,0,4580
100,0.85,0.020000000000000018,1,2790
100,0.85,0.020000000000000018,2,630
100,0.85,0.030000000000000027,0,3170
100,0.85,0.030000000000000027,1,1540
100,0.85,0.030000000000000027,2,50
100,0.85,0.039999999999999925,0,2410
100,0.85,0.039999999999999925,1,990
100,0.85,0.039999999999999925,2,40
100,0.85,0.04999999999999993,0,1950
100,0.85,0.04999999999999993,1,670
100,0.85,0.04999999999999993,2,30
100,0.85,0.05999999999999994,0,1620
100,0.85,0.05999999999999994,1,390
100,0.85,0.05999999999999994,2,30
100,0.85,0.06999999999999995,0,1350
100,0.85,0.06999999999999995,1,110
100,0.85,0.06999999999999995,2,20
100,0.85,0.07999999999999996,0,1170
100,0.85,0.07999999999999996,1,100
100,0.85,0.07999999999999996,2,20
100,0.85,0.08999999999999997,0,1020
100,0.85,0.08999999999999997,1,100
100,0.85,0.08999999999999997,2,20
100,0.85,0.09999999999999998,0,890
100,0.85,0.09999999999999998,1,90
100,0.85,0.09999999999999998,2,20
100,0.85,0.0,0,0
100,0.85,0.0,1,0
100,0.85,0.0,2,0
100,0.85,0.10999999999999999,0,70
100,0.85,0.10999999999999999,1,90
100,0.85,0.10999999999999999,2,20
100,0.85,0.12,0,70
100,0.85,0.12,1,80
100,0.85,0.12,2,20
100,0.85,0.13,0,60
100,0.85,0.13,1,80
100,0.85,0.13,2,10
100,0.85,0.14,0,60
100,0.85,0.14,1,30
100,0.85,0.14,2,10
100,0.85,0.15000000000000002,0,60
100,0.85,0.15000000000000002,1,30
100,0.85,0.15000000000000002,2,10
100,0.85,0.15999999999999992,0,50
100,0.85,0.15999999999999992,1,0
100,0.85,0.15999999999999992,2,10
100,0.85,0.16999999999999993,0,50
100,0.85,0.16999999999999993,1,0
100,0.85,0.16999999999999993,2,10
100,0.85,0.17999999999999994,0,50
100,0.85,0.17999999999999994,1,0
100,0.85,0.17999999999999994,2,10
100,0.85,0.18999999999999995,0,50
100,0.85,0.18999999999999995,1,0
100,0.85,0.18999999999999995,2,10
100,0.85,0.2,0,40
100,0.85,0.2,1,0
100,0.85,0.2,2,10
100,0.86,-0.010000000000000009,0,0
100,0.86,-0.010000000000000009,1,0
100,0.86,-0.010000000000000009,2,0
100,0.86,-0.020000000000000018,0,6510
100,0.86,-0.020000000000000018,1,0
100,0.86,-0.020000000000000018,2,0
100,0.86,-0.030000000000000027,0,8680
100,0.86,-0.030000000000000027,1,9820
100,0.86,-0.030000000000000027,2,5460
100,0.86,-0.040000000000000036,0,0
100,0.86,-0.040000000000000036,1,9920
100,0.86,-0.040000000000000036,2,0
100,0.86,-0.050000000000000044,0,9930
100,0.86,-0.050000000000000044,1,9520
100,0.86,-0.050000000000000044,2,5980
100,0.86,-0.06000000000000005,0,0
100,0.86,-0.06000000000000005,1,6180
100,0.86,-0.06000000000000005,2,0
100,0.86,-0.07000000000000006,0,9820
100,0.86,-0.07000000000000006,1,9850
100,0.86,-0.07000000000000006,2,9930
100,0.86,-0.08000000000000007,0,0
100,0.86,-0.08000000000000007,1,7780
100,0.86,-0.08000000000000007,2,6210
100,0.86,-0.09000000000000008,0,9930
100,0.86,-0.09000000000000008,1,9890
100,0.86,-0.09000000000000008,2,9670
100,0.86,-0.09999999999999998,0,6040
100,0.86,-0.09999999999999998,1,9900
100,0.86,-0.09999999999999998,2,9830
100,0.86,-0.10999999999999999,0,9530
100,0.86,-0.10999999999999999,1,9720
100,0.86,-0.10999999999999999,2,9650
100,0.86,-0.12,0,9900
100,0.86,-0.12,1,9730
100,0.86,-0.12,2,7820
100,0.86,-0.13,0,5000
100,0.86,-0.13,1,9780
100,0.86,-0.13,2,7380
100,0.86,-0.14,0,9930
100,0.86,-0.14,1,9830
100,0.86,-0.14,2,3000
100,0.86,-0.15000000000000002,0,0
100,0.86,-0.15000000000000002,1,9570
100,0.86,-0.15000000000000002,2,9930
100,0.86,-0.16000000000000003,0,9940
100,0.86,-0.16000000000000003,1,9810
100,0.86,-0.16000000000000003,2,9900
100,0.86,-0.17000000000000004,0,9770
100,0.86,-0.17000000000000004,1,9910
100,0.86,-0.17000000000000004,2,9770
100,0.86,-0.18000000000000005,0,9760
100,0.86,-0.18000000000000005,1,9760
100,0.86,-0.18000000000000005,2,4780
100,0.86,-0.19000000000000006,0,9890
100,0.86,-0.19000000000000006,1,9830
100,0.86,-0.19000000000000006,2,9840
100,0.86,-0.20000000000000007,0,8990
100,0.86,-0.20000000000000007,1,9790
100,0.86,-0.20000000000000007,2,9750
100,0.86,-0.21000000000000008,0,9920
100,0.86,-0.21000000000000008,1,9920
100,0.86,-0.21000000000000008,2,5480
100,0.86,-0.22000000000000008,0,9620
100,0.86,-0.22000000000000008,1,9900
100,0.86,-0.22000000000000008,2,8990
100,0.86,-0.22999999999999998,0,9910
100,0.86,-0.22999999999999998,1,9910
100,0.86,-0.22999999999999998,2,3870
100,0.86,-0.24,0,9910
100,0.86,-0.24,1,9910
100,0.86,-0.24,2,9670
100,0.86,-0.25,0,9880
100,0.86,-0.25,1,9880
100,0.86,-0.25,2,9940
100,0.86,-0.26,0,9920
100,0.86,-0.26,1,9640
100,0.86,-0.26,2,9650
100,0.86,-0.27,0,9900
100,0.86,-0.27,1,4470
100,0.86,-0.27,2,9680
100,0.86,-0.28,0,9500
100,0.86,-0.28,1,9140
100,0.86,-0.28,2,9900
100,0.86,-0.29000000000000004,0,9770
100,0.86,-0.29000000000000004,1,9540
100,0.86,-0.29000000000000004,2,9900
100,0.86,-0.30000000000000004,0,9770
100,0.86,-0.30000000000000004,1,9150
100,0.86,-0.30000000000000004,2,9890
100,0.86,-0.31000000000000005,0,9850
100,0.86,-0.31000000000000005,1,9820
100,0.86,-0.31000000000000005,2,9890
100,0.86,-0.32000000000000006,0,9900
100,0.86,-0.32000000000000006,1,7970
100,0.86,-0.32000000000000006,2,9910
100,0.86,-0.33,0,9930
100,0.86,-0.33,1,9650
100,0.86,-0.33,2,9910
100,0.86,-0.34,0,9550
100,0.86,-0.34,1,9760
100,0.86,-0.34,2,9930
100,0.86,-0.35000000000000003,0,9730
100,0.86,-0.35000000000000003,1,9920
100,0.86,-0.35000000000000003,2,9810
100,0.86,-0.36000000000000004,0,9940
100,0.86,-0.36000000000000004,1,8420
100,0.86,-0.36000000000000004,2,9900
100,0.86,-0.37000000000000005,0,9920
100,0.86,-0.37000000000000005,1,9940
100,0.86,-0.37000000000000005,2,7330
100,0.86,-0.38000000000000006,0,9940
100,0.86,-0.38000000000000006,1,8400
100,0.86,-0.38000000000000006,2,9870
100,0.86,-0.39,0,9920
100,0.86,-0.39,1,9830
100,0.86,-0.39,2,9890
100,0.86,-0.41000000000000003,0,6750
100,0.86,-0.41000000000000003,1,9620
100,0.86,-0.41000000000000003,2,9740
100,0.86,-0.42000000000000004,0,9930
100,0.86,-0.42000000000000004,1,9940
100,0.86,-0.42000000000000004,2,9910
100,0.86,-0.43000000000000005,0,8310
100,0.86,-0.43000000000000005,1,9860
100,0.86,-0.43000000000000005,2,9820
100,0.86,-0.44000000000000006,0,9880
100,0.86,-0.44000000000000006,1,9910
100,0.86,-0.44000000000000006,2,9880
100,0.86,-0.45,0,7560
100,0.86,-0.45,1,9930
100,0.86,-0.45,2,9890
100,0.86,-0.46,0,7670
100,0.86,-0.46,1,7940
100,0.86,-0.46,2,7210
100,0.86,-0.47000000000000003,0,9920
100,0.86,-0.47000000000000003,1,9940
100,0.86,-0.47000000000000003,2,9670
100,0.86,-0.48000000000000004,0,8680
100,0.86,-0.48000000000000004,1,9930
100,0.86,-0.48000000000000004,2,9930
100,0.86,-0.49000000000000005,0,9850
100,0.86,-0.49000000000000005,1,9940
100,0.86,-0.49000000000000005,2,9930
100,0.86,-0.4,0,9840
100,0.86,-0.4,1,9870
100,0.86,-0.4,2,9800
100,0.86,-0.51,0,9800
100,0.86,-0.51,1,9930
100,0.86,-0.51,2,6720
100,0.86,-0.52,0,9920
100,0.86,-0.52,1,6190
100,0.86,-0.52,2,9890
100,0.86,-0.53,0,9880
100,0.86,-0.53,1,9950
100,0.86,-0.53,2,9940
100,0.86,-0.54,0,9810
100,0.86,-0.54,1,9880
100,0.86,-0.54,2,9920
100,0.86,-0.55,0,9940
100,0.86,-0.55,1,7690
100,0.86,-0.55,2,5510
100,0.86,-0.56,0,9520
100,0.86,-0.56,1,9910
100,0.86,-0.56,2,9900
100,0.86,-0.5700000000000001,0,8810
100,0.86,-0.5700000000000001,1,9900
100,0.86,-0.5700000000000001,2,8130
100,0.86,-0.5800000000000001,0,9720
100,0.86,-0.5800000000000001,1,9910
100,0.86,-0.5800000000000001,2,9920
100,0.86,-0.5900000000000001,0,9120
100,0.86,-0.5900000000000001,1,9950
100,0.86,-0.5900000000000001,2,9950
100,0.86,-0.5,0,9610
100,0.86,-0.5,1,9870
100,0.86,-0.5,2,9920
100,0.86,-0.6000000000000001,0,9800
100,0.86,-0.6000000000000001,1,9810
100,0.86,-0.6000000000000001,2,7420
100,0.86,-0.6100000000000001,0,9920
100,0.86,-0.6100000000000001,1,9930
100,0.86,-0.6100000000000001,2,9920
100,0.86,-0.6200000000000001,0,9930
100,0.86,-0.6200000000000001,1,9760
100,0.86,-0.6200000000000001,2,6700
100,0.86,-0.63,0,9920
100,0.86,-0.63,1,9920
100,0.86,-0.63,2,9830
100,0.86,-0.64,0,9930
100,0.86,-0.64,1,9900
100,0.86,-0.64,2,8310
100,0.86,-0.65,0,9950
100,0.86,-0.65,1,9890
100,0.86,-0.65,2,9860
100,0.86,-0.66,0,9930
100,0.86,-0.66,1,9920
100,0.86,-0.66,2,9830
100,0.86,-0.67,0,9690
100,0.86,-0.67,1,9950
100,0.86,-0.67,2,9920
100,0.86,-0.68,0,9820
100,0.86,-0.68,1,9930
100,0.86,-0.68,2,9930
100,0.86,-0.6900000000000001,0,9890
100,0.86,-0.6900000000000001,1,9920
100,0.86,-0.6900000000000001,2,6200
100,0.86,-0.7000000000000001,0,9920
100,0.86,-0.7000000000000001,1,9510
100,0.86,-0.7000000000000001,2,9880
100,0.86,-0.7100000000000001,0,9910
100,0.86,-0.7100000000000001,1,9900
100,0.86,-0.7100000000000001,2,7570
100,0.86,-0.7200000000000001,0,9940
100,0.86,-0.7200000000000001,1,9850
100,0.86,-0.7200000000000001,2,9940
100,0.86,-0.73,0,9900
100,0.86,-0.73,1,9910
100,0.86,-0.73,2,9950
100,0.86,-0.74,0,9940
100,0.86,-0.74,1,9920
100,0.86,-0.74,2,9860
100,0.86,-0.75,0,9910
100,0.86,-0.75,1,9860
100,0.86,-0.75,2,9920
100,0.86,-0.76,0,9920
100,0.86,-0.76,1,9380
100,0.86,-0.76,2,9780
100,0.86,-0.77,0,9720
100,0.86,-0.77,1,6790
100,0.86,-0.77,2,9880
100,0.86,-0.78,0,9820
100,0.86,-0.78,1,8430
100,0.86,-0.78,2,9940
100,0.86,-0.79,0,9810
100,0.86,-0.79,1,9930
100,0.86,-0.79,2,9910
100,0.86,-0.8,0,9910
100,0.86,-0.8,1,8110
100,0.86,-0.8,2,9900
100,0.86,0.010000000000000009,0,9450
100,0.86,0.010000000000000009,1,9798
100,0.86,0.010000000000000009,2,2170
100,0.86,0.020000000000000018,0,4790
100,0.86,0.020000000000000018,1,2860
100,0.86,0.020000000000000018,2,630
100,0.86,0.030000000000000027,0,3320
100,0.86,0.030000000000000027,1,1570
100,0.86,0.030000000000000027,2,50
100,0.86,0.039999999999999925,0,2540
100,0.86,0.039999999999999925,1,0
100,0.86,0.039999999999999925,2,748
100,0.86,0.04999999999999993,0,1468
100,0.86,0.04999999999999993,1,989
100,0.86,0.04999999999999993,2,619
100,0.86,0.05999999999999994,0,1240
100,0.86,0.05999999999999994,1,762
100,0.86,0.05999999999999994,2,534
100,0.86,0.06999999999999995,0,1062
100,0.86,0.06999999999999995,1,110
100,0.86,0.06999999999999995,2,20
100,0.86,0.07999999999999996,0,1260
100,0.86,0.07999999999999996,1,100
100,0.86,0.07999999999999996,2,20
100,0.86,0.08999999999999997,0,1080
100,0.86,0.08999999999999997,1,100
100,0.86,0.08999999999999997,2,20
100,0.86,0.09999999999999998,0,930
100,0.86,0.09999999999999998,1,90
100,0.86,0.09999999999999998,2,20
100,0.86,0.0,0,0
100,0.86,0.0,1,0
100,0.86,0.0,2,0
100,0.86,0.10999999999999999,0,70
100,0.86,0.10999999999999999,1,80
100,0.86,0.10999999999999999,2,20
100,0.86,0.12,0,70
100,0.86,0.12,1,80
100,0.86,0.12,2,20
100,0.86,0.13,0,60
100,0.86,0.13,1,80
100,0.86,0.13,2,10
100,0.86,0.14,0,60
100,0.86,0.14,1,30
100,0.86,0.14,2,10
100,0.86,0.15000000000000002,0,60
100,0.86,0.15000000000000002,1,30
100,0.86,0.15000000000000002,2,10
100,0.86,0.15999999999999992,0,50
100,0.86,0.15999999999999992,1,0
100,0.86,0.15999999999999992,2,10
100,0.86,0.16999999999999993,0,50
100,0.86,0.16999999999999993,1,0
100,0.86,0.16999999999999993,2,10
100,0.86,0.17999999999999994,0,50
100,0.86,0.17999999999999994,1,0
100,0.86,0.17999999999999994,2,10
100,0.86,0.18999999999999995,0,50
100,0.86,0.18999999999999995,1,0
100,0.86,0.18999999999999995,2,10
100,0.86,0.2,0,40
100,0.86,0.2,1,0
100,0.86,0.2,2,10
100,0.87,-0.010000000000000009,0,0
100,0.87,-0.010000000000000009,1,0
100,0.87,-0.010000000000000009,2,0
100,0.87,-0.020000000000000018,0,0
100,0.87,-0.020000000000000018,1,0
100,0.87,-0.020000000000000018,2,0
100,0.87,-0.030000000000000027,0,0
100,0.87,-0.030000000000000027,1,0
100,0.87,-0.030000000000000027,2,0
100,0.87,-0.040000000000000036,0,0
100,0.87,-0.040000000000000036,1,0
100,0.87,-0.040000000000000036,2,6530
100,0.87,-0.050000000000000044,0,0
100,0.87,-0.050000000000000044,1,6950
100,0.87,-0.050000000000000044,2,6170
100,0.87,-0.06000000000000005,0,0
100,0.87,-0.06000000000000005,1,9290
100,0.87,-0.06000000000000005,2,5510
100,0.87,-0.07000000000000006,0,5360
100,0.87,-0.07000000000000006,1,9440
100,0.87,-0.07000000000000006,2,0
100,0.87,-0.08000000000000007,0,9840
100,0.87,-0.08000000000000007,1,9930
100,0.87,-0.08000000000000007,2,9850
100,0.87,-0.09000000000000008,0,9500
100,0.87,-0.09000000000000008,1,9620
100,0.87,-0.09000000000000008,2,9930
100,0.87,-0.09999999999999998,0,7710
100,0.87,-0.09999999999999998,1,9880
100,0.87,-0.09999999999999998,2,9900
100,0.87,-0.10999999999999999,0,9500
100,0.87,-0.10999999999999999,1,9910
100,0.87,-0.10999999999999999,2,0
100,0.87,-0.12,0,9850
100,0.87,-0.12,1,9720
100,0.87,-0.12,2,9890
100,0.87,-0.13,0,9920
100,0.87,-0.13,1,9560
100,0.87,-0.13,2,2990
100,0.87,-0.14,0,9940
100,0.87,-0.14,1,9930
100,0.87,-0.14,2,9880
100,0.87,-0.15000000000000002,0,3500
100,0.87,-0.15000000000000002,1,9660
100,0.87,-0.15000000000000002,2,9900
100,0.87,-0.16000000000000003,0,9940
100,0.87,-0.16000000000000003,1,9830
100,0.87,-0.16000000000000003,2,9720
100,0.87,-0.17000000000000004,0,8280
100,0.87,-0.17000000000000004,1,9820
100,0.87,-0.17000000000000004,2,9820
100,0.87,-0.18000000000000005,0,9860
100,0.87,-0.18000000000000005,1,9760
100,0.87,-0.18000000000000005,2,9930
100,0.87,-0.19000000000000006,0,9860
100,0.87,-0.19000000000000006,1,9740
100,0.87,-0.19000000000000006,2,9890
100,0.87,-0.20000000000000007,0,9920
100,0.87,-0.20000000000000007,1,4090
100,0.87,-0.20000000000000007,2,4800
100,0.87,-0.21000000000000008,0,9940
100,0.87,-0.21000000000000008,1,9920
100,0.87,-0.21000000000000008,2,9630
100,0.87,-0.22000000000000008,0,9900
100,0.87,-0.22000000000000008,1,9840
100,0.87,-0.22000000000000008,2,9560
100,0.87,-0.22999999999999998,0,9840
100,0.87,-0.22999999999999998,1,9900
100,0.87,-0.22999999999999998,2,9870
100,0.87,-0.24,0,9890
100,0.87,-0.24,1,9880
100,0.87,-0.24,2,7860
100,0.87,-0.25,0,9870
100,0.87,-0.25,1,9790
100,0.87,-0.25,2,9930
100,0.87,-0.26,0,9900
100,0.87,-0.26,1,9890
100,0.87,-0.26,2,9860
100,0.87,-0.27,0,9840
100,0.87,-0.27,1,9880
100,0.87,-0.27,2,9570
100,0.87,-0.28,0,2970
100,0.87,-0.28,1,9640
100,0.87,-0.28,2,9900
100,0.87,-0.29000000000000004,0,5540
100,0.87,-0.29000000000000004,1,9910
100,0.87,-0.29000000000000004,2,7830
100,0.87,-0.30000000000000004,0,9880
100,0.87,-0.30000000000000004,1,8530
100,0.87,-0.30000000000000004,2,6500
100,0.87,-0.31000000000000005,0,9920
100,0.87,-0.31000000000000005,1,9920
100,0.87,-0.31000000000000005,2,7410
100,0.87,-0.32000000000000006,0,7570
100,0.87,-0.32000000000000006,1,5430
100,0.87,-0.32000000000000006,2,9490
100,0.87,-0.33,0,7540
100,0.87,-0.33,1,9920
100,0.87,-0.33,2,9740
100,0.87,-0.34,0,9910
100,0.87,-0.34,1,9920
100,0.87,-0.34,2,9850
100,0.87,-0.35000000000000003,0,9870
100,0.87,-0.35000000000000003,1,9840
100,0.87,-0.35000000000000003,2,9950
100,0.87,-0.36000000000000004,0,9860
100,0.87,-0.36000000000000004,1,9940
100,0.87,-0.36000000000000004,2,6930
100,0.87,-0.37000000000000005,0,9830
100,0.87,-0.37000000000000005,1,8280
100,0.87,-0.37000000000000005,2,5480
100,0.87,-0.38000000000000006,0,7890
100,0.87,-0.38000000000000006,1,7150
100,0.87,-0.38000000000000006,2,9760
100,0.87,-0.39,0,9950
100,0.87,-0.39,1,9570
100,0.87,-0.39,2,7190
100,0.87,-0.41000000000000003,0,9850
100,0.87,-0.41000000000000003,1,9880
100,0.87,-0.41000000000000003,2,9770
100,0.87,-0.42000000000000004,0,5820
100,0.87,-0.42000000000000004,1,8850
100,0.87,-0.42000000000000004,2,7550
100,0.87,-0.43000000000000005,0,9930
100,0.87,-0.43000000000000005,1,9820
100,0.87,-0.43000000000000005,2,9770
100,0.87,-0.44000000000000006,0,9700
100,0.87,-0.44000000000000006,1,9660
100,0.87,-0.44000000000000006,2,9810
100,0.87,-0.45,0,9930
100,0.87,-0.45,1,9910
100,0.87,-0.45,2,9920
100,0.87,-0.46,0,9940
100,0.87,-0.46,1,9790
100,0.87,-0.46,2,9940
100,0.87,-0.47000000000000003,0,9800
100,0.87,-0.47000000000000003,1,9760
100,0.87,-0.47000000000000003,2,7590
100,0.87,-0.48000000000000004,0,9900
100,0.87,-0.48000000000000004,1,9530
100,0.87,-0.48000000000000004,2,9930
100,0.87,-0.49000000000000005,0,9850
100,0.87,-0.49000000000000005,1,9940
100,0.87,-0.49000000000000005,2,9730
100,0.87,-0.4,0,9930
100,0.87,-0.4,1,9780
100,0.87,-0.4,2,9920
100,0.87,-0.51,0,9940
100,0.87,-0.51,1,9940
100,0.87,-0.51,2,9810
100,0.87,-0.52,0,9900
100,0.87,-0.52,1,8280
100,0.87,-0.52,2,7250
100,0.87,-0.53,0,9950
100,0.87,-0.53,1,7870
100,0.87,-0.53,2,9850
100,0.87,-0.54,0,5030
100,0.87,-0.54,1,5580
100,0.87,-0.54,2,9930
100,0.87,-0.55,0,9470
100,0.87,-0.55,1,8720
100,0.87,-0.55,2,9930
100,0.87,-0.56,0,9910
100,0.87,-0.56,1,8640
100,0.87,-0.56,2,7650
100,0.87,-0.5700000000000001,0,9910
100,0.87,-0.5700000000000001,1,9940
100,0.87,-0.5700000000000001,2,9930
100,0.87,-0.5800000000000001,0,9800
100,0.87,-0.5800000000000001,1,8370
100,0.87,-0.5800000000000001,2,9930
100,0.87,-0.5900000000000001,0,9940
100,0.87,-0.5900000000000001,1,9890
100,0.87,-0.5900000000000001,2,9920
100,0.87,-0.5,0,9950
100,0.87,-0.5,1,9900
100,0.87,-0.5,2,9880
100,0.87,-0.6000000000000001,0,9930
100,0.87,-0.6000000000000001,1,9930
100,0.87,-0.6000000000000001,2,9360
100,0.87,-0.6100000000000001,0,9890
100,0.87,-0.6100000000000001,1,9950
100,0.87,-0.6100000000000001,2,9900
100,0.87,-0.6200000000000001,0,9940
100,0.87,-0.6200000000000001,1,9870
100,0.87,-0.6200000000000001,2,9600
100,0.87,-0.63,0,9850
100,0.87,-0.63,1,8680
100,0.87,-0.63,2,9800
100,0.87,-0.64,0,9580
100,0.87,-0.64,1,9930
100,0.87,-0.64,2,9920
100,0.87,-0.65,0,7200
100,0.87,-0.65,1,9930
100,0.87,-0.65,2,9840
100,0.87,-0.66,0,9940
100,0.87,-0.66,1,7740
100,0.87,-0.66,2,7370
100,0.87,-0.67,0,7480
100,0.87,-0.67,1,9830
100,0.87,-0.67,2,7700
100,0.87,-0.68,0,9920
100,0.87,-0.68,1,9910
100,0.87,-0.68,2,9800
100,0.87,-0.6900000000000001,0,9930
100,0.87,-0.6900000000000001,1,9920
100,0.87,-0.6900000000000001,2,8630
100,0.87,-0.7000000000000001,0,9900
100,0.87,-0.7000000000000001,1,9830
100,0.87,-0.7000000000000001,2,7220
100,0.87,-0.7100000000000001,0,9870
100,0.87,-0.7100000000000001,1,7040
100,0.87,-0.7100000000000001,2,9930
100,0.87,-0.7200000000000001,0,9720
100,0.87,-0.7200000000000001,1,9880
100,0.87,-0.7200000000000001,2,9940
100,0.87,-0.73,0,9840
100,0.87,-0.73,1,9930
100,0.87,-0.73,2,9830
100,0.87,-0.74,0,9210
100,0.87,-0.74,1,7050
100,0.87,-0.74,2,9900
100,0.87,-0.75,0,9920
100,0.87,-0.75,1,9930
100,0.87,-0.75,2,9930
100,0.87,-0.76,0,9950
100,0.87,-0.76,1,7930
100,0.87,-0.76,2,9930
100,0.87,-0.77,0,9930
100,0.87,-0.77,1,9890
100,0.87,-0.77,2,7890
100,0.87,-0.78,0,9820
100,0.87,-0.78,1,9900
100,0.87,-0.78,2,9920
100,0.87,-0.79,0,9560
100,0.87,-0.79,1,9890
100,0.87,-0.79,2,9940
100,0.87,-0.8,0,9920
100,0.87,-0.8,1,9880
100,0.87,-0.8,2,9920
100,0.87,0.010000000000000009,0,8720
100,0.87,0.010000000000000009,1,7760
100,0.87,0.010000000000000009,2,2170
100,0.87,0.020000000000000018,0,5040
100,0.87,0.020000000000000018,1,2920
100,0.87,0.020000000000000018,2,630
100,0.87,0.030000000000000027,0,3460
100,0.87,0.030000000000000027,1,1610
100,0.87,0.030000000000000027,2,50
100,0.87,0.039999999999999925,0,2670
100,0.87,0.039999999999999925,1,1050
100,0.87,0.039999999999999925,2,40
100,0.87,0.04999999999999993,0,2150
100,0.87,0.04999999999999993,1,680
100,0.87,0.04999999999999993,2,30
100,0.87,0.05999999999999994,0,1800
100,0.87,0.05999999999999994,1,390
100,0.87,0.05999999999999994,2,30
100,0.87,0.06999999999999995,0,1520
100,0.87,0.06999999999999995,1,110
100,0.87,0.06999999999999995,2,20
100,0.87,0.07999999999999996,0,1300
100,0.87,0.07999999999999996,1,100
100,0.87,0.07999999999999996,2,20
100,0.87,0.08999999999999997,0,1110
100,0.87,0.08999999999999997,1,100
100,0.87,0.08999999999999997,2,20
100,0.87,0.09999999999999998,0,970
100,0.87,0.09999999999999998,1,90
100,0.87,0.09999999999999998,2,20
100,0.87,0.0,0,0
100,0.87,0.0,1,0
100,0.87,0.0,2,0
100,0.87,0.10999999999999999,0,70
100,0.87,0.10999999999999999,1,80
100,0.87,0.10999999999999999,2,20
100,0.87,0.12,0,70
100,0.87,0.12,1,80
100,0.87,0.12,2,20
100,0.87,0.13,0,60
100,0.87,0.13,1,80
100,0.87,0.13,2,10
100,0.87,0.14,0,60
100,0.87,0.14,1,30
100,0.87,0.14,2,10
100,0.87,0.15000000000000002,0,60
100,0.87,0.15000000000000002,1,0
100,0.87,0.15000000000000002,2,10
100,0.87,0.15999999999999992,0,50
100,0.87,0.15999999999999992,1,0
100,0.87,0.15999999999999992,2,10
100,0.87,0.16999999999999993,0,50
100,0.87,0.16999999999999993,1,0
100,0.87,0.16999999999999993,2,10
100,0.87,0.17999999999999994,0,50
100,0.87,0.17999999999999994,1,0
100,0.87,0.17999999999999994,2,10
100,0.87,0.18999999999999995,0,50
100,0.87,0.18999999999999995,1,0
100,0.87,0.18999999999999995,2,10
100,0.87,0.2,0,40
100,0.87,0.2,1,0
100,0.87,0.2,2,10
100,0.88,-0.010000000000000009,0,0
100,0.88,-0.010000000000000009,1,0
100,0.88,-0.010000000000000009,2,0
100,0.88,-0.020000000000000018,0,0
100,0.88,-0.020000000000000018,1,0
100,0.88,-0.020000000000000018,2,0
100,0.88,-0.030000000000000027,0,0
100,0.88,-0.030000000000000027,1,0
100,0.88,-0.030000000000000027,2,0
100,0.88,-0.040000000000000036,0,7060
100,0.88,-0.040000000000000036,1,0
100,0.88,-0.040000000000000036,2,0
100,0.88,-0.050000000000000044,0,0
100,0.88,-0.050000000000000044,1,9930
100,0.88,-0.050000000000000044,2,9920
100,0.88,-0.06000000000000005,0,9920
100,0.88,-0.06000000000000005,1,9430
100,0.88,-0.06000000000000005,2,0
100,0.88,-0.07000000000000006,0,4260
100,0.88,-0.07000000000000006,1,9610
100,0.88,-0.07000000000000006,2,0
100,0.88,-0.08000000000000007,0,6630
100,0.88,-0.08000000000000007,1,9930
100,0.88,-0.08000000000000007,2,3910
100,0.88,-0.09000000000000008,0,9930
100,0.88,-0.09000000000000008,1,9860
100,0.88,-0.09000000000000008,2,6940
100,0.88,-0.09999999999999998,0,9500
100,0.88,-0.09999999999999998,1,9790
100,0.88,-0.09999999999999998,2,5940
100,0.88,-0.10999999999999999,0,3080
100,0.88,-0.10999999999999999,1,9750
100,0.88,-0.10999999999999999,2,9190
100,0.88,-0.12,0,0
100,0.88,-0.12,1,9910
100,0.88,-0.12,2,9400
100,0.88,-0.13,0,9800
100,0.88,-0.13,1,9310
100,0.88,-0.13,2,9910
100,0.88,-0.14,0,9730
100,0.88,-0.14,1,9720
100,0.88,-0.14,2,9930
100,0.88,-0.15000000000000002,0,3020
100,0.88,-0.15000000000000002,1,9920
100,0.88,-0.15000000000000002,2,0
100,0.88,-0.16000000000000003,0,9800
100,0.88,-0.16000000000000003,1,9850
100,0.88,-0.16000000000000003,2,9700
100,0.88,-0.17000000000000004,0,1720
100,0.88,-0.17000000000000004,1,9880
100,0.88,-0.17000000000000004,2,7150
100,0.88,-0.18000000000000005,0,9780
100,0.88,-0.18000000000000005,1,9890
100,0.88,-0.18000000000000005,2,9820
100,0.88,-0.19000000000000006,0,9910
100,0.88,-0.19000000000000006,1,9530
100,0.88,-0.19000000000000006,2,3490
100,0.88,-0.20000000000000007,0,9890
100,0.88,-0.20000000000000007,1,9940
100,0.88,-0.20000000000000007,2,0
100,0.88,-0.21000000000000008,0,9870
100,0.88,-0.21000000000000008,1,9680
100,0.88,-0.21000000000000008,2,9910
100,0.88,-0.22000000000000008,0,9740
100,0.88,-0.22000000000000008,1,9850
100,0.88,-0.22000000000000008,2,9830
100,0.88,-0.22999999999999998,0,9870
100,0.88,-0.22999999999999998,1,9780
100,0.88,-0.22999999999999998,2,9870
100,0.88,-0.24,0,9890
100,0.88,-0.24,1,9890
100,0.88,-0.24,2,9730
100,0.88,-0.25,0,9910
100,0.88,-0.25,1,9930
100,0.88,-0.25,2,9450
100,0.88,-0.26,0,9490
100,0.88,-0.26,1,9950
100,0.88,-0.26,2,9800
100,0.88,-0.27,0,9820
100,0.88,-0.27,1,8230
100,0.88,-0.27,2,9650
100,0.88,-0.28,0,9890
100,0.88,-0.28,1,9920
100,0.88,-0.28,2,8030
100,0.88,-0.29000000000000004,0,9860
100,0.88,-0.29000000000000004,1,9920
100,0.88,-0.29000000000000004,2,9850
100,0.88,-0.30000000000000004,0,9930
100,0.88,-0.30000000000000004,1,9580
100,0.88,-0.30000000000000004,2,9840
100,0.88,-0.31000000000000005,0,9900
100,0.88,-0.31000000000000005,1,6670
100,0.88,-0.31000000000000005,2,5900
100,0.88,-0.32000000000000006,0,9900
100,0.88,-0.32000000000000006,1,9910
100,0.88,-0.32000000000000006,2,9920
100,0.88,-0.33,0,9940
100,0.88,-0.33,1,9200
100,0.88,-0.33,2,9930
100,0.88,-0.34,0,9720
100,0.88,-0.34,1,9530
100,0.88,-0.34,2,9810
100,0.88,-0.35000000000000003,0,9670
100,0.88,-0.35000000000000003,1,9930
100,0.88,-0.35000000000000003,2,9790
100,0.88,-0.36000000000000004,0,9760
100,0.88,-0.36000000000000004,1,9920
100,0.88,-0.36000000000000004,2,9940
100,0.88,-0.37000000000000005,0,9900
100,0.88,-0.37000000000000005,1,9850
100,0.88,-0.37000000000000005,2,9840
100,0.88,-0.38000000000000006,0,9870
100,0.88,-0.38000000000000006,1,9930
100,0.88,-0.38000000000000006,2,9700
100,0.88,-0.39,0,9920
100,0.88,-0.39,1,9910
100,0.88,-0.39,2,9900
100,0.88,-0.41000000000000003,0,6220
100,0.88,-0.41000000000000003,1,9800
100,0.88,-0.41000000000000003,2,9950
100,0.88,-0.42000000000000004,0,3860
100,0.88,-0.42000000000000004,1,9650
100,0.88,-0.42000000000000004,2,9770
100,0.88,-0.43000000000000005,0,6990
100,0.88,-0.43000000000000005,1,9920
100,0.88,-0.43000000000000005,2,8620
100,0.88,-0.44000000000000006,0,9850
100,0.88,-0.44000000000000006,1,9840
100,0.88,-0.44000000000000006,2,9900
100,0.88,-0.45,0,9890
100,0.88,-0.45,1,8460
100,0.88,-0.45,2,9880
100,0.88,-0.46,0,9880
100,0.88,-0.46,1,9740
100,0.88,-0.46,2,7890
100,0.88,-0.47000000000000003,0,9790
100,0.88,-0.47000000000000003,1,9840
100,0.88,-0.47000000000000003,2,9840
100,0.88,-0.48000000000000004,0,7190
100,0.88,-0.48000000000000004,1,9920
100,0.88,-0.48000000000000004,2,9950
100,0.88,-0.49000000000000005,0,9950
100,0.88,-0.49000000000000005,1,9770
100,0.88,-0.49000000000000005,2,9930
100,0.88,-0.4,0,9870
100,0.88,-0.4,1,9910
100,0.88,-0.4,2,9770
100,0.88,-0.51,0,9880
100,0.88,-0.51,1,9930
100,0.88,-0.51,2,9940
100,0.88,-0.52,0,7910
100,0.88,-0.52,1,9880
100,0.88,-0.52,2,9950
100,0.88,-0.53,0,9910
100,0.88,-0.53,1,6640
100,0.88,-0.53,2,9890
100,0.88,-0.54,0,6340
100,0.88,-0.54,1,9800
100,0.88,-0.54,2,9790
100,0.88,-0.55,0,7820
100,0.88,-0.55,1,9940
100,0.88,-0.55,2,9900
100,0.88,-0.56,0,7300
100,0.88,-0.56,1,9910
100,0.88,-0.56,2,8250
100,0.88,-0.5700000000000001,0,9810
100,0.88,-0.5700000000000001,1,6900
100,0.88,-0.5700000000000001,2,9950
100,0.88,-0.5800000000000001,0,9940
100,0.88,-0.5800000000000001,1,9880
100,0.88,-0.5800000000000001,2,8020
100,0.88,-0.5900000000000001,0,7200
100,0.88,-0.5900000000000001,1,9930
100,0.88,-0.5900000000000001,2,8460
100,0.88,-0.5,0,9950
100,0.88,-0.5,1,9920
100,0.88,-0.5,2,9950
100,0.88,-0.6000000000000001,0,9950
100,0.88,-0.6000000000000001,1,6780
100,0.88,-0.6000000000000001,2,9880
100,0.88,-0.6100000000000001,0,9940
100,0.88,-0.6100000000000001,1,9800
100,0.88,-0.6100000000000001,2,9910
100,0.88,-0.6200000000000001,0,9660
100,0.88,-0.6200000000000001,1,7950
100,0.88,-0.6200000000000001,2,9720
100,0.88,-0.63,0,9650
100,0.88,-0.63,1,9950
100,0.88,-0.63,2,7740
100,0.88,-0.64,0,7220
100,0.88,-0.64,1,7680
100,0.88,-0.64,2,8370
100,0.88,-0.65,0,9600
100,0.88,-0.65,1,9910
100,0.88,-0.65,2,9940
100,0.88,-0.66,0,9690
100,0.88,-0.66,1,9910
100,0.88,-0.66,2,9940
100,0.88,-0.67,0,9920
100,0.88,-0.67,1,9940
100,0.88,-0.67,2,9840
100,0.88,-0.68,0,9930
100,0.88,-0.68,1,9900
100,0.88,-0.68,2,7040
100,0.88,-0.6900000000000001,0,9910
100,0.88,-0.6900000000000001,1,7500
100,0.88,-0.6900000000000001,2,9780
100,0.88,-0.7000000000000001,0,9890
100,0.88,-0.7000000000000001,1,9940
100,0.88,-0.7000000000000001,2,9930
100,0.88,-0.7100000000000001,0,9820
100,0.88,-0.7100000000000001,1,9920
100,0.88,-0.7100000000000001,2,9940
100,0.88,-0.7200000000000001,0,9920
100,0.88,-0.7200000000000001,1,9880
100,0.88,-0.7200000000000001,2,9940
100,0.88,-0.73,0,9920
100,0.88,-0.73,1,7760
100,0.88,-0.73,2,9950
100,0.88,-0.74,0,9840
100,0.88,-0.74,1,9340
100,0.88,-0.74,2,9910
100,0.88,-0.75,0,9880
100,0.88,-0.75,1,9930
100,0.88,-0.75,2,9510
100,0.88,-0.76,0,9500
100,0.88,-0.76,1,9840
100,0.88,-0.76,2,9810
100,0.88,-0.77,0,9940
100,0.88,-0.77,1,9900
100,0.88,-0.77,2,9850
100,0.88,-0.78,0,8520
100,0.88,-0.78,1,9920
100,0.88,-0.78,2,9950
100,0.88,-0.79,0,9930
100,0.88,-0.79,1,9920
100,0.88,-0.79,2,9890
100,0.88,-0.8,0,9380
100,0.88,-0.8,1,9850
100,0.88,-0.8,2,9780
100,0.88,0.010000000000000009,0,9575
100,0.88,0.010000000000000009,1,9785
100,0.88,0.010000000000000009,2,2180
100,0.88,0.020000000000000018,0,5280
100,0.88,0.020000000000000018,1,3050
100,0.88,0.020000000000000018,2,640
100,0.88,0.030000000000000027,0,3640
100,0.88,0.030000000000000027,1,0
100,0.88,0.030000000000000027,2,997
100,0.88,0.039999999999999925,0,1929
100,0.88,0.039999999999999925,1,1317
100,0.88,0.039999999999999925,2,749
100,0.88,0.04999999999999993,0,1596
100,0.88,0.04999999999999993,1,680
100,0.88,0.04999999999999993,2,30
100,0.88,0.05999999999999994,0,1880
100,0.88,0.05999999999999994,1,400
100,0.88,0.05999999999999994,2,30
100,0.88,0.06999999999999995,0,1590
100,0.88,0.06999999999999995,1,110
100,0.88,0.06999999999999995,2,20
100,0.88,0.07999999999999996,0,1340
100,0.88,0.07999999999999996,1,100
100,0.88,0.07999999999999996,2,20
100,0.88,0.08999999999999997,0,1160
100,0.88,0.08999999999999997,1,100
100,0.88,0.08999999999999997,2,20
100,0.88,0.09999999999999998,0,1010
100,0.88,0.09999999999999998,1,90
100,0.88,0.09999999999999998,2,20
100,0.88,0.0,0,0
100,0.88,0.0,1,0
100,0.88,0.0,2,0
100,0.88,0.10999999999999999,0,70
100,0.88,0.10999999999999999,1,80
100,0.88,0.10999999999999999,2,20
100,0.88,0.12,0,70
100,0.88,0.12,1,80
100,0.88,0.12,2,20
100,0.88,0.13,0,60
100,0.88,0.13,1,80
100,0.88,0.13,2,10
100,0.88,0.14,0,60
100,0.88,0.14,1,30
100,0.88,0.14,2,10
100,0.88,0.15000000000000002,0,60
100,0.88,0.15000000000000002,1,0
100,0.88,0.15000000000000002,2,10
100,0.88,0.15999999999999992,0,50
100,0.88,0.15999999999999992,1,0
100,0.88,0.15999999999999992,2,10
100,0.88,0.16999999999999993,0,50
100,0.88,0.16999999999999993,1,0
100,0.88,0.16999999999999993,2,10
100,0.88,0.17999999999999994,0,50
100,0.88,0.17999999999999994,1,0
100,0.88,0.17999999999999994,2,10
100,0.88,0.18999999999999995,0,50
100,0.88,0.18999999999999995,1,0
100,0.88,0.18999999999999995,2,10
100,0.88,0.2,0,40
100,0.88,0.2,1,0
100,0.88,0.2,2,10
100,0.89,-0.010000000000000009,0,0
100,0.89,-0.010000000000000009,1,0
100,0.89,-0.010000000000000009,2,0
100,0.89,-0.020000000000000018,0,0
100,0.89,-0.020000000000000018,1,0
100,0.89,-0.020000000000000018,2,0
100,0.89,-0.030000000000000027,0,0
100,0.89,-0.030000000000000027,1,7370
100,0.89,-0.030000000000000027,2,5420
100,0.89,-0.040000000000000036,0,0
100,0.89,-0.040000000000000036,1,7000
100,0.89,-0.040000000000000036,2,9920
100,0.89,-0.050000000000000044,0,0
100,0.89,-0.050000000000000044,1,9690
100,0.89,-0.050000000000000044,2,0
100,0.89,-0.06000000000000005,0,4100
100,0.89,-0.06000000000000005,1,9320
100,0.89,-0.06000000000000005,2,0
100,0.89,-0.07000000000000006,0,7300
100,0.89,-0.07000000000000006,1,3910
100,0.89,-0.07000000000000006,2,5400
100,0.89,-0.08000000000000007,0,9910
100,0.89,-0.08000000000000007,1,9050
100,0.89,-0.08000000000000007,2,8840
100,0.89,-0.09000000000000008,0,4850
100,0.89,-0.09000000000000008,1,9800
100,0.89,-0.09000000000000008,2,3750
100,0.89,-0.09999999999999998,0,0
100,0.89,-0.09999999999999998,1,9600
100,0.89,-0.09999999999999998,2,9930
100,0.89,-0.10999999999999999,0,2770
100,0.89,-0.10999999999999999,1,9780
100,0.89,-0.10999999999999999,2,9940
100,0.89,-0.12,0,9860
100,0.89,-0.12,1,9870
100,0.89,-0.12,2,8260
100,0.89,-0.13,0,0
100,0.89,-0.13,1,9940
100,0.89,-0.13,2,9790
100,0.89,-0.14,0,9670
100,0.89,-0.14,1,9740
100,0.89,-0.14,2,9890
100,0.89,-0.15000000000000002,0,9910
100,0.89,-0.15000000000000002,1,9690
100,0.89,-0.15000000000000002,2,9930
100,0.89,-0.16000000000000003,0,6340
100,0.89,-0.16000000000000003,1,6790
100,0.89,-0.16000000000000003,2,9790
100,0.89,-0.17000000000000004,0,9710
100,0.89,-0.17000000000000004,1,9800
100,0.89,-0.17000000000000004,2,9830
100,0.89,-0.18000000000000005,0,6410
100,0.89,-0.18000000000000005,1,9850
100,0.89,-0.18000000000000005,2,9860
100,0.89,-0.19000000000000006,0,9870
100,0.89,-0.19000000000000006,1,9920
100,0.89,-0.19000000000000006,2,9710
100,0.89,-0.20000000000000007,0,9950
100,0.89,-0.20000000000000007,1,9810
100,0.89,-0.20000000000000007,2,0
100,0.89,-0.21000000000000008,0,9790
100,0.89,-0.21000000000000008,1,9930
100,0.89,-0.21000000000000008,2,9780
100,0.89,-0.22000000000000008,0,9420
100,0.89,-0.22000000000000008,1,8300
100,0.89,-0.22000000000000008,2,9680
100,0.89,-0.22999999999999998,0,9750
100,0.89,-0.22999999999999998,1,9710
100,0.89,-0.22999999999999998,2,5440
100,0.89,-0.24,0,9920
100,0.89,-0.24,1,9850
100,0.89,-0.24,2,9900
100,0.89,-0.25,0,9690
100,0.89,-0.25,1,9870
100,0.89,-0.25,2,9900
100,0.89,-0.26,0,7770
100,0.89,-0.26,1,9870
100,0.89,-0.26,2,9900
100,0.89,-0.27,0,9920
100,0.89,-0.27,1,9900
100,0.89,-0.27,2,9870
100,0.89,-0.28,0,9940
100,0.89,-0.28,1,9900
100,0.89,-0.28,2,9940
100,0.89,-0.29000000000000004,0,8060
100,0.89,-0.29000000000000004,1,9930
100,0.89,-0.29000000000000004,2,9880
100,0.89,-0.30000000000000004,0,6530
100,0.89,-0.30000000000000004,1,5210
100,0.89,-0.30000000000000004,2,4500
100,0.89,-0.31000000000000005,0,9860
100,0.89,-0.31000000000000005,1,9690
100,0.89,-0.31000000000000005,2,9820
100,0.89,-0.32000000000000006,0,9900
100,0.89,-0.32000000000000006,1,9860
100,0.89,-0.32000000000000006,2,9900
100,0.89,-0.33,0,9770
100,0.89,-0.33,1,9630
100,0.89,-0.33,2,9940
100,0.89,-0.34,0,9920
100,0.89,-0.34,1,9950
100,0.89,-0.34,2,9930
100,0.89,-0.35000000000000003,0,9920
100,0.89,-0.35000000000000003,1,9930
100,0.89,-0.35000000000000003,2,7560
100,0.89,-0.36000000000000004,0,9570
100,0.89,-0.36000000000000004,1,9910
100,0.89,-0.36000000000000004,2,9910
100,0.89,-0.37000000000000005,0,9910
100,0.89,-0.37000000000000005,1,9940
100,0.89,-0.37000000000000005,2,9890
100,0.89,-0.38000000000000006,0,9880
100,0.89,-0.38000000000000006,1,9930
100,0.89,-0.38000000000000006,2,9910
100,0.89,-0.39,0,9740
100,0.89,-0.39,1,8430
100,0.89,-0.39,2,6930
100,0.89,-0.41000000000000003,0,9930
100,0.89,-0.41000000000000003,1,9620
100,0.89,-0.41000000000000003,2,9950
100,0.89,-0.42000000000000004,0,9540
100,0.89,-0.42000000000000004,1,9940
100,0.89,-0.42000000000000004,2,9910
100,0.89,-0.43000000000000005,0,6470
100,0.89,-0.43000000000000005,1,9950
100,0.89,-0.43000000000000005,2,9860
100,0.89,-0.44000000000000006,0,9880
100,0.89,-0.44000000000000006,1,9920
100,0.89,-0.44000000000000006,2,9920
100,0.89,-0.45,0,9920
100,0.89,-0.45,1,6990
100,0.89,-0.45,2,9930
100,0.89,-0.46,0,6870
100,0.89,-0.46,1,9930
100,0.89,-0.46,2,9940
100,0.89,-0.47000000000000003,0,7640
100,0.89,-0.47000000000000003,1,9930
100,0.89,-0.47000000000000003,2,9930
100,0.89,-0.48000000000000004,0,9880
100,0.89,-0.48000000000000004,1,9810
100,0.89,-0.48000000000000004,2,9920
100,0.89,-0.49000000000000005,0,6610
100,0.89,-0.49000000000000005,1,8520
100,0.89,-0.49000000000000005,2,7730
100,0.89,-0.4,0,7860
100,0.89,-0.4,1,9480
100,0.89,-0.4,2,9940
100,0.89,-0.51,0,6350
100,0.89,-0.51,1,9910
100,0.89,-0.51,2,9900
100,0.89,-0.52,0,9920
100,0.89,-0.52,1,9940
100,0.89,-0.52,2,5480
100,0.89,-0.53,0,9950
100,0.89,-0.53,1,9800
100,0.89,-0.53,2,9670
100,0.89,-0.54,0,9950
100,0.89,-0.54,1,9930
100,0.89,-0.54,2,9930
100,0.89,-0.55,0,8530
100,0.89,-0.55,1,9920
100,0.89,-0.55,2,9920
100,0.89,-0.56,0,9920
100,0.89,-0.56,1,6880
100,0.89,-0.56,2,9940
100,0.89,-0.5700000000000001,0,9860
100,0.89,-0.5700000000000001,1,9920
100,0.89,-0.5700000000000001,2,9950
100,0.89,-0.5800000000000001,0,9790
100,0.89,-0.5800000000000001,1,7070
100,0.89,-0.5800000000000001,2,9780
100,0.89,-0.5900000000000001,0,9920
100,0.89,-0.5900000000000001,1,8300
100,0.89,-0.5900000000000001,2,9940
100,0.89,-0.5,0,9930
100,0.89,-0.5,1,9940
100,0.89,-0.5,2,9940
100,0.89,-0.6000000000000001,0,9940
100,0.89,-0.6000000000000001,1,9940
100,0.89,-0.6000000000000001,2,9930
100,0.89,-0.6100000000000001,0,7540
100,0.89,-0.6100000000000001,1,9880
100,0.89,-0.6100000000000001,2,9950
100,0.89,-0.6200000000000001,0,9870
100,0.89,-0.6200000000000001,1,9920
100,0.89,-0.6200000000000001,2,9910
100,0.89,-0.63,0,7770
100,0.89,-0.63,1,7790
100,0.89,-0.63,2,9900
100,0.89,-0.64,0,9670
100,0.89,-0.64,1,9830
100,0.89,-0.64,2,9930
100,0.89,-0.65,0,9910
100,0.89,-0.65,1,9950
100,0.89,-0.65,2,7960
100,0.89,-0.66,0,9870
100,0.89,-0.66,1,9930
100,0.89,-0.66,2,9680
100,0.89,-0.67,0,9930
100,0.89,-0.67,1,9830
100,0.89,-0.67,2,9930
100,0.89,-0.68,0,9890
100,0.89,-0.68,1,9780
100,0.89,-0.68,2,9900
100,0.89,-0.6900000000000001,0,9910
100,0.89,-0.6900000000000001,1,9890
100,0.89,-0.6900000000000001,2,9930
100,0.89,-0.7000000000000001,0,9760
100,0.89,-0.7000000000000001,1,9920
100,0.89,-0.7000000000000001,2,9780
100,0.89,-0.7100000000000001,0,9900
100,0.89,-0.7100000000000001,1,9880
100,0.89,-0.7100000000000001,2,9940
100,0.89,-0.7200000000000001,0,6460
100,0.89,-0.7200000000000001,1,9940
100,0.89,-0.7200000000000001,2,9940
100,0.89,-0.73,0,9840
100,0.89,-0.73,1,9950
100,0.89,-0.73,2,9910
100,0.89,-0.74,0,8280
100,0.89,-0.74,1,9850
100,0.89,-0.74,2,9930
100,0.89,-0.75,0,9900
100,0.89,-0.75,1,9910
100,0.89,-0.75,2,9940
100,0.89,-0.76,0,9910
100,0.89,-0.76,1,9930
100,0.89,-0.76,2,9850
100,0.89,-0.77,0,9950
100,0.89,-0.77,1,9890
100,0.89,-0.77,2,9860
100,0.89,-0.78,0,9940
100,0.89,-0.78,1,9920
100,0.89,-0.78,2,9930
100,0.89,-0.79,0,9940
100,0.89,-0.79,1,9930
100,0.89,-0.79,2,9850
100,0.89,-0.8,0,9920
100,0.89,-0.8,1,9890
100,0.89,-0.8,2,9740
100,0.89,0.010000000000000009,0,9547
100,0.89,0.010000000000000009,1,8400
100,0.89,0.010000000000000009,2,2190
100,0.89,0.020000000000000018,0,5580
100,0.89,0.020000000000000018,1,3160
100,0.89,0.020000000000000018,2,640
100,0.89,0.030000000000000027,0,3870
100,0.89,0.030000000000000027,1,1750
100,0.89,0.030000000000000027,2,50
100,0.89,0.039999999999999925,0,2970
100,0.89,0.039999999999999925,1,1120
100,0.89,0.039999999999999925,2,40
100,0.89,0.04999999999999993,0,2380
100,0.89,0.04999999999999993,1,710
100,0.89,0.04999999999999993,2,30
100,0.89,0.05999999999999994,0,1960
100,0.89,0.05999999999999994,1,410
100,0.89,0.05999999999999994,2,30
100,0.89,0.06999999999999995,0,1670
100,0.89,0.06999999999999995,1,110
100,0.89,0.06999999999999995,2,20
100,0.89,0.07999999999999996,0,1410
100,0.89,0.07999999999999996,1,100
100,0.89,0.07999999999999996,2,0
100,0.89,0.08999999999999997,0,885
100,0.89,0.08999999999999997,1,683
100,0.89,0.08999999999999997,2,379
100,0.89,0.09999999999999998,0,784
100,0.89,0.09999999999999998,1,752
100,0.89,0.09999999999999998,2,340
100,0.89,0.0,0,0
100,0.89,0.0,1,0
100,0.89,0.0,2,0
100,0.89,0.10999999999999999,0,70
100,0.89,0.10999999999999999,1,80
100,0.89,0.10999999999999999,2,20
100,0.89,0.12,0,70
100,0.89,0.12,1,80
100,0.89,0.12,2,20
100,0.89,0.13,0,60
100,0.89,0.13,1,80
100,0.89,0.13,2,10
100,0.89,0.14,0,60
100,0.89,0.14,1,30
100,0.89,0.14,2,10
100,0.89,0.15000000000000002,0,60
100,0.89,0.15000000000000002,1,0
100,0.89,0.15000000000000002,2,10
100,0.89,0.15999999999999992,0,50
100,0.89,0.15999999999999992,1,0
100,0.89,0.15999999999999992,2,10
100,0.89,0.16999999999999993,0,50
100,0.89,0.16999999999999993,1,0
100,0.89,0.16999999999999993,2,10
100,0.89,0.17999999999999994,0,50
100,0.89,0.17999999999999994,1,0
100,0.89,0.17999999999999994,2,10
100,0.89,0.18999999999999995,0,50
100,0.89,0.18999999999999995,1,0
100,0.89,0.18999999999999995,2,10
100,0.89,0.2,0,40
100,0.89,0.2,1,0
100,0.89,0.2,2,10
100,0.8,-0.010000000000000009,0,0
100,0.8,-0.010000000000000009,1,0
100,0.8,-0.010000000000000009,2,0
100,0.8,-0.020000000000000018,0,0
100,0.8,-0.020000000000000018,1,0
100,0.8,-0.020000000000000018,2,0
100,0.8,-0.030000000000000027,0,5970
100,0.8,-0.030000000000000027,1,50
100,0.8,-0.030000000000000027,2,0
100,0.8,-0.040000000000000036,0,5970
100,0.8,-0.040000000000000036,1,4150
100,0.8,-0.040000000000000036,2,0
100,0.8,-0.050000000000000044,0,7750
100,0.8,-0.050000000000000044,1,9600
100,0.8,-0.050000000000000044,2,8050
100,0.8,-0.06000000000000005,0,5910
100,0.8,-0.06000000000000005,1,9930
100,0.8,-0.06000000000000005,2,9920
100,0.8,-0.07000000000000006,0,8740
100,0.8,-0.07000000000000006,1,9470
100,0.8,-0.07000000000000006,2,0
100,0.8,-0.08000000000000007,0,9850
100,0.8,-0.08000000000000007,1,9880
100,0.8,-0.08000000000000007,2,9950
100,0.8,-0.09000000000000008,0,9940
100,0.8,-0.09000000000000008,1,9280
100,0.8,-0.09000000000000008,2,9900
100,0.8,-0.09999999999999998,0,9310
100,0.8,-0.09999999999999998,1,9640
100,0.8,-0.09999999999999998,2,9640
100,0.8,-0.10999999999999999,0,4980
100,0.8,-0.10999999999999999,1,9930
100,0.8,-0.10999999999999999,2,9190
100,0.8,-0.12,0,4580
100,0.8,-0.12,1,9890
100,0.8,-0.12,2,9680
100,0.8,-0.13,0,6790
100,0.8,-0.13,1,9720
100,0.8,-0.13,2,9780
100,0.8,-0.14,0,6520
100,0.8,-0.14,1,9710
100,0.8,-0.14,2,1720
100,0.8,-0.15000000000000002,0,9810
100,0.8,-0.15000000000000002,1,9860
100,0.8,-0.15000000000000002,2,2620
100,0.8,-0.16000000000000003,0,9940
100,0.8,-0.16000000000000003,1,9410
100,0.8,-0.16000000000000003,2,7490
100,0.8,-0.17000000000000004,0,9910
100,0.8,-0.17000000000000004,1,9930
100,0.8,-0.17000000000000004,2,0
100,0.8,-0.18000000000000005,0,4840
100,0.8,-0.18000000000000005,1,9790
100,0.8,-0.18000000000000005,2,9940
100,0.8,-0.19000000000000006,0,9890
100,0.8,-0.19000000000000006,1,9940
100,0.8,-0.19000000000000006,2,9260
100,0.8,-0.20000000000000007,0,9890
100,0.8,-0.20000000000000007,1,9880
100,0.8,-0.20000000000000007,2,9800
100,0.8,-0.21000000000000008,0,9560
100,0.8,-0.21000000000000008,1,9880
100,0.8,-0.21000000000000008,2,9890
100,0.8,-0.22000000000000008,0,9930
100,0.8,-0.22000000000000008,1,9940
100,0.8,-0.22000000000000008,2,4490
100,0.8,-0.22999999999999998,0,9900
100,0.8,-0.22999999999999998,1,9880
100,0.8,-0.22999999999999998,2,9840
100,0.8,-0.24,0,9900
100,0.8,-0.24,1,9920
100,0.8,-0.24,2,9680
100,0.8,-0.25,0,5910
100,0.8,-0.25,1,9760
100,0.8,-0.25,2,9920
100,0.8,-0.26,0,9610
100,0.8,-0.26,1,9880
100,0.8,-0.26,2,7390
100,0.8,-0.27,0,9900
100,0.8,-0.27,1,6020
100,0.8,-0.27,2,7180
100,0.8,-0.28,0,9920
100,0.8,-0.28,1,6950
100,0.8,-0.28,2,9950
100,0.8,-0.29000000000000004,0,9690
100,0.8,-0.29000000000000004,1,9600
100,0.8,-0.29000000000000004,2,9840
100,0.8,-0.30000000000000004,0,9730
100,0.8,-0.30000000000000004,1,7260
100,0.8,-0.30000000000000004,2,9950
100,0.8,-0.31000000000000005,0,9870
100,0.8,-0.31000000000000005,1,9930
100,0.8,-0.31000000000000005,2,9920
100,0.8,-0.32000000000000006,0,9920
100,0.8,-0.32000000000000006,1,9830
100,0.8,-0.32000000000000006,2,9890
100,0.8,-0.33,0,9940
100,0.8,-0.33,1,9690
100,0.8,-0.33,2,9890
100,0.8,-0.34,0,9790
100,0.8,-0.34,1,9890
100,0.8,-0.34,2,9820
100,0.8,-0.35000000000000003,0,9900
100,0.8,-0.35000000000000003,1,3280
100,0.8,-0.35000000000000003,2,6560
100,0.8,-0.36000000000000004,0,9680
100,0.8,-0.36000000000000004,1,9940
100,0.8,-0.36000000000000004,2,5710
100,0.8,-0.37000000000000005,0,9870
100,0.8,-0.37000000000000005,1,9730
100,0.8,-0.37000000000000005,2,9690
100,0.8,-0.38000000000000006,0,9940
100,0.8,-0.38000000000000006,1,9890
100,0.8,-0.38000000000000006,2,9930
100,0.8,-0.39,0,9910
100,0.8,-0.39,1,9930
100,0.8,-0.39,2,9860
100,0.8,-0.41000000000000003,0,9890
100,0.8,-0.41000000000000003,1,9920
100,0.8,-0.41000000000000003,2,9940
100,0.8,-0.42000000000000004,0,7400
100,0.8,-0.42000000000000004,1,9930
100,0.8,-0.42000000000000004,2,9790
100,0.8,-0.43000000000000005,0,9940
100,0.8,-0.43000000000000005,1,9840
100,0.8,-0.43000000000000005,2,6850
100,0.8,-0.44000000000000006,0,9930
100,0.8,-0.44000000000000006,1,9400
100,0.8,-0.44000000000000006,2,9910
100,0.8,-0.45,0,7540
100,0.8,-0.45,1,9890
100,0.8,-0.45,2,9890
100,0.8,-0.46,0,9950
100,0.8,-0.46,1,9820
100,0.8,-0.46,2,9920
100,0.8,-0.47000000000000003,0,8080
100,0.8,-0.47000000000000003,1,8540
100,0.8,-0.47000000000000003,2,6040
100,0.8,-0.48000000000000004,0,9830
100,0.8,-0.48000000000000004,1,9880
100,0.8,-0.48000000000000004,2,8270
100,0.8,-0.49000000000000005,0,9000
100,0.8,-0.49000000000000005,1,9910
100,0.8,-0.49000000000000005,2,9940
100,0.8,-0.4,0,9900
100,0.8,-0.4,1,9930
100,0.8,-0.4,2,9880
100,0.8,-0.51,0,9090
100,0.8,-0.51,1,9950
100,0.8,-0.51,2,7950
100,0.8,-0.52,0,9920
100,0.8,-0.52,1,9950
100,0.8,-0.52,2,9790
100,0.8,-0.53,0,9940
100,0.8,-0.53,1,9820
100,0.8,-0.53,2,9940
100,0.8,-0.54,0,9510
100,0.8,-0.54,1,5480
100,0.8,-0.54,2,9920
100,0.8,-0.55,0,9900
100,0.8,-0.55,1,9890
100,0.8,-0.55,2,9930
100,0.8,-0.56,0,9640
100,0.8,-0.56,1,9810
100,0.8,-0.56,2,9900
100,0.8,-0.5700000000000001,0,9890
100,0.8,-0.5700000000000001,1,7670
100,0.8,-0.5700000000000001,2,9880
100,0.8,-0.5800000000000001,0,9880
100,0.8,-0.5800000000000001,1,9840
100,0.8,-0.5800000000000001,2,7820
100,0.8,-0.5900000000000001,0,9900
100,0.8,-0.5900000000000001,1,9880
100,0.8,-0.5900000000000001,2,9880
100,0.8,-0.5,0,8600
100,0.8,-0.5,1,9760
100,0.8,-0.5,2,9740
100,0.8,-0.6000000000000001,0,9920
100,0.8,-0.6000000000000001,1,9820
100,0.8,-0.6000000000000001,2,9880
100,0.8,-0.6100000000000001,0,9850
100,0.8,-0.6100000000000001,1,9950
100,0.8,-0.6100000000000001,2,9940
100,0.8,-0.6200000000000001,0,8650
100,0.8,-0.6200000000000001,1,9880
100,0.8,-0.6200000000000001,2,8120
100,0.8,-0.63,0,9940
100,0.8,-0.63,1,9630
100,0.8,-0.63,2,8420
100,0.8,-0.64,0,9940
100,0.8,-0.64,1,9420
100,0.8,-0.64,2,9940
100,0.8,-0.65,0,9900
100,0.8,-0.65,1,9950
100,0.8,-0.65,2,9670
100,0.8,-0.66,0,9930
100,0.8,-0.66,1,9920
100,0.8,-0.66,2,9940
100,0.8,-0.67,0,9900
100,0.8,-0.67,1,9870
100,0.8,-0.67,2,9730
100,0.8,-0.68,0,9930
100,0.8,-0.68,1,9910
100,0.8,-0.68,2,9940
100,0.8,-0.6900000000000001,0,9830
100,0.8,-0.6900000000000001,1,7810
100,0.8,-0.6900000000000001,2,6890
100,0.8,-0.7000000000000001,0,9900
100,0.8,-0.7000000000000001,1,9930
100,0.8,-0.7000000000000001,2,9950
100,0.8,-0.7100000000000001,0,9770
100,0.8,-0.7100000000000001,1,9910
100,0.8,-0.7100000000000001,2,9820
100,0.8,-0.7200000000000001,0,9950
100,0.8,-0.7200000000000001,1,9830
100,0.8,-0.7200000000000001,2,9940
100,0.8,-0.73,0,9900
100,0.8,-0.73,1,9880
100,0.8,-0.73,2,9910
100,0.8,-0.74,0,9820
100,0.8,-0.74,1,9690
100,0.8,-0.74,2,9940
100,0.8,-0.75,0,9890
100,0.8,-0.75,1,9930
100,0.8,-0.75,2,9890
100,0.8,-0.76,0,9830
100,0.8,-0.76,1,9910
100,0.8,-0.76,2,9600
100,0.8,-0.77,0,9910
100,0.8,-0.77,1,9920
100,0.8,-0.77,2,9830
100,0.8,-0.78,0,9950
100,0.8,-0.78,1,9640
100,0.8,-0.78,2,9940
100,0.8,-0.79,0,9770
100,0.8,-0.79,1,9610
100,0.8,-0.79,2,9870
100,0.8,-0.8,0,9740
100,0.8,-0.8,1,9520
100,0.8,-0.8,2,9910
100,0.8,0.010000000000000009,0,7520
100,0.8,0.010000000000000009,1,9854
100,0.8,0.010000000000000009,2,2130
100,0.8,0.020000000000000018,0,3770
100,0.8,0.020000000000000018,1,2500
100,0.8,0.020000000000000018,2,620
100,0.8,0.030000000000000027,0,2600
100,0.8,0.030000000000000027,1,1420
100,0.8,0.030000000000000027,2,50
100,0.8,0.039999999999999925,0,1980
100,0.8,0.039999999999999925,1,910
100,0.8,0.039999999999999925,2,40
100,0.8,0.04999999999999993,0,1600
100,0.8,0.04999999999999993,1,610
100,0.8,0.04999999999999993,2,30
100,0.8,0.05999999999999994,0,1330
100,0.8,0.05999999999999994,1,120
100,0.8,0.05999999999999994,2,30
100,0.8,0.06999999999999995,0,1110
100,0.8,0.06999999999999995,1,110
100,0.8,0.06999999999999995,2,20
100,0.8,0.07999999999999996,0,950
100,0.8,0.07999999999999996,1,110
100,0.8,0.07999999999999996,2,20
100,0.8,0.08999999999999997,0,80
100,0.8,0.08999999999999997,1,100
100,0.8,0.08999999999999997,2,20
100,0.8,0.09999999999999998,0,70
100,0.8,0.09999999999999998,1,90
100,0.8,0.09999999999999998,2,20
100,0.8,0.0,0,0
100,0.8,0.0,1,0
100,0.8,0.0,2,0
100,0.8,0.10999999999999999,0,70
100,0.8,0.10999999999999999,1,90
100,0.8,0.10999999999999999,2,20
100,0.8,0.12,0,70
100,0.8,0.12,1,90
100,0.8,0.12,2,10
100,0.8,0.13,0,60
100,0.8,0.13,1,90
100,0.8,0.13,2,10
100,0.8,0.14,0,60
100,0.8,0.14,1,90
100,0.8,0.14,2,10
100,0.8,0.15000000000000002,0,60
100,0.8,0.15000000000000002,1,90
100,0.8,0.15000000000000002,2,10
100,0.8,0.15999999999999992,0,50
100,0.8,0.15999999999999992,1,80
100,0.8,0.15999999999999992,2,10
100,0.8,0.16999999999999993,0,50
100,0.8,0.16999999999999993,1,0
100,0.8,0.16999999999999993,2,10
100,0.8,0.17999999999999994,0,50
100,0.8,0.17999999999999994,1,0
100,0.8,0.17999999999999994,2,10
100,0.8,0.18999999999999995,0,50
100,0.8,0.18999999999999995,1,0
100,0.8,0.18999999999999995,2,10
100,0.8,0.2,0,40
100,0.8,0.2,1,0
100,0.8,0.2,2,10
100,0.91,-0.010000000000000009,0,0
100,0.91,-0.010000000000000009,1,0
100,0.91,-0.010000000000000009,2,0
100,0.91,-0.020000000000000018,0,0
100,0.91,-0.020000000000000018,1,0
100,0.91,-0.020000000000000018,2,0
100,0.91,-0.030000000000000027,0,0
100,0.91,-0.030000000000000027,1,0
100,0.91,-0.030000000000000027,2,0
100,0.91,-0.040000000000000036,0,0
100,0.91,-0.040000000000000036,1,9910
100,0.91,-0.040000000000000036,2,8280
100,0.91,-0.050000000000000044,0,0
100,0.91,-0.050000000000000044,1,7160
100,0.91,-0.050000000000000044,2,5300
100,0.91,-0.06000000000000005,0,9780
100,0.91,-0.06000000000000005,1,7670
100,0.91,-0.06000000000000005,2,0
100,0.91,-0.07000000000000006,0,0
100,0.91,-0.07000000000000006,1,9850
100,0.91,-0.07000000000000006,2,6800
100,0.91,-0.08000000000000007,0,0
100,0.91,-0.08000000000000007,1,9740
100,0.91,-0.08000000000000007,2,9930
100,0.91,-0.09000000000000008,0,9910
100,0.91,-0.09000000000000008,1,9870
100,0.91,-0.09000000000000008,2,0
100,0.91,-0.09999999999999998,0,6520
100,0.91,-0.09999999999999998,1,9810
100,0.91,-0.09999999999999998,2,3300
100,0.91,-0.10999999999999999,0,9650
100,0.91,-0.10999999999999999,1,9900
100,0.91,-0.10999999999999999,2,9870
100,0.91,-0.12,0,9650
100,0.91,-0.12,1,9920
100,0.91,-0.12,2,9650
100,0.91,-0.13,0,9780
100,0.91,-0.13,1,9180
100,0.91,-0.13,2,9910
100,0.91,-0.14,0,4790
100,0.91,-0.14,1,9780
100,0.91,-0.14,2,8810
100,0.91,-0.15000000000000002,0,9560
100,0.91,-0.15000000000000002,1,9860
100,0.91,-0.15000000000000002,2,9940
100,0.91,-0.16000000000000003,0,9600
100,0.91,-0.16000000000000003,1,9900
100,0.91,-0.16000000000000003,2,9580
100,0.91,-0.17000000000000004,0,9920
100,0.91,-0.17000000000000004,1,9900
100,0.91,-0.17000000000000004,2,9790
100,0.91,-0.18000000000000005,0,4910
100,0.91,-0.18000000000000005,1,9860
100,0.91,-0.18000000000000005,2,9790
100,0.91,-0.19000000000000006,0,9820
100,0.91,-0.19000000000000006,1,9930
100,0.91,-0.19000000000000006,2,2550
100,0.91,-0.20000000000000007,0,9790
100,0.91,-0.20000000000000007,1,9920
100,0.91,-0.20000000000000007,2,9800
100,0.91,-0.21000000000000008,0,9930
100,0.91,-0.21000000000000008,1,0
100,0.91,-0.21000000000000008,2,9580
100,0.91,-0.22000000000000008,0,9860
100,0.91,-0.22000000000000008,1,9820
100,0.91,-0.22000000000000008,2,9770
100,0.91,-0.22999999999999998,0,9650
100,0.91,-0.22999999999999998,1,9910
100,0.91,-0.22999999999999998,2,9920
100,0.91,-0.24,0,9680
100,0.91,-0.24,1,9790
100,0.91,-0.24,2,5740
100,0.91,-0.25,0,9900
100,0.91,-0.25,1,9880
100,0.91,-0.25,2,9930
100,0.91,-0.26,0,9880
100,0.91,-0.26,1,9890
100,0.91,-0.26,2,3040
100,0.91,-0.27,0,9930
100,0.91,-0.27,1,9740
100,0.91,-0.27,2,6480
100,0.91,-0.28,0,9780
100,0.91,-0.28,1,9730
100,0.91,-0.28,2,9860
100,0.91,-0.29000000000000004,0,9930
100,0.91,-0.29000000000000004,1,9790
100,0.91,-0.29000000000000004,2,9920
100,0.91,-0.30000000000000004,0,9890
100,0.91,-0.30000000000000004,1,8190
100,0.91,-0.30000000000000004,2,680
100,0.91,-0.31000000000000005,0,9940
100,0.91,-0.31000000000000005,1,9780
100,0.91,-0.31000000000000005,2,9470
100,0.91,-0.32000000000000006,0,9840
100,0.91,-0.32000000000000006,1,5610
100,0.91,-0.32000000000000006,2,9950
100,0.91,-0.33,0,9880
100,0.91,-0.33,1,9910
100,0.91,-0.33,2,9690
100,0.91,-0.34,0,9910
100,0.91,-0.34,1,6580
100,0.91,-0.34,2,9920
100,0.91,-0.35000000000000003,0,8950
100,0.91,-0.35000000000000003,1,9910
100,0.91,-0.35000000000000003,2,9820
100,0.91,-0.36000000000000004,0,9860
100,0.91,-0.36000000000000004,1,9930
100,0.91,-0.36000000000000004,2,9850
100,0.91,-0.37000000000000005,0,9870
100,0.91,-0.37000000000000005,1,9900
100,0.91,-0.37000000000000005,2,9940
100,0.91,-0.38000000000000006,0,9930
100,0.91,-0.38000000000000006,1,6610
100,0.91,-0.38000000000000006,2,9900
100,0.91,-0.39,0,5650
100,0.91,-0.39,1,9930
100,0.91,-0.39,2,9930
100,0.91,-0.41000000000000003,0,9760
100,0.91,-0.41000000000000003,1,9830
100,0.91,-0.41000000000000003,2,9950
100,0.91,-0.42000000000000004,0,9490
100,0.91,-0.42000000000000004,1,9930
100,0.91,-0.42000000000000004,2,9860
100,0.91,-0.43000000000000005,0,9410
100,0.91,-0.43000000000000005,1,9920
100,0.91,-0.43000000000000005,2,9920
100,0.91,-0.44000000000000006,0,7300
100,0.91,-0.44000000000000006,1,9950
100,0.91,-0.44000000000000006,2,9930
100,0.91,-0.45,0,9940
100,0.91,-0.45,1,9870
100,0.91,-0.45,2,9910
100,0.91,-0.46,0,9930
100,0.91,-0.46,1,9940
100,0.91,-0.46,2,9890
100,0.91,-0.47000000000000003,0,7500
100,0.91,-0.47000000000000003,1,9830
100,0.91,-0.47000000000000003,2,9950
100,0.91,-0.48000000000000004,0,9610
100,0.91,-0.48000000000000004,1,9900
100,0.91,-0.48000000000000004,2,9320
100,0.91,-0.49000000000000005,0,9860
100,0.91,-0.49000000000000005,1,9940
100,0.91,-0.49000000000000005,2,8480
100,0.91,-0.4,0,6000
100,0.91,-0.4,1,9930
100,0.91,-0.4,2,9950
100,0.91,-0.51,0,9940
100,0.91,-0.51,1,9950
100,0.91,-0.51,2,6220
100,0.91,-0.52,0,6580
100,0.91,-0.52,1,9910
100,0.91,-0.52,2,6340
100,0.91,-0.53,0,9930
100,0.91,-0.53,1,9890
100,0.91,-0.53,2,9760
100,0.91,-0.54,0,9910
100,0.91,-0.54,1,9850
100,0.91,-0.54,2,9940
100,0.91,-0.55,0,9940
100,0.91,-0.55,1,6730
100,0.91,-0.55,2,6360
100,0.91,-0.56,0,9910
100,0.91,-0.56,1,9940
100,0.91,-0.56,2,8510
100,0.91,-0.5700000000000001,0,7100
100,0.91,-0.5700000000000001,1,6510
100,0.91,-0.5700000000000001,2,9900
100,0.91,-0.5800000000000001,0,9930
100,0.91,-0.5800000000000001,1,9920
100,0.91,-0.5800000000000001,2,9930
100,0.91,-0.5900000000000001,0,9930
100,0.91,-0.5900000000000001,1,9870
100,0.91,-0.5900000000000001,2,9950
100,0.91,-0.5,0,9940
100,0.91,-0.5,1,9920
100,0.91,-0.5,2,9940
100,0.91,-0.6000000000000001,0,9920
100,0.91,-0.6000000000000001,1,9940
100,0.91,-0.6000000000000001,2,7920
100,0.91,-0.6100000000000001,0,9930
100,0.91,-0.6100000000000001,1,9790
100,0.91,-0.6100000000000001,2,9940
100,0.91,-0.6200000000000001,0,7970
100,0.91,-0.6200000000000001,1,9910
100,0.91,-0.6200000000000001,2,9760
100,0.91,-0.63,0,7680
100,0.91,-0.63,1,9930
100,0.91,-0.63,2,9860
100,0.91,-0.64,0,9900
100,0.91,-0.64,1,8040
100,0.91,-0.64,2,9950
100,0.91,-0.65,0,9930
100,0.91,-0.65,1,9940
100,0.91,-0.65,2,9670
100,0.91,-0.66,0,9810
100,0.91,-0.66,1,9940
100,0.91,-0.66,2,9930
100,0.91,-0.67,0,6290
100,0.91,-0.67,1,7130
100,0.91,-0.67,2,9950
100,0.91,-0.68,0,7560
100,0.91,-0.68,1,9910
100,0.91,-0.68,2,9890
100,0.91,-0.6900000000000001,0,9930
100,0.91,-0.6900000000000001,1,9920
100,0.91,-0.6900000000000001,2,9920
100,0.91,-0.7000000000000001,0,9820
100,0.91,-0.7000000000000001,1,9920
100,0.91,-0.7000000000000001,2,9930
100,0.91,-0.7100000000000001,0,9860
100,0.91,-0.7100000000000001,1,9910
100,0.91,-0.7100000000000001,2,9940
100,0.91,-0.7200000000000001,0,9900
100,0.91,-0.7200000000000001,1,6920
100,0.91,-0.7200000000000001,2,9940
100,0.91,-0.73,0,9950
100,0.91,-0.73,1,9860
100,0.91,-0.73,2,9940
100,0.91,-0.74,0,9940
100,0.91,-0.74,1,9870
100,0.91,-0.74,2,9830
100,0.91,-0.75,0,7280
100,0.91,-0.75,1,9950
100,0.91,-0.75,2,9940
100,0.91,-0.76,0,9930
100,0.91,-0.76,1,9920
100,0.91,-0.76,2,9870
100,0.91,-0.77,0,9963
100,0.91,-0.77,1,9940
100,0.91,-0.77,2,9910
100,0.91,-0.78,0,9870
100,0.91,-0.78,1,9830
100,0.91,-0.78,2,9910
100,0.91,-0.79,0,9930
100,0.91,-0.79,1,9920
100,0.91,-0.79,2,9940
100,0.91,-0.8,0,9910
100,0.91,-0.8,1,9910
100,0.91,-0.8,2,9870
100,0.91,0.010000000000000009,0,9523
100,0.91,0.010000000000000009,1,9130
100,0.91,0.010000000000000009,2,2200
100,0.91,0.020000000000000018,0,6230
100,0.91,0.020000000000000018,1,3490
100,0.91,0.020000000000000018,2,640
100,0.91,0.030000000000000027,0,4350
100,0.91,0.030000000000000027,1,1880
100,0.91,0.030000000000000027,2,50
100,0.91,0.039999999999999925,0,3310
100,0.91,0.039999999999999925,1,1190
100,0.91,0.039999999999999925,2,40
100,0.91,0.04999999999999993,0,0
100,0.91,0.04999999999999993,1,1034
100,0.91,0.04999999999999993,2,611
100,0.91,0.05999999999999994,0,1489
100,0.91,0.05999999999999994,1,786
100,0.91,0.05999999999999994,2,536
100,0.91,0.06999999999999995,0,1276
100,0.91,0.06999999999999995,1,665
100,0.91,0.06999999999999995,2,468
100,0.91,0.07999999999999996,0,1101
100,0.91,0.07999999999999996,1,624
100,0.91,0.07999999999999996,2,419
100,0.91,0.08999999999999997,0,1330
100,0.91,0.08999999999999997,1,100
100,0.91,0.08999999999999997,2,20
100,0.91,0.09999999999999998,0,1150
100,0.91,0.09999999999999998,1,100
100,0.91,0.09999999999999998,2,20
100,0.91,0.0,0,0
100,0.91,0.0,1,0
100,0.91,0.0,2,0
100,0.91,0.10999999999999999,0,1010
100,0.91,0.10999999999999999,1,80
100,0.91,0.10999999999999999,2,20
100,0.91,0.12,0,70
100,0.91,0.12,1,80
100,0.91,0.12,2,20
100,0.91,0.13,0,60
100,0.91,0.13,1,40
100,0.91,0.13,2,20
100,0.91,0.14,0,60
100,0.91,0.14,1,30
100,0.91,0.14,2,10
100,0.91,0.15000000000000002,0,60
100,0.91,0.15000000000000002,1,0
100,0.91,0.15000000000000002,2,10
100,0.91,0.15999999999999992,0,50
100,0.91,0.15999999999999992,1,0
100,0.91,0.15999999999999992,2,10
100,0.91,0.16999999999999993,0,50
100,0.91,0.16999999999999993,1,0
100,0.91,0.16999999999999993,2,10
100,0.91,0.17999999999999994,0,50
100,0.91,0.17999999999999994,1,0
100,0.91,0.17999999999999994,2,10
100,0.91,0.18999999999999995,0,50
100,0.91,0.18999999999999995,1,0
100,0.91,0.18999999999999995,2,10
100,0.91,0.2,0,40
100,0.91,0.2,1,0
100,0.91,0.2,2,10
100,0.92,-0.010000000000000009,0,0
100,0.92,-0.010000000000000009,1,0
100,0.92,-0.010000000000000009,2,0
100,0.92,-0.020000000000000018,0,0
100,0.92,-0.020000000000000018,1,0
100,0.92,-0.020000000000000018,2,0
100,0.92,-0.030000000000000027,0,0
100,0.92,-0.030000000000000027,1,0
100,0.92,-0.030000000000000027,2,0
100,0.92,-0.040000000000000036,0,0
100,0.92,-0.040000000000000036,1,6000
100,0.92,-0.040000000000000036,2,5320
100,0.92,-0.050000000000000044,0,6010
100,0.92,-0.050000000000000044,1,0
100,0.92,-0.050000000000000044,2,8920
100,0.92,-0.06000000000000005,0,0
100,0.92,-0.06000000000000005,1,0
100,0.92,-0.06000000000000005,2,8880
100,0.92,-0.07000000000000006,0,9910
100,0.92,-0.07000000000000006,1,7750
100,0.92,-0.07000000000000006,2,6340
100,0.92,-0.08000000000000007,0,7600
100,0.92,-0.08000000000000007,1,4340
100,0.92,-0.08000000000000007,2,0
100,0.92,-0.09000000000000008,0,0
100,0.92,-0.09000000000000008,1,9420
100,0.92,-0.09000000000000008,2,9850
100,0.92,-0.09999999999999998,0,0
100,0.92,-0.09999999999999998,1,9500
100,0.92,-0.09999999999999998,2,9910
100,0.92,-0.10999999999999999,0,9750
100,0.92,-0.10999999999999999,1,5500
100,0.92,-0.10999999999999999,2,9690
100,0.92,-0.12,0,9810
100,0.92,-0.12,1,9800
100,0.92,-0.12,2,9900
100,0.92,-0.13,0,9930
100,0.92,-0.13,1,5180
100,0.92,-0.13,2,9860
100,0.92,-0.14,0,9630
100,0.92,-0.14,1,9850
100,0.92,-0.14,2,9660
100,0.92,-0.15000000000000002,0,9190
100,0.92,-0.15000000000000002,1,9900
100,0.92,-0.15000000000000002,2,4940
100,0.92,-0.16000000000000003,0,9790
100,0.92,-0.16000000000000003,1,9900
100,0.92,-0.16000000000000003,2,9790
100,0.92,-0.17000000000000004,0,9860
100,0.92,-0.17000000000000004,1,9910
100,0.92,-0.17000000000000004,2,810
100,0.92,-0.18000000000000005,0,6960
100,0.92,-0.18000000000000005,1,5050
100,0.92,-0.18000000000000005,2,9830
100,0.92,-0.19000000000000006,0,6130
100,0.92,-0.19000000000000006,1,9940
100,0.92,-0.19000000000000006,2,9450
100,0.92,-0.20000000000000007,0,9190
100,0.92,-0.20000000000000007,1,9920
100,0.92,-0.20000000000000007,2,9920
100,0.92,-0.21000000000000008,0,9880
100,0.92,-0.21000000000000008,1,9800
100,0.92,-0.21000000000000008,2,9650
100,0.92,-0.22000000000000008,0,9910
100,0.92,-0.22000000000000008,1,9920
100,0.92,-0.22000000000000008,2,9900
100,0.92,-0.22999999999999998,0,9870
100,0.92,-0.22999999999999998,1,9910
100,0.92,-0.22999999999999998,2,9930
100,0.92,-0.24,0,2160
100,0.92,-0.24,1,9910
100,0.92,-0.24,2,9900
100,0.92,-0.25,0,9890
100,0.92,-0.25,1,9790
100,0.92,-0.25,2,3200
100,0.92,-0.26,0,9920
100,0.92,-0.26,1,9940
100,0.92,-0.26,2,7140
100,0.92,-0.27,0,9910
100,0.92,-0.27,1,9850
100,0.92,-0.27,2,9900
100,0.92,-0.28,0,9930
100,0.92,-0.28,1,9730
100,0.92,-0.28,2,9560
100,0.92,-0.29000000000000004,0,9910
100,0.92,-0.29000000000000004,1,9830
100,0.92,-0.29000000000000004,2,9900
100,0.92,-0.30000000000000004,0,9880
100,0.92,-0.30000000000000004,1,9870
100,0.92,-0.30000000000000004,2,5220
100,0.92,-0.31000000000000005,0,9700
100,0.92,-0.31000000000000005,1,9940
100,0.92,-0.31000000000000005,2,9910
100,0.92,-0.32000000000000006,0,9870
100,0.92,-0.32000000000000006,1,9890
100,0.92,-0.32000000000000006,2,9940
100,0.92,-0.33,0,9890
100,0.92,-0.33,1,9860
100,0.92,-0.33,2,9930
100,0.92,-0.34,0,9840
100,0.92,-0.34,1,9880
100,0.92,-0.34,2,7730
100,0.92,-0.35000000000000003,0,9910
100,0.92,-0.35000000000000003,1,9830
100,0.92,-0.35000000000000003,2,6500
100,0.92,-0.36000000000000004,0,7020
100,0.92,-0.36000000000000004,1,9700
100,0.92,-0.36000000000000004,2,8310
100,0.92,-0.37000000000000005,0,9650
100,0.92,-0.37000000000000005,1,9910
100,0.92,-0.37000000000000005,2,9740
100,0.92,-0.38000000000000006,0,9930
100,0.92,-0.38000000000000006,1,9910
100,0.92,-0.38000000000000006,2,9880
100,0.92,-0.39,0,6950
100,0.92,-0.39,1,9830
100,0.92,-0.39,2,7690
100,0.92,-0.41000000000000003,0,9950
100,0.92,-0.41000000000000003,1,7020
100,0.92,-0.41000000000000003,2,9920
100,0.92,-0.42000000000000004,0,9930
100,0.92,-0.42000000000000004,1,9820
100,0.92,-0.42000000000000004,2,7770
100,0.92,-0.43000000000000005,0,9590
100,0.92,-0.43000000000000005,1,9920
100,0.92,-0.43000000000000005,2,8380
100,0.92,-0.44000000000000006,0,9920
100,0.92,-0.44000000000000006,1,9900
100,0.92,-0.44000000000000006,2,9860
100,0.92,-0.45,0,8990
100,0.92,-0.45,1,9910
100,0.92,-0.45,2,7810
100,0.92,-0.46,0,9200
100,0.92,-0.46,1,9920
100,0.92,-0.46,2,9900
100,0.92,-0.47000000000000003,0,9930
100,0.92,-0.47000000000000003,1,9930
100,0.92,-0.47000000000000003,2,9890
100,0.92,-0.48000000000000004,0,9760
100,0.92,-0.48000000000000004,1,9940
100,0.92,-0.48000000000000004,2,9920
100,0.92,-0.49000000000000005,0,7850
100,0.92,-0.49000000000000005,1,9920
100,0.92,-0.49000000000000005,2,6230
100,0.92,-0.4,0,9880
100,0.92,-0.4,1,9840
100,0.92,-0.4,2,9920
100,0.92,-0.51,0,9910
100,0.92,-0.51,1,7610
100,0.92,-0.51,2,9930
100,0.92,-0.52,0,6740
100,0.92,-0.52,1,9920
100,0.92,-0.52,2,9910
100,0.92,-0.53,0,9940
100,0.92,-0.53,1,9890
100,0.92,-0.53,2,9910
100,0.92,-0.54,0,9830
100,0.92,-0.54,1,8290
100,0.92,-0.54,2,6340
100,0.92,-0.55,0,9950
100,0.92,-0.55,1,9580
100,0.92,-0.55,2,7540
100,0.92,-0.56,0,9870
100,0.92,-0.56,1,7040
100,0.92,-0.56,2,9950
100,0.92,-0.5700000000000001,0,9840
100,0.92,-0.5700000000000001,1,9950
100,0.92,-0.5700000000000001,2,9950
100,0.92,-0.5800000000000001,0,9940
100,0.92,-0.5800000000000001,1,9860
100,0.92,-0.5800000000000001,2,9940
100,0.92,-0.5900000000000001,0,9890
100,0.92,-0.5900000000000001,1,9850
100,0.92,-0.5900000000000001,2,9940
100,0.92,-0.5,0,9920
100,0.92,-0.5,1,9940
100,0.92,-0.5,2,9950
100,0.92,-0.6000000000000001,0,9880
100,0.92,-0.6000000000000001,1,9870
100,0.92,-0.6000000000000001,2,9800
100,0.92,-0.6100000000000001,0,7740
100,0.92,-0.6100000000000001,1,9870
100,0.92,-0.6100000000000001,2,8800
100,0.92,-0.6200000000000001,0,9700
100,0.92,-0.6200000000000001,1,9840
100,0.92,-0.6200000000000001,2,8160
100,0.92,-0.63,0,7650
100,0.92,-0.63,1,9920
100,0.92,-0.63,2,9880
100,0.92,-0.64,0,9720
100,0.92,-0.64,1,9800
100,0.92,-0.64,2,9920
100,0.92,-0.65,0,9900
100,0.92,-0.65,1,9930
100,0.92,-0.65,2,9930
100,0.92,-0.66,0,9860
100,0.92,-0.66,1,8370
100,0.92,-0.66,2,8600
100,0.92,-0.67,0,9900
100,0.92,-0.67,1,6510
100,0.92,-0.67,2,9930
100,0.92,-0.68,0,7890
100,0.92,-0.68,1,9920
100,0.92,-0.68,2,9900
100,0.92,-0.6900000000000001,0,8370
100,0.92,-0.6900000000000001,1,9870
100,0.92,-0.6900000000000001,2,9940
100,0.92,-0.7000000000000001,0,9920
100,0.92,-0.7000000000000001,1,7280
100,0.92,-0.7000000000000001,2,9890
100,0.92,-0.7100000000000001,0,8300
100,0.92,-0.7100000000000001,1,9920
100,0.92,-0.7100000000000001,2,9890
100,0.92,-0.7200000000000001,0,9930
100,0.92,-0.7200000000000001,1,9660
100,0.92,-0.7200000000000001,2,9910
100,0.92,-0.73,0,9880
100,0.92,-0.73,1,9770
100,0.92,-0.73,2,9950
100,0.92,-0.74,0,8100
100,0.92,-0.74,1,9940
100,0.92,-0.74,2,9920
100,0.92,-0.75,0,9880
100,0.92,-0.75,1,9730
100,0.92,-0.75,2,9760
100,0.92,-0.76,0,9850
100,0.92,-0.76,1,9720
100,0.92,-0.76,2,9950
100,0.92,-0.77,0,8720
100,0.92,-0.77,1,9910
100,0.92,-0.77,2,9880
100,0.92,-0.78,0,9870
100,0.92,-0.78,1,9790
100,0.92,-0.78,2,9840
100,0.92,-0.79,0,9820
100,0.92,-0.79,1,7290
100,0.92,-0.79,2,9930
100,0.92,-0.8,0,9770
100,0.92,-0.8,1,9920
100,0.92,-0.8,2,9750
100,0.92,0.010000000000000009,0,9517
100,0.92,0.010000000000000009,1,8200
100,0.92,0.010000000000000009,2,2210
100,0.92,0.020000000000000018,0,6620
100,0.92,0.020000000000000018,1,3700
100,0.92,0.020000000000000018,2,640
100,0.92,0.030000000000000027,0,4650
100,0.92,0.030000000000000027,1,2020
100,0.92,0.030000000000000027,2,50
100,0.92,0.039999999999999925,0,3530
100,0.92,0.039999999999999925,1,1260
100,0.92,0.039999999999999925,2,40
100,0.92,0.04999999999999993,0,2830
100,0.92,0.04999999999999993,1,790
100,0.92,0.04999999999999993,2,30
100,0.92,0.05999999999999994,0,2320
100,0.92,0.05999999999999994,1,500
100,0.92,0.05999999999999994,2,30
100,0.92,0.06999999999999995,0,1960
100,0.92,0.06999999999999995,1,110
100,0.92,0.06999999999999995,2,20
100,0.92,0.07999999999999996,0,1670
100,0.92,0.07999999999999996,1,100
100,0.92,0.07999999999999996,2,20
100,0.92,0.08999999999999997,0,1400
100,0.92,0.08999999999999997,1,100
100,0.92,0.08999999999999997,2,20
100,0.92,0.09999999999999998,0,1210
100,0.92,0.09999999999999998,1,100
100,0.92,0.09999999999999998,2,20
100,0.92,0.0,0,0
100,0.92,0.0,1,0
100,0.92,0.0,2,0
100,0.92,0.10999999999999999,0,1060
100,0.92,0.10999999999999999,1,80
100,0.92,0.10999999999999999,2,20
100,0.92,0.12,0,70
100,0.92,0.12,1,40
100,0.92,0.12,2,20
100,0.92,0.13,0,60
100,0.92,0.13,1,30
100,0.92,0.13,2,20
100,0.92,0.14,0,60
100,0.92,0.14,1,30
100,0.92,0.14,2,10
100,0.92,0.15000000000000002,0,60
100,0.92,0.15000000000000002,1,0
100,0.92,0.15000000000000002,2,10
100,0.92,0.15999999999999992,0,50
100,0.92,0.15999999999999992,1,0
100,0.92,0.15999999999999992,2,10
100,0.92,0.16999999999999993,0,50
100,0.92,0.16999999999999993,1,0
100,0.92,0.16999999999999993,2,10
100,0.92,0.17999999999999994,0,50
100,0.92,0.17999999999999994,1,0
100,0.92,0.17999999999999994,2,10
100,0.92,0.18999999999999995,0,50
100,0.92,0.18999999999999995,1,0
100,0.92,0.18999999999999995,2,10
100,0.92,0.2,0,40
100,0.92,0.2,1,0
100,0.92,0.2,2,10
100,0.93,-0.010000000000000009,0,0
100,0.93,-0.010000000000000009,1,0
100,0.93,-0.010000000000000009,2,0
100,0.93,-0.020000000000000018,0,0
100,0.93,-0.020000000000000018,1,0
100,0.93,-0.020000000000000018,2,0
100,0.93,-0.030000000000000027,0,9590
100,0.93,-0.030000000000000027,1,0
100,0.93,-0.030000000000000027,2,0
100,0.93,-0.040000000000000036,0,0
100,0.93,-0.040000000000000036,1,5480
100,0.93,-0.040000000000000036,2,0
100,0.93,-0.050000000000000044,0,7730
100,0.93,-0.050000000000000044,1,6830
100,0.93,-0.050000000000000044,2,0
100,0.93,-0.06000000000000005,0,6030
100,0.93,-0.06000000000000005,1,9610
100,0.93,-0.06000000000000005,2,0
100,0.93,-0.07000000000000006,0,9590
100,0.93,-0.07000000000000006,1,0
100,0.93,-0.07000000000000006,2,0
100,0.93,-0.08000000000000007,0,9850
100,0.93,-0.08000000000000007,1,9580
100,0.93,-0.08000000000000007,2,9570
100,0.93,-0.09000000000000008,0,0
100,0.93,-0.09000000000000008,1,9860
100,0.93,-0.09000000000000008,2,3240
100,0.93,-0.09999999999999998,0,5370
100,0.93,-0.09999999999999998,1,8960
100,0.93,-0.09999999999999998,2,9930
100,0.93,-0.10999999999999999,0,9620
100,0.93,-0.10999999999999999,1,9850
100,0.93,-0.10999999999999999,2,0
100,0.93,-0.12,0,0
100,0.93,-0.12,1,9860
100,0.93,-0.12,2,8110
100,0.93,-0.13,0,9920
100,0.93,-0.13,1,9690
100,0.93,-0.13,2,9930
100,0.93,-0.14,0,9800
100,0.93,-0.14,1,9930
100,0.93,-0.14,2,9850
100,0.93,-0.15000000000000002,0,9640
100,0.93,-0.15000000000000002,1,6890
100,0.93,-0.15000000000000002,2,9790
100,0.93,-0.16000000000000003,0,9900
100,0.93,-0.16000000000000003,1,9740
100,0.93,-0.16000000000000003,2,9870
100,0.93,-0.17000000000000004,0,9790
100,0.93,-0.17000000000000004,1,9900
100,0.93,-0.17000000000000004,2,5560
100,0.93,-0.18000000000000005,0,4530
100,0.93,-0.18000000000000005,1,9880
100,0.93,-0.18000000000000005,2,9900
100,0.93,-0.19000000000000006,0,9310
100,0.93,-0.19000000000000006,1,9630
100,0.93,-0.19000000000000006,2,9870
100,0.93,-0.20000000000000007,0,7750
100,0.93,-0.20000000000000007,1,9350
100,0.93,-0.20000000000000007,2,0
100,0.93,-0.21000000000000008,0,9940
100,0.93,-0.21000000000000008,1,9910
100,0.93,-0.21000000000000008,2,9930
100,0.93,-0.22000000000000008,0,9940
100,0.93,-0.22000000000000008,1,9890
100,0.93,-0.22000000000000008,2,7360
100,0.93,-0.22999999999999998,0,7970
100,0.93,-0.22999999999999998,1,9930
100,0.93,-0.22999999999999998,2,9680
100,0.93,-0.24,0,9920
100,0.93,-0.24,1,5790
100,0.93,-0.24,2,9720
100,0.93,-0.25,0,9780
100,0.93,-0.25,1,9770
100,0.93,-0.25,2,7400
100,0.93,-0.26,0,9890
100,0.93,-0.26,1,7780
100,0.93,-0.26,2,9830
100,0.93,-0.27,0,9910
100,0.93,-0.27,1,5240
100,0.93,-0.27,2,9880
100,0.93,-0.28,0,9880
100,0.93,-0.28,1,9930
100,0.93,-0.28,2,9920
100,0.93,-0.29000000000000004,0,9760
100,0.93,-0.29000000000000004,1,9910
100,0.93,-0.29000000000000004,2,9940
100,0.93,-0.30000000000000004,0,9930
100,0.93,-0.30000000000000004,1,8820
100,0.93,-0.30000000000000004,2,7710
100,0.93,-0.31000000000000005,0,9640
100,0.93,-0.31000000000000005,1,9850
100,0.93,-0.31000000000000005,2,9890
100,0.93,-0.32000000000000006,0,9900
100,0.93,-0.32000000000000006,1,9940
100,0.93,-0.32000000000000006,2,9880
100,0.93,-0.33,0,9510
100,0.93,-0.33,1,9740
100,0.93,-0.33,2,4970
100,0.93,-0.34,0,9950
100,0.93,-0.34,1,9610
100,0.93,-0.34,2,6940
100,0.93,-0.35000000000000003,0,9940
100,0.93,-0.35000000000000003,1,9860
100,0.93,-0.35000000000000003,2,9940
100,0.93,-0.36000000000000004,0,5780
100,0.93,-0.36000000000000004,1,9750
100,0.93,-0.36000000000000004,2,8090
100,0.93,-0.37000000000000005,0,9780
100,0.93,-0.37000000000000005,1,9850
100,0.93,-0.37000000000000005,2,9420
100,0.93,-0.38000000000000006,0,7440
100,0.93,-0.38000000000000006,1,9840
100,0.93,-0.38000000000000006,2,7820
100,0.93,-0.39,0,7980
100,0.93,-0.39,1,9860
100,0.93,-0.39,2,6880
100,0.93,-0.41000000000000003,0,9850
100,0.93,-0.41000000000000003,1,7530
100,0.93,-0.41000000000000003,2,9820
100,0.93,-0.42000000000000004,0,9770
100,0.93,-0.42000000000000004,1,8270
100,0.93,-0.42000000000000004,2,9810
100,0.93,-0.43000000000000005,0,9840
100,0.93,-0.43000000000000005,1,9690
100,0.93,-0.43000000000000005,2,9920
100,0.93,-0.44000000000000006,0,9940
100,0.93,-0.44000000000000006,1,9940
100,0.93,-0.44000000000000006,2,9930
100,0.93,-0.45,0,9920
100,0.93,-0.45,1,9910
100,0.93,-0.45,2,9700
100,0.93,-0.46,0,6810
100,0.93,-0.46,1,9940
100,0.93,-0.46,2,9870
100,0.93,-0.47000000000000003,0,7010
100,0.93,-0.47000000000000003,1,9860
100,0.93,-0.47000000000000003,2,9890
100,0.93,-0.48000000000000004,0,9910
100,0.93,-0.48000000000000004,1,9550
100,0.93,-0.48000000000000004,2,9880
100,0.93,-0.49000000000000005,0,9900
100,0.93,-0.49000000000000005,1,9940
100,0.93,-0.49000000000000005,2,9870
100,0.93,-0.4,0,9890
100,0.93,-0.4,1,9920
100,0.93,-0.4,2,5140
100,0.93,-0.51,0,9940
100,0.93,-0.51,1,8520
100,0.93,-0.51,2,9930
100,0.93,-0.52,0,7770
100,0.93,-0.52,1,9880
100,0.93,-0.52,2,9930
100,0.93,-0.53,0,8020
100,0.93,-0.53,1,9950
100,0.93,-0.53,2,9890
100,0.93,-0.54,0,9930
100,0.93,-0.54,1,9620
100,0.93,-0.54,2,8920
100,0.93,-0.55,0,9940
100,0.93,-0.55,1,9800
100,0.93,-0.55,2,9950
100,0.93,-0.56,0,9930
100,0.93,-0.56,1,9950
100,0.93,-0.56,2,7210
100,0.93,-0.5700000000000001,0,9690
100,0.93,-0.5700000000000001,1,9810
100,0.93,-0.5700000000000001,2,6740
100,0.93,-0.5800000000000001,0,9940
100,0.93,-0.5800000000000001,1,9920
100,0.93,-0.5800000000000001,2,8870
100,0.93,-0.5900000000000001,0,9950
100,0.93,-0.5900000000000001,1,9920
100,0.93,-0.5900000000000001,2,9930
100,0.93,-0.5,0,9610
100,0.93,-0.5,1,9930
100,0.93,-0.5,2,7010
100,0.93,-0.6000000000000001,0,7970
100,0.93,-0.6000000000000001,1,9900
100,0.93,-0.6000000000000001,2,6810
100,0.93,-0.6100000000000001,0,9680
100,0.93,-0.6100000000000001,1,9940
100,0.93,-0.6100000000000001,2,9940
100,0.93,-0.6200000000000001,0,9950
100,0.93,-0.6200000000000001,1,9940
100,0.93,-0.6200000000000001,2,9940
100,0.93,-0.63,0,9900
100,0.93,-0.63,1,9940
100,0.93,-0.63,2,9830
100,0.93,-0.64,0,9910
100,0.93,-0.64,1,8320
100,0.93,-0.64,2,7640
100,0.93,-0.65,0,9950
100,0.93,-0.65,1,8160
100,0.93,-0.65,2,9890
100,0.93,-0.66,0,9860
100,0.93,-0.66,1,9900
100,0.93,-0.66,2,9930
100,0.93,-0.67,0,9870
100,0.93,-0.67,1,9850
100,0.93,-0.67,2,9450
100,0.93,-0.68,0,6710
100,0.93,-0.68,1,9880
100,0.93,-0.68,2,9850
100,0.93,-0.6900000000000001,0,9950
100,0.93,-0.6900000000000001,1,9880
100,0.93,-0.6900000000000001,2,9930
100,0.93,-0.7000000000000001,0,9880
100,0.93,-0.7000000000000001,1,8260
100,0.93,-0.7000000000000001,2,8240
100,0.93,-0.7100000000000001,0,9940
100,0.93,-0.7100000000000001,1,9780
100,0.93,-0.7100000000000001,2,9940
100,0.93,-0.7200000000000001,0,9890
100,0.93,-0.7200000000000001,1,9870
100,0.93,-0.7200000000000001,2,9610
100,0.93,-0.73,0,9930
100,0.93,-0.73,1,8670
100,0.93,-0.73,2,9940
100,0.93,-0.74,0,9680
100,0.93,-0.74,1,8230
100,0.93,-0.74,2,9920
100,0.93,-0.75,0,9870
100,0.93,-0.75,1,9860
100,0.93,-0.75,2,9930
100,0.93,-0.76,0,9920
100,0.93,-0.76,1,9730
100,0.93,-0.76,2,9940
100,0.93,-0.77,0,9950
100,0.93,-0.77,1,9930
100,0.93,-0.77,2,7090
100,0.93,-0.78,0,9820
100,0.93,-0.78,1,9920
100,0.93,-0.78,2,9790
100,0.93,-0.79,0,9930
100,0.93,-0.79,1,9820
100,0.93,-0.79,2,9910
100,0.93,-0.8,0,9730
100,0.93,-0.8,1,9930
100,0.93,-0.8,2,9940
100,0.93,0.010000000000000009,0,9513
100,0.93,0.010000000000000009,1,9030
100,0.93,0.010000000000000009,2,9931
100,0.93,0.020000000000000018,0,7180
100,0.93,0.020000000000000018,1,3910
100,0.93,0.020000000000000018,2,650
100,0.93,0.030000000000000027,0,4990
100,0.93,0.030000000000000027,1,2140
100,0.93,0.030000000000000027,2,0
100,0.93,0.039999999999999925,0,2247
100,0.93,0.039999999999999925,1,1353
100,0.93,0.039999999999999925,2,756
100,0.93,0.04999999999999993,0,1973
100,0.93,0.04999999999999993,1,1057
100,0.93,0.04999999999999993,2,611
100,0.93,0.05999999999999994,0,1618
100,0.93,0.05999999999999994,1,822
100,0.93,0.05999999999999994,2,533
100,0.93,0.06999999999999995,0,2050
100,0.93,0.06999999999999995,1,110
100,0.93,0.06999999999999995,2,20
100,0.93,0.07999999999999996,0,1750
100,0.93,0.07999999999999996,1,100
100,0.93,0.07999999999999996,2,20
100,0.93,0.08999999999999997,0,1490
100,0.93,0.08999999999999997,1,100
100,0.93,0.08999999999999997,2,20
100,0.93,0.09999999999999998,0,1290
100,0.93,0.09999999999999998,1,100
100,0.93,0.09999999999999998,2,20
100,0.93,0.0,0,0
100,0.93,0.0,1,0
100,0.93,0.0,2,0
100,0.93,0.10999999999999999,0,1120
100,0.93,0.10999999999999999,1,90
100,0.93,0.10999999999999999,2,20
100,0.93,0.12,0,990
100,0.93,0.12,1,40
100,0.93,0.12,2,20
100,0.93,0.13,0,60
100,0.93,0.13,1,30
100,0.93,0.13,2,20
100,0.93,0.14,0,60
100,0.93,0.14,1,30
100,0.93,0.14,2,10
100,0.93,0.15000000000000002,0,60
100,0.93,0.15000000000000002,1,0
100,0.93,0.15000000000000002,2,10
100,0.93,0.15999999999999992,0,60
100,0.93,0.15999999999999992,1,0
100,0.93,0.15999999999999992,2,10
100,0.93,0.16999999999999993,0,50
100,0.93,0.16999999999999993,1,0
100,0.93,0.16999999999999993,2,10
100,0.93,0.17999999999999994,0,50
100,0.93,0.17999999999999994,1,0
100,0.93,0.17999999999999994,2,10
100,0.93,0.18999999999999995,0,50
100,0.93,0.18999999999999995,1,0
100,0.93,0.18999999999999995,2,10
100,0.93,0.2,0,50
100,0.93,0.2,1,0
100,0.93,0.2,2,10
100,0.9400000000000001,-0.010000000000000009,0,0
100,0.9400000000000001,-0.010000000000000009,1,0
100,0.9400000000000001,-0.010000000000000009,2,0
100,0.9400000000000001,-0.020000000000000018,0,0
100,0.9400000000000001,-0.020000000000000018,1,0
100,0.9400000000000001,-0.020000000000000018,2,0
100,0.9400000000000001,-0.030000000000000027,0,9880
100,0.9400000000000001,-0.030000000000000027,1,0
100,0.9400000000000001,-0.030000000000000027,2,0
100,0.9400000000000001,-0.040000000000000036,0,0
100,0.9400000000000001,-0.040000000000000036,1,0
100,0.9400000000000001,-0.040000000000000036,2,0
100,0.9400000000000001,-0.050000000000000044,0,0
100,0.9400000000000001,-0.050000000000000044,1,9920
100,0.9400000000000001,-0.050000000000000044,2,0
100,0.9400000000000001,-0.06000000000000005,0,4350
100,0.9400000000000001,-0.06000000000000005,1,9620
100,0.9400000000000001,-0.06000000000000005,2,9700
100,0.9400000000000001,-0.07000000000000006,0,8500
100,0.9400000000000001,-0.07000000000000006,1,7370
100,0.9400000000000001,-0.07000000000000006,2,0
100,0.9400000000000001,-0.08000000000000007,0,9890
100,0.9400000000000001,-0.08000000000000007,1,9580
100,0.9400000000000001,-0.08000000000000007,2,9710
100,0.9400000000000001,-0.09000000000000008,0,9710
100,0.9400000000000001,-0.09000000000000008,1,9870
100,0.9400000000000001,-0.09000000000000008,2,9810
100,0.9400000000000001,-0.09999999999999998,0,9930
100,0.9400000000000001,-0.09999999999999998,1,0
100,0.9400000000000001,-0.09999999999999998,2,7630
100,0.9400000000000001,-0.10999999999999999,0,9700
100,0.9400000000000001,-0.10999999999999999,1,9870
100,0.9400000000000001,-0.10999999999999999,2,9910
100,0.9400000000000001,-0.12,0,9800
100,0.9400000000000001,-0.12,1,4660
100,0.9400000000000001,-0.12,2,9810
100,0.9400000000000001,-0.13,0,9870
100,0.9400000000000001,-0.13,1,9820
100,0.9400000000000001,-0.13,2,5010
100,0.9400000000000001,-0.14,0,6020
100,0.9400000000000001,-0.14,1,9080
100,0.9400000000000001,-0.14,2,9910
100,0.9400000000000001,-0.15000000000000002,0,9800
100,0.9400000000000001,-0.15000000000000002,1,9880
100,0.9400000000000001,-0.15000000000000002,2,0
100,0.9400000000000001,-0.16000000000000003,0,9940
100,0.9400000000000001,-0.16000000000000003,1,9610
100,0.9400000000000001,-0.16000000000000003,2,7590
100,0.9400000000000001,-0.17000000000000004,0,9690
100,0.9400000000000001,-0.17000000000000004,1,9910
100,0.9400000000000001,-0.17000000000000004,2,9750
100,0.9400000000000001,-0.18000000000000005,0,5840
100,0.9400000000000001,-0.18000000000000005,1,9660
100,0.9400000000000001,-0.18000000000000005,2,9880
100,0.9400000000000001,-0.19000000000000006,0,3540
100,0.9400000000000001,-0.19000000000000006,1,9840
100,0.9400000000000001,-0.19000000000000006,2,9920
100,0.9400000000000001,-0.20000000000000007,0,0
100,0.9400000000000001,-0.20000000000000007,1,9920
100,0.9400000000000001,-0.20000000000000007,2,3500
100,0.9400000000000001,-0.21000000000000008,0,5640
100,0.9400000000000001,-0.21000000000000008,1,9910
100,0.9400000000000001,-0.21000000000000008,2,4010
100,0.9400000000000001,-0.22000000000000008,0,9850
100,0.9400000000000001,-0.22000000000000008,1,9750
100,0.9400000000000001,-0.22000000000000008,2,2220
100,0.9400000000000001,-0.22999999999999998,0,9890
100,0.9400000000000001,-0.22999999999999998,1,9830
100,0.9400000000000001,-0.22999999999999998,2,9770
100,0.9400000000000001,-0.24,0,5130
100,0.9400000000000001,-0.24,1,9900
100,0.9400000000000001,-0.24,2,6130
100,0.9400000000000001,-0.25,0,9850
100,0.9400000000000001,-0.25,1,9920
100,0.9400000000000001,-0.25,2,9920
100,0.9400000000000001,-0.26,0,9690
100,0.9400000000000001,-0.26,1,9870
100,0.9400000000000001,-0.26,2,7170
100,0.9400000000000001,-0.27,0,9910
100,0.9400000000000001,-0.27,1,9850
100,0.9400000000000001,-0.27,2,6780
100,0.9400000000000001,-0.28,0,9890
100,0.9400000000000001,-0.28,1,9750
100,0.9400000000000001,-0.28,2,7910
100,0.9400000000000001,-0.29000000000000004,0,9900
100,0.9400000000000001,-0.29000000000000004,1,9910
100,0.9400000000000001,-0.29000000000000004,2,9940
100,0.9400000000000001,-0.30000000000000004,0,9930
100,0.9400000000000001,-0.30000000000000004,1,9880
100,0.9400000000000001,-0.30000000000000004,2,9840
100,0.9400000000000001,-0.31000000000000005,0,9900
100,0.9400000000000001,-0.31000000000000005,1,9920
100,0.9400000000000001,-0.31000000000000005,2,7830
100,0.9400000000000001,-0.32000000000000006,0,9910
100,0.9400000000000001,-0.32000000000000006,1,9890
100,0.9400000000000001,-0.32000000000000006,2,6150
100,0.9400000000000001,-0.33,0,6880
100,0.9400000000000001,-0.33,1,9600
100,0.9400000000000001,-0.33,2,9910
100,0.9400000000000001,-0.34,0,9510
100,0.9400000000000001,-0.34,1,9870
100,0.9400000000000001,-0.34,2,5520
100,0.9400000000000001,-0.35000000000000003,0,9750
100,0.9400000000000001,-0.35000000000000003,1,9830
100,0.9400000000000001,-0.35000000000000003,2,9890
100,0.9400000000000001,-0.36000000000000004,0,9920
100,0.9400000000000001,-0.36000000000000004,1,9950
100,0.9400000000000001,-0.36000000000000004,2,9750
100,0.9400000000000001,-0.37000000000000005,0,5310
100,0.9400000000000001,-0.37000000000000005,1,9840
100,0.9400000000000001,-0.37000000000000005,2,9690
100,0.9400000000000001,-0.38000000000000006,0,9810
100,0.9400000000000001,-0.38000000000000006,1,9080
100,0.9400000000000001,-0.38000000000000006,2,9760
100,0.9400000000000001,-0.39,0,9680
100,0.9400000000000001,-0.39,1,9910
100,0.9400000000000001,-0.39,2,9870
100,0.9400000000000001,-0.41000000000000003,0,9930
100,0.9400000000000001,-0.41000000000000003,1,9710
100,0.9400000000000001,-0.41000000000000003,2,9930
100,0.9400000000000001,-0.42000000000000004,0,9930
100,0.9400000000000001,-0.42000000000000004,1,9930
100,0.9400000000000001,-0.42000000000000004,2,3600
100,0.9400000000000001,-0.43000000000000005,0,9890
100,0.9400000000000001,-0.43000000000000005,1,8520
100,0.9400000000000001,-0.43000000000000005,2,8210
100,0.9400000000000001,-0.44000000000000006,0,9830
100,0.9400000000000001,-0.44000000000000006,1,9130
100,0.9400000000000001,-0.44000000000000006,2,9940
100,0.9400000000000001,-0.45,0,8440
100,0.9400000000000001,-0.45,1,5100
100,0.9400000000000001,-0.45,2,9900
100,0.9400000000000001,-0.46,0,6810
100,0.9400000000000001,-0.46,1,9950
100,0.9400000000000001,-0.46,2,9920
100,0.9400000000000001,-0.47000000000000003,0,5890
100,0.9400000000000001,-0.47000000000000003,1,9820
100,0.9400000000000001,-0.47000000000000003,2,9940
100,0.9400000000000001,-0.48000000000000004,0,9930
100,0.9400000000000001,-0.48000000000000004,1,9750
100,0.9400000000000001,-0.48000000000000004,2,8300
100,0.9400000000000001,-0.49000000000000005,0,9900
100,0.9400000000000001,-0.49000000000000005,1,9920
100,0.9400000000000001,-0.49000000000000005,2,6780
100,0.9400000000000001,-0.4,0,9850
100,0.9400000000000001,-0.4,1,9880
100,0.9400000000000001,-0.4,2,4810
100,0.9400000000000001,-0.51,0,9780
100,0.9400000000000001,-0.51,1,9930
100,0.9400000000000001,-0.51,2,6610
100,0.9400000000000001,-0.52,0,8010
100,0.9400000000000001,-0.52,1,9900
100,0.9400000000000001,-0.52,2,9870
100,0.9400000000000001,-0.53,0,9830
100,0.9400000000000001,-0.53,1,9850
100,0.9400000000000001,-0.53,2,9940
100,0.9400000000000001,-0.54,0,8960
100,0.9400000000000001,-0.54,1,9930
100,0.9400000000000001,-0.54,2,9930
100,0.9400000000000001,-0.55,0,9700
100,0.9400000000000001,-0.55,1,6220
100,0.9400000000000001,-0.55,2,9940
100,0.9400000000000001,-0.56,0,9910
100,0.9400000000000001,-0.56,1,9610
100,0.9400000000000001,-0.56,2,9870
100,0.9400000000000001,-0.5700000000000001,0,9950
100,0.9400000000000001,-0.5700000000000001,1,7660
100,0.9400000000000001,-0.5700000000000001,2,9930
100,0.9400000000000001,-0.5800000000000001,0,9950
100,0.9400000000000001,-0.5800000000000001,1,8070
100,0.9400000000000001,-0.5800000000000001,2,9830
100,0.9400000000000001,-0.5900000000000001,0,7120
100,0.9400000000000001,-0.5900000000000001,1,9940
100,0.9400000000000001,-0.5900000000000001,2,9930
100,0.9400000000000001,-0.5,0,9930
100,0.9400000000000001,-0.5,1,9930
100,0.9400000000000001,-0.5,2,9940
100,0.9400000000000001,-0.6000000000000001,0,9930
100,0.9400000000000001,-0.6000000000000001,1,7770
100,0.9400000000000001,-0.6000000000000001,2,9950
100,0.9400000000000001,-0.6100000000000001,0,9930
100,0.9400000000000001,-0.6100000000000001,1,9920
100,0.9400000000000001,-0.6100000000000001,2,9910
100,0.9400000000000001,-0.6200000000000001,0,9910
100,0.9400000000000001,-0.6200000000000001,1,9860
100,0.9400000000000001,-0.6200000000000001,2,9880
100,0.9400000000000001,-0.63,0,8240
100,0.9400000000000001,-0.63,1,7950
100,0.9400000000000001,-0.63,2,9850
100,0.9400000000000001,-0.64,0,9940
100,0.9400000000000001,-0.64,1,9920
100,0.9400000000000001,-0.64,2,9910
100,0.9400000000000001,-0.65,0,9860
100,0.9400000000000001,-0.65,1,9900
100,0.9400000000000001,-0.65,2,7620
100,0.9400000000000001,-0.66,0,9740
100,0.9400000000000001,-0.66,1,8550
100,0.9400000000000001,-0.66,2,7860
100,0.9400000000000001,-0.67,0,9920
100,0.9400000000000001,-0.67,1,9940
100,0.9400000000000001,-0.67,2,9910
100,0.9400000000000001,-0.68,0,6530
100,0.9400000000000001,-0.68,1,9930
100,0.9400000000000001,-0.68,2,8140
100,0.9400000000000001,-0.6900000000000001,0,9940
100,0.9400000000000001,-0.6900000000000001,1,9900
100,0.9400000000000001,-0.6900000000000001,2,7600
100,0.9400000000000001,-0.7000000000000001,0,9800
100,0.9400000000000001,-0.7000000000000001,1,9940
100,0.9400000000000001,-0.7000000000000001,2,9930
100,0.9400000000000001,-0.7100000000000001,0,9870
100,0.9400000000000001,-0.7100000000000001,1,9940
100,0.9400000000000001,-0.7100000000000001,2,9930
100,0.9400000000000001,-0.7200000000000001,0,9950
100,0.9400000000000001,-0.7200000000000001,1,9830
100,0.9400000000000001,-0.7200000000000001,2,9890
100,0.9400000000000001,-0.73,0,7560
100,0.9400000000000001,-0.73,1,9940
100,0.9400000000000001,-0.73,2,9720
100,0.9400000000000001,-0.74,0,9870
100,0.9400000000000001,-0.74,1,9900
100,0.9400000000000001,-0.74,2,9920
100,0.9400000000000001,-0.75,0,9730
100,0.9400000000000001,-0.75,1,9700
100,0.9400000000000001,-0.75,2,8660
100,0.9400000000000001,-0.76,0,9910
100,0.9400000000000001,-0.76,1,9920
100,0.9400000000000001,-0.76,2,9920
100,0.9400000000000001,-0.77,0,9617
100,0.9400000000000001,-0.77,1,9900
100,0.9400000000000001,-0.77,2,9700
100,0.9400000000000001,-0.78,0,9790
100,0.9400000000000001,-0.78,1,9910
100,0.9400000000000001,-0.78,2,6190
100,0.9400000000000001,-0.79,0,9950
100,0.9400000000000001,-0.79,1,7500
100,0.9400000000000001,-0.79,2,7750
100,0.9400000000000001,-0.8,0,9920
100,0.9400000000000001,-0.8,1,9620
100,0.9400000000000001,-0.8,2,5860
100,0.9400000000000001,0.010000000000000009,0,9512
100,0.9400000000000001,0.010000000000000009,1,9548
100,0.9400000000000001,0.010000000000000009,2,9832
100,0.9400000000000001,0.020000000000000018,0,7740
100,0.9400000000000001,0.020000000000000018,1,4170
100,0.9400000000000001,0.020000000000000018,2,650
100,0.9400000000000001,0.030000000000000027,0,5340
100,0.9400000000000001,0.030000000000000027,1,2270
100,0.9400000000000001,0.030000000000000027,2,50
100,0.9400000000000001,0.039999999999999925,0,4010
100,0.9400000000000001,0.039999999999999925,1,1430
100,0.9400000000000001,0.039999999999999925,2,40
100,0.9400000000000001,0.04999999999999993,0,3270
100,0.9400000000000001,0.04999999999999993,1,980
100,0.9400000000000001,0.04999999999999993,2,30
100,0.9400000000000001,0.05999999999999994,0,2650
100,0.9400000000000001,0.05999999999999994,1,530
100,0.9400000000000001,0.05999999999999994,2,30
100,0.9400000000000001,0.06999999999999995,0,2240
100,0.9400000000000001,0.06999999999999995,1,120
100,0.9400000000000001,0.06999999999999995,2,20
100,0.9400000000000001,0.07999999999999996,0,1840
100,0.9400000000000001,0.07999999999999996,1,100
100,0.9400000000000001,0.07999999999999996,2,20
100,0.9400000000000001,0.08999999999999997,0,1580
100,0.9400000000000001,0.08999999999999997,1,100
100,0.9400000000000001,0.08999999999999997,2,20
100,0.9400000000000001,0.09999999999999998,0,1360
100,0.9400000000000001,0.09999999999999998,1,110
100,0.9400000000000001,0.09999999999999998,2,20
100,0.9400000000000001,0.0,0,0
100,0.9400000000000001,0.0,1,0
100,0.9400000000000001,0.0,2,0
100,0.9400000000000001,0.10999999999999999,0,1180
100,0.9400000000000001,0.10999999999999999,1,90
100,0.9400000000000001,0.10999999999999999,2,20
100,0.9400000000000001,0.12,0,0
100,0.9400000000000001,0.12,1,382
100,0.9400000000000001,0.12,2,20
100,0.9400000000000001,0.13,0,60
100,0.9400000000000001,0.13,1,30
100,0.9400000000000001,0.13,2,20
100,0.9400000000000001,0.14,0,60
100,0.9400000000000001,0.14,1,30
100,0.9400000000000001,0.14,2,10
100,0.9400000000000001,0.15000000000000002,0,60
100,0.9400000000000001,0.15000000000000002,1,0
100,0.9400000000000001,0.15000000000000002,2,10
100,0.9400000000000001,0.15999999999999992,0,50
100,0.9400000000000001,0.15999999999999992,1,0
100,0.9400000000000001,0.15999999999999992,2,10
100,0.9400000000000001,0.16999999999999993,0,50
100,0.9400000000000001,0.16999999999999993,1,0
100,0.9400000000000001,0.16999999999999993,2,10
100,0.9400000000000001,0.17999999999999994,0,50
100,0.9400000000000001,0.17999999999999994,1,0
100,0.9400000000000001,0.17999999999999994,2,10
100,0.9400000000000001,0.18999999999999995,0,50
100,0.9400000000000001,0.18999999999999995,1,0
100,0.9400000000000001,0.18999999999999995,2,10
100,0.9400000000000001,0.2,0,50
100,0.9400000000000001,0.2,1,0
100,0.9400000000000001,0.2,2,10
100,0.9500000000000001,-0.010000000000000009,0,0
100,0.9500000000000001,-0.010000000000000009,1,0
100,0.9500000000000001,-0.010000000000000009,2,0
100,0.9500000000000001,-0.020000000000000018,0,0
100,0.9500000000000001,-0.020000000000000018,1,0
100,0.9500000000000001,-0.020000000000000018,2,0
100,0.9500000000000001,-0.030000000000000027,0,0
100,0.9500000000000001,-0.030000000000000027,1,0
100,0.9500000000000001,-0.030000000000000027,2,0
100,0.9500000000000001,-0.040000000000000036,0,0
100,0.9500000000000001,-0.040000000000000036,1,0
100,0.9500000000000001,-0.040000000000000036,2,0
100,0.9500000000000001,-0.050000000000000044,0,5360
100,0.9500000000000001,-0.050000000000000044,1,0
100,0.9500000000000001,-0.050000000000000044,2,0
100,0.9500000000000001,-0.06000000000000005,0,0
100,0.9500000000000001,-0.06000000000000005,1,0
100,0.9500000000000001,-0.06000000000000005,2,0
100,0.9500000000000001,-0.07000000000000006,0,9800
100,0.9500000000000001,-0.07000000000000006,1,6290
100,0.9500000000000001,-0.07000000000000006,2,9830
100,0.9500000000000001,-0.08000000000000007,0,0
100,0.9500000000000001,-0.08000000000000007,1,9490
100,0.9500000000000001,-0.08000000000000007,2,0
100,0.9500000000000001,-0.09000000000000008,0,0
100,0.9500000000000001,-0.09000000000000008,1,9890
100,0.9500000000000001,-0.09000000000000008,2,9590
100,0.9500000000000001,-0.09999999999999998,0,9890
100,0.9500000000000001,-0.09999999999999998,1,7840
100,0.9500000000000001,-0.09999999999999998,2,3640
100,0.9500000000000001,-0.10999999999999999,0,0
100,0.9500000000000001,-0.10999999999999999,1,9840
100,0.9500000000000001,-0.10999999999999999,2,0
100,0.9500000000000001,-0.12,0,9890
100,0.9500000000000001,-0.12,1,9510
100,0.9500000000000001,-0.12,2,9670
100,0.9500000000000001,-0.13,0,9940
100,0.9500000000000001,-0.13,1,9660
100,0.9500000000000001,-0.13,2,0
100,0.9500000000000001,-0.14,0,9380
100,0.9500000000000001,-0.14,1,0
100,0.9500000000000001,-0.14,2,9860
100,0.9500000000000001,-0.15000000000000002,0,9570
100,0.9500000000000001,-0.15000000000000002,1,9340
100,0.9500000000000001,-0.15000000000000002,2,3580
100,0.9500000000000001,-0.16000000000000003,0,0
100,0.9500000000000001,-0.16000000000000003,1,9850
100,0.9500000000000001,-0.16000000000000003,2,9940
100,0.9500000000000001,-0.17000000000000004,0,9900
100,0.9500000000000001,-0.17000000000000004,1,9750
100,0.9500000000000001,-0.17000000000000004,2,9340
100,0.9500000000000001,-0.18000000000000005,0,9940
100,0.9500000000000001,-0.18000000000000005,1,9840
100,0.9500000000000001,-0.18000000000000005,2,9900
100,0.9500000000000001,-0.19000000000000006,0,9290
100,0.9500000000000001,-0.19000000000000006,1,4300
100,0.9500000000000001,-0.19000000000000006,2,9930
100,0.9500000000000001,-0.20000000000000007,0,9820
100,0.9500000000000001,-0.20000000000000007,1,9880
100,0.9500000000000001,-0.20000000000000007,2,9900
100,0.9500000000000001,-0.21000000000000008,0,6930
100,0.9500000000000001,-0.21000000000000008,1,9890
100,0.9500000000000001,-0.21000000000000008,2,9890
100,0.9500000000000001,-0.22000000000000008,0,0
100,0.9500000000000001,-0.22000000000000008,1,4440
100,0.9500000000000001,-0.22000000000000008,2,3680
100,0.9500000000000001,-0.22999999999999998,0,7100
100,0.9500000000000001,-0.22999999999999998,1,6790
100,0.9500000000000001,-0.22999999999999998,2,5410
100,0.9500000000000001,-0.24,0,7950
100,0.9500000000000001,-0.24,1,9870
100,0.9500000000000001,-0.24,2,7310
100,0.9500000000000001,-0.25,0,9610
100,0.9500000000000001,-0.25,1,9880
100,0.9500000000000001,-0.25,2,9740
100,0.9500000000000001,-0.26,0,9950
100,0.9500000000000001,-0.26,1,9930
100,0.9500000000000001,-0.26,2,3980
100,0.9500000000000001,-0.27,0,9820
100,0.9500000000000001,-0.27,1,9890
100,0.9500000000000001,-0.27,2,9930
100,0.9500000000000001,-0.28,0,8320
100,0.9500000000000001,-0.28,1,9930
100,0.9500000000000001,-0.28,2,9910
100,0.9500000000000001,-0.29000000000000004,0,9840
100,0.9500000000000001,-0.29000000000000004,1,8110
100,0.9500000000000001,-0.29000000000000004,2,9950
100,0.9500000000000001,-0.30000000000000004,0,9630
100,0.9500000000000001,-0.30000000000000004,1,9880
100,0.9500000000000001,-0.30000000000000004,2,9790
100,0.9500000000000001,-0.31000000000000005,0,9640
100,0.9500000000000001,-0.31000000000000005,1,9940
100,0.9500000000000001,-0.31000000000000005,2,9330
100,0.9500000000000001,-0.32000000000000006,0,6810
100,0.9500000000000001,-0.32000000000000006,1,9930
100,0.9500000000000001,-0.32000000000000006,2,9850
100,0.9500000000000001,-0.33,0,9850
100,0.9500000000000001,-0.33,1,9890
100,0.9500000000000001,-0.33,2,9910
100,0.9500000000000001,-0.34,0,9900
100,0.9500000000000001,-0.34,1,9920
100,0.9500000000000001,-0.34,2,5180
100,0.9500000000000001,-0.35000000000000003,0,7450
100,0.9500000000000001,-0.35000000000000003,1,9770
100,0.9500000000000001,-0.35000000000000003,2,9920
100,0.9500000000000001,-0.36000000000000004,0,9870
100,0.9500000000000001,-0.36000000000000004,1,9930
100,0.9500000000000001,-0.36000000000000004,2,7930
100,0.9500000000000001,-0.37000000000000005,0,9360
100,0.9500000000000001,-0.37000000000000005,1,9930
100,0.9500000000000001,-0.37000000000000005,2,9520
100,0.9500000000000001,-0.38000000000000006,0,9930
100,0.9500000000000001,-0.38000000000000006,1,9760
100,0.9500000000000001,-0.38000000000000006,2,9850
100,0.9500000000000001,-0.39,0,9770
100,0.9500000000000001,-0.39,1,9930
100,0.9500000000000001,-0.39,2,5390
100,0.9500000000000001,-0.41000000000000003,0,9910
100,0.9500000000000001,-0.41000000000000003,1,9920
100,0.9500000000000001,-0.41000000000000003,2,9910
100,0.9500000000000001,-0.42000000000000004,0,9570
100,0.9500000000000001,-0.42000000000000004,1,9800
100,0.9500000000000001,-0.42000000000000004,2,9690
100,0.9500000000000001,-0.43000000000000005,0,9830
100,0.9500000000000001,-0.43000000000000005,1,9950
100,0.9500000000000001,-0.43000000000000005,2,8380
100,0.9500000000000001,-0.44000000000000006,0,8130
100,0.9500000000000001,-0.44000000000000006,1,6150
100,0.9500000000000001,-0.44000000000000006,2,9780
100,0.9500000000000001,-0.45,0,9680
100,0.9500000000000001,-0.45,1,7570
100,0.9500000000000001,-0.45,2,9780
100,0.9500000000000001,-0.46,0,9790
100,0.9500000000000001,-0.46,1,5480
100,0.9500000000000001,-0.46,2,9850
100,0.9500000000000001,-0.47000000000000003,0,9830
100,0.9500000000000001,-0.47000000000000003,1,9820
100,0.9500000000000001,-0.47000000000000003,2,8180
100,0.9500000000000001,-0.48000000000000004,0,9740
100,0.9500000000000001,-0.48000000000000004,1,9920
100,0.9500000000000001,-0.48000000000000004,2,9940
100,0.9500000000000001,-0.49000000000000005,0,7290
100,0.9500000000000001,-0.49000000000000005,1,9830
100,0.9500000000000001,-0.49000000000000005,2,9900
100,0.9500000000000001,-0.4,0,9860
100,0.9500000000000001,-0.4,1,9800
100,0.9500000000000001,-0.4,2,9920
100,0.9500000000000001,-0.51,0,9800
100,0.9500000000000001,-0.51,1,9930
100,0.9500000000000001,-0.51,2,9900
100,0.9500000000000001,-0.52,0,8790
100,0.9500000000000001,-0.52,1,9930
100,0.9500000000000001,-0.52,2,9850
100,0.9500000000000001,-0.53,0,4760
100,0.9500000000000001,-0.53,1,8110
100,0.9500000000000001,-0.53,2,9750
100,0.9500000000000001,-0.54,0,9890
100,0.9500000000000001,-0.54,1,9880
100,0.9500000000000001,-0.54,2,9920
100,0.9500000000000001,-0.55,0,9890
100,0.9500000000000001,-0.55,1,7070
100,0.9500000000000001,-0.55,2,9920
100,0.9500000000000001,-0.56,0,7400
100,0.9500000000000001,-0.56,1,7760
100,0.9500000000000001,-0.56,2,9910
100,0.9500000000000001,-0.5700000000000001,0,7180
100,0.9500000000000001,-0.5700000000000001,1,9710
100,0.9500000000000001,-0.5700000000000001,2,8980
100,0.9500000000000001,-0.5800000000000001,0,9950
100,0.9500000000000001,-0.5800000000000001,1,9950
100,0.9500000000000001,-0.5800000000000001,2,9880
100,0.9500000000000001,-0.5900000000000001,0,9810
100,0.9500000000000001,-0.5900000000000001,1,9730
100,0.9500000000000001,-0.5900000000000001,2,9930
100,0.9500000000000001,-0.5,0,9910
100,0.9500000000000001,-0.5,1,9890
100,0.9500000000000001,-0.5,2,9910
100,0.9500000000000001,-0.6000000000000001,0,5630
100,0.9500000000000001,-0.6000000000000001,1,7770
100,0.9500000000000001,-0.6000000000000001,2,7700
100,0.9500000000000001,-0.6100000000000001,0,9290
100,0.9500000000000001,-0.6100000000000001,1,8070
100,0.9500000000000001,-0.6100000000000001,2,8090
100,0.9500000000000001,-0.6200000000000001,0,8540
100,0.9500000000000001,-0.6200000000000001,1,9830
100,0.9500000000000001,-0.6200000000000001,2,9910
100,0.9500000000000001,-0.63,0,8280
100,0.9500000000000001,-0.63,1,9870
100,0.9500000000000001,-0.63,2,9930
100,0.9500000000000001,-0.64,0,9950
100,0.9500000000000001,-0.64,1,9910
100,0.9500000000000001,-0.64,2,9920
100,0.9500000000000001,-0.65,0,9950
100,0.9500000000000001,-0.65,1,9930
100,0.9500000000000001,-0.65,2,9950
100,0.9500000000000001,-0.66,0,9880
100,0.9500000000000001,-0.66,1,9840
100,0.9500000000000001,-0.66,2,8280
100,0.9500000000000001,-0.67,0,9710
100,0.9500000000000001,-0.67,1,6240
100,0.9500000000000001,-0.67,2,9900
100,0.9500000000000001,-0.68,0,9900
100,0.9500000000000001,-0.68,1,9930
100,0.9500000000000001,-0.68,2,9770
100,0.9500000000000001,-0.6900000000000001,0,9930
100,0.9500000000000001,-0.6900000000000001,1,9930
100,0.9500000000000001,-0.6900000000000001,2,7950
100,0.9500000000000001,-0.7000000000000001,0,9910
100,0.9500000000000001,-0.7000000000000001,1,7790
100,0.9500000000000001,-0.7000000000000001,2,9910
100,0.9500000000000001,-0.7100000000000001,0,6950
100,0.9500000000000001,-0.7100000000000001,1,8940
100,0.9500000000000001,-0.7100000000000001,2,8130
100,0.9500000000000001,-0.7200000000000001,0,8320
100,0.9500000000000001,-0.7200000000000001,1,7940
100,0.9500000000000001,-0.7200000000000001,2,9860
100,0.9500000000000001,-0.73,0,9670
100,0.9500000000000001,-0.73,1,9930
100,0.9500000000000001,-0.73,2,9710
100,0.9500000000000001,-0.74,0,9910
100,0.9500000000000001,-0.74,1,7620
100,0.9500000000000001,-0.74,2,9740
100,0.9500000000000001,-0.75,0,9930
100,0.9500000000000001,-0.75,1,9930
100,0.9500000000000001,-0.75,2,9900
100,0.9500000000000001,-0.76,0,9890
100,0.9500000000000001,-0.76,1,7350
100,0.9500000000000001,-0.76,2,6900
100,0.9500000000000001,-0.77,0,9950
100,0.9500000000000001,-0.77,1,9940
100,0.9500000000000001,-0.77,2,9950
100,0.9500000000000001,-0.78,0,9920
100,0.9500000000000001,-0.78,1,9930
100,0.9500000000000001,-0.78,2,9910
100,0.9500000000000001,-0.79,0,9930
100,0.9500000000000001,-0.79,1,9950
100,0.9500000000000001,-0.79,2,9840
100,0.9500000000000001,-0.8,0,9890
100,0.9500000000000001,-0.8,1,9900
100,0.9500000000000001,-0.8,2,7370
100,0.9500000000000001,0.010000000000000009,0,9523
100,0.9500000000000001,0.010000000000000009,1,9530
100,0.9500000000000001,0.010000000000000009,2,9706
100,0.9500000000000001,0.020000000000000018,0,8370
100,0.9500000000000001,0.020000000000000018,1,4450
100,0.9500000000000001,0.020000000000000018,2,9911
100,0.9500000000000001,0.030000000000000027,0,5800
100,0.9500000000000001,0.030000000000000027,1,0
100,0.9500000000000001,0.030000000000000027,2,1002
100,0.9500000000000001,0.039999999999999925,0,2531
100,0.9500000000000001,0.039999999999999925,1,1366
100,0.9500000000000001,0.039999999999999925,2,759
100,0.9500000000000001,0.04999999999999993,0,3470
100,0.9500000000000001,0.04999999999999993,1,1100
100,0.9500000000000001,0.04999999999999993,2,30
100,0.9500000000000001,0.05999999999999994,0,2810
100,0.9500000000000001,0.05999999999999994,1,540
100,0.9500000000000001,0.05999999999999994,2,30
100,0.9500000000000001,0.06999999999999995,0,2330
100,0.9500000000000001,0.06999999999999995,1,110
100,0.9500000000000001,0.06999999999999995,2,20
100,0.9500000000000001,0.07999999999999996,0,1950
100,0.9500000000000001,0.07999999999999996,1,100
100,0.9500000000000001,0.07999999999999996,2,20
100,0.9500000000000001,0.08999999999999997,0,1660
100,0.9500000000000001,0.08999999999999997,1,90
100,0.9500000000000001,0.08999999999999997,2,20
100,0.9500000000000001,0.09999999999999998,0,1430
100,0.9500000000000001,0.09999999999999998,1,3230
100,0.9500000000000001,0.09999999999999998,2,20
100,0.9500000000000001,0.0,0,0
100,0.9500000000000001,0.0,1,0
100,0.9500000000000001,0.0,2,0
100,0.9500000000000001,0.10999999999999999,0,1240
100,0.9500000000000001,0.10999999999999999,1,90
100,0.9500000000000001,0.10999999999999999,2,20
100,0.9500000000000001,0.12,0,1090
100,0.9500000000000001,0.12,1,40
100,0.9500000000000001,0.12,2,20
100,0.9500000000000001,0.13,0,60
100,0.9500000000000001,0.13,1,30
100,0.9500000000000001,0.13,2,20
100,0.9500000000000001,0.14,0,60
100,0.9500000000000001,0.14,1,30
100,0.9500000000000001,0.14,2,10
100,0.9500000000000001,0.15000000000000002,0,60
100,0.9500000000000001,0.15000000000000002,1,0
100,0.9500000000000001,0.15000000000000002,2,10
100,0.9500000000000001,0.15999999999999992,0,60
100,0.9500000000000001,0.15999999999999992,1,0
100,0.9500000000000001,0.15999999999999992,2,10
100,0.9500000000000001,0.16999999999999993,0,50
100,0.9500000000000001,0.16999999999999993,1,0
100,0.9500000000000001,0.16999999999999993,2,10
100,0.9500000000000001,0.17999999999999994,0,50
100,0.9500000000000001,0.17999999999999994,1,0
100,0.9500000000000001,0.17999999999999994,2,10
100,0.9500000000000001,0.18999999999999995,0,50
100,0.9500000000000001,0.18999999999999995,1,0
100,0.9500000000000001,0.18999999999999995,2,10
100,0.9500000000000001,0.2,0,50
100,0.9500000000000001,0.2,1,0
100,0.9500000000000001,0.2,2,10
100,0.96,-0.010000000000000009,0,0
100,0.96,-0.010000000000000009,1,0
100,0.96,-0.010000000000000009,2,0
100,0.96,-0.020000000000000018,0,0
100,0.96,-0.020000000000000018,1,0
100,0.96,-0.020000000000000018,2,0
100,0.96,-0.030000000000000027,0,0
100,0.96,-0.030000000000000027,1,0
100,0.96,-0.030000000000000027,2,0
100,0.96,-0.040000000000000036,0,6600
100,0.96,-0.040000000000000036,1,0
100,0.96,-0.040000000000000036,2,9480
100,0.96,-0.050000000000000044,0,0
100,0.96,-0.050000000000000044,1,0
100,0.96,-0.050000000000000044,2,0
100,0.96,-0.06000000000000005,0,7820
100,0.96,-0.06000000000000005,1,5400
100,0.96,-0.06000000000000005,2,9830
100,0.96,-0.07000000000000006,0,0
100,0.96,-0.07000000000000006,1,9910
100,0.96,-0.07000000000000006,2,0
100,0.96,-0.08000000000000007,0,9920
100,0.96,-0.08000000000000007,1,9940
100,0.96,-0.08000000000000007,2,4460
100,0.96,-0.09000000000000008,0,5290
100,0.96,-0.09000000000000008,1,9810
100,0.96,-0.09000000000000008,2,0
100,0.96,-0.09999999999999998,0,0
100,0.96,-0.09999999999999998,1,9690
100,0.96,-0.09999999999999998,2,9870
100,0.96,-0.10999999999999999,0,9780
100,0.96,-0.10999999999999999,1,9510
100,0.96,-0.10999999999999999,2,0
100,0.96,-0.12,0,8730
100,0.96,-0.12,1,9480
100,0.96,-0.12,2,0
100,0.96,-0.13,0,9880
100,0.96,-0.13,1,9550
100,0.96,-0.13,2,9910
100,0.96,-0.14,0,0
100,0.96,-0.14,1,9150
100,0.96,-0.14,2,9700
100,0.96,-0.15000000000000002,0,0
100,0.96,-0.15000000000000002,1,9400
100,0.96,-0.15000000000000002,2,9750
100,0.96,-0.16000000000000003,0,0
100,0.96,-0.16000000000000003,1,9800
100,0.96,-0.16000000000000003,2,9930
100,0.96,-0.17000000000000004,0,9730
100,0.96,-0.17000000000000004,1,9230
100,0.96,-0.17000000000000004,2,9930
100,0.96,-0.18000000000000005,0,2680
100,0.96,-0.18000000000000005,1,8950
100,0.96,-0.18000000000000005,2,9900
100,0.96,-0.19000000000000006,0,9910
100,0.96,-0.19000000000000006,1,9780
100,0.96,-0.19000000000000006,2,8380
100,0.96,-0.20000000000000007,0,9930
100,0.96,-0.20000000000000007,1,9850
100,0.96,-0.20000000000000007,2,8290
100,0.96,-0.21000000000000008,0,9750
100,0.96,-0.21000000000000008,1,9940
100,0.96,-0.21000000000000008,2,4360
100,0.96,-0.22000000000000008,0,2800
100,0.96,-0.22000000000000008,1,9860
100,0.96,-0.22000000000000008,2,9940
100,0.96,-0.22999999999999998,0,9830
100,0.96,-0.22999999999999998,1,5670
100,0.96,-0.22999999999999998,2,9850
100,0.96,-0.24,0,0
100,0.96,-0.24,1,9910
100,0.96,-0.24,2,9810
100,0.96,-0.25,0,9790
100,0.96,-0.25,1,5430
100,0.96,-0.25,2,9740
100,0.96,-0.26,0,9930
100,0.96,-0.26,1,6900
100,0.96,-0.26,2,7060
100,0.96,-0.27,0,7980
100,0.96,-0.27,1,9900
100,0.96,-0.27,2,9810
100,0.96,-0.28,0,3320
100,0.96,-0.28,1,9500
100,0.96,-0.28,2,9870
100,0.96,-0.29000000000000004,0,9900
100,0.96,-0.29000000000000004,1,8520
100,0.96,-0.29000000000000004,2,9890
100,0.96,-0.30000000000000004,0,5700
100,0.96,-0.30000000000000004,1,9890
100,0.96,-0.30000000000000004,2,9910
100,0.96,-0.31000000000000005,0,9830
100,0.96,-0.31000000000000005,1,9900
100,0.96,-0.31000000000000005,2,4410
100,0.96,-0.32000000000000006,0,9750
100,0.96,-0.32000000000000006,1,9830
100,0.96,-0.32000000000000006,2,9940
100,0.96,-0.33,0,9930
100,0.96,-0.33,1,9880
100,0.96,-0.33,2,9910
100,0.96,-0.34,0,9800
100,0.96,-0.34,1,9880
100,0.96,-0.34,2,9890
100,0.96,-0.35000000000000003,0,9920
100,0.96,-0.35000000000000003,1,9800
100,0.96,-0.35000000000000003,2,9900
100,0.96,-0.36000000000000004,0,9950
100,0.96,-0.36000000000000004,1,9910
100,0.96,-0.36000000000000004,2,6630
100,0.96,-0.37000000000000005,0,9860
100,0.96,-0.37000000000000005,1,9600
100,0.96,-0.37000000000000005,2,7580
100,0.96,-0.38000000000000006,0,9910
100,0.96,-0.38000000000000006,1,9890
100,0.96,-0.38000000000000006,2,9520
100,0.96,-0.39,0,9790
100,0.96,-0.39,1,9360
100,0.96,-0.39,2,9610
100,0.96,-0.41000000000000003,0,7540
100,0.96,-0.41000000000000003,1,9840
100,0.96,-0.41000000000000003,2,9510
100,0.96,-0.42000000000000004,0,9940
100,0.96,-0.42000000000000004,1,9940
100,0.96,-0.42000000000000004,2,9890
100,0.96,-0.43000000000000005,0,7540
100,0.96,-0.43000000000000005,1,9930
100,0.96,-0.43000000000000005,2,9890
100,0.96,-0.44000000000000006,0,9610
100,0.96,-0.44000000000000006,1,9900
100,0.96,-0.44000000000000006,2,8280
100,0.96,-0.45,0,9950
100,0.96,-0.45,1,9850
100,0.96,-0.45,2,9940
100,0.96,-0.46,0,9910
100,0.96,-0.46,1,9940
100,0.96,-0.46,2,7600
100,0.96,-0.47000000000000003,0,9710
100,0.96,-0.47000000000000003,1,9850
100,0.96,-0.47000000000000003,2,5620
100,0.96,-0.48000000000000004,0,6670
100,0.96,-0.48000000000000004,1,9900
100,0.96,-0.48000000000000004,2,5740
100,0.96,-0.49000000000000005,0,9910
100,0.96,-0.49000000000000005,1,9950
100,0.96,-0.49000000000000005,2,9940
100,0.96,-0.4,0,9910
100,0.96,-0.4,1,9930
100,0.96,-0.4,2,9930
100,0.96,-0.51,0,9900
100,0.96,-0.51,1,9920
100,0.96,-0.51,2,7290
100,0.96,-0.52,0,9930
100,0.96,-0.52,1,6520
100,0.96,-0.52,2,9710
100,0.96,-0.53,0,9790
100,0.96,-0.53,1,9950
100,0.96,-0.53,2,9940
100,0.96,-0.54,0,9920
100,0.96,-0.54,1,9910
100,0.96,-0.54,2,9940
100,0.96,-0.55,0,9890
100,0.96,-0.55,1,9910
100,0.96,-0.55,2,9940
100,0.96,-0.56,0,9940
100,0.96,-0.56,1,9910
100,0.96,-0.56,2,9920
100,0.96,-0.5700000000000001,0,9940
100,0.96,-0.5700000000000001,1,8400
100,0.96,-0.5700000000000001,2,9850
100,0.96,-0.5800000000000001,0,9950
100,0.96,-0.5800000000000001,1,9900
100,0.96,-0.5800000000000001,2,9940
100,0.96,-0.5900000000000001,0,9920
100,0.96,-0.5900000000000001,1,9940
100,0.96,-0.5900000000000001,2,9880
100,0.96,-0.5,0,9670
100,0.96,-0.5,1,9920
100,0.96,-0.5,2,9940
100,0.96,-0.6000000000000001,0,9870
100,0.96,-0.6000000000000001,1,7180
100,0.96,-0.6000000000000001,2,6370
100,0.96,-0.6100000000000001,0,9910
100,0.96,-0.6100000000000001,1,9920
100,0.96,-0.6100000000000001,2,6900
100,0.96,-0.6200000000000001,0,9880
100,0.96,-0.6200000000000001,1,9860
100,0.96,-0.6200000000000001,2,9890
100,0.96,-0.63,0,7940
100,0.96,-0.63,1,9880
100,0.96,-0.63,2,9900
100,0.96,-0.64,0,9810
100,0.96,-0.64,1,9780
100,0.96,-0.64,2,9900
100,0.96,-0.65,0,9930
100,0.96,-0.65,1,9880
100,0.96,-0.65,2,9860
100,0.96,-0.66,0,9920
100,0.96,-0.66,1,9940
100,0.96,-0.66,2,8260
100,0.96,-0.67,0,9860
100,0.96,-0.67,1,9950
100,0.96,-0.67,2,9920
100,0.96,-0.68,0,9820
100,0.96,-0.68,1,9820
100,0.96,-0.68,2,9820
100,0.96,-0.6900000000000001,0,9940
100,0.96,-0.6900000000000001,1,7680
100,0.96,-0.6900000000000001,2,9850
100,0.96,-0.7000000000000001,0,6830
100,0.96,-0.7000000000000001,1,7640
100,0.96,-0.7000000000000001,2,7340
100,0.96,-0.7100000000000001,0,9880
100,0.96,-0.7100000000000001,1,7530
100,0.96,-0.7100000000000001,2,9950
100,0.96,-0.7200000000000001,0,9920
100,0.96,-0.7200000000000001,1,9200
100,0.96,-0.7200000000000001,2,9900
100,0.96,-0.73,0,9940
100,0.96,-0.73,1,8230
100,0.96,-0.73,2,9930
100,0.96,-0.74,0,9940
100,0.96,-0.74,1,9950
100,0.96,-0.74,2,9930
100,0.96,-0.75,0,9890
100,0.96,-0.75,1,9930
100,0.96,-0.75,2,9920
100,0.96,-0.76,0,9940
100,0.96,-0.76,1,9860
100,0.96,-0.76,2,7430
100,0.96,-0.77,0,9940
100,0.96,-0.77,1,9940
100,0.96,-0.77,2,6610
100,0.96,-0.78,0,9950
100,0.96,-0.78,1,9910
100,0.96,-0.78,2,9700
100,0.96,-0.79,0,9930
100,0.96,-0.79,1,9900
100,0.96,-0.79,2,9860
100,0.96,-0.8,0,9100
100,0.96,-0.8,1,9810
100,0.96,-0.8,2,7270
100,0.96,0.010000000000000009,0,9617
100,0.96,0.010000000000000009,1,9523
100,0.96,0.010000000000000009,2,9738
100,0.96,0.020000000000000018,0,8840
100,0.96,0.020000000000000018,1,4770
100,0.96,0.020000000000000018,2,650
100,0.96,0.030000000000000027,0,6310
100,0.96,0.030000000000000027,1,2650
100,0.96,0.030000000000000027,2,50
100,0.96,0.039999999999999925,0,4690
100,0.96,0.039999999999999925,1,1630
100,0.96,0.039999999999999925,2,40
100,0.96,0.04999999999999993,0,3750
100,0.96,0.04999999999999993,1,1190
100,0.96,0.04999999999999993,2,30
100,0.96,0.05999999999999994,0,3020
100,0.96,0.05999999999999994,1,550
100,0.96,0.05999999999999994,2,30
100,0.96,0.06999999999999995,0,2490
100,0.96,0.06999999999999995,1,100
100,0.96,0.06999999999999995,2,0
100,0.96,0.07999999999999996,0,1367
100,0.96,0.07999999999999996,1,604
100,0.96,0.07999999999999996,2,420
100,0.96,0.08999999999999997,0,1174
100,0.96,0.08999999999999997,1,591
100,0.96,0.08999999999999997,2,385
100,0.96,0.09999999999999998,0,1023
100,0.96,0.09999999999999998,1,1112
100,0.96,0.09999999999999998,2,20
100,0.96,0.0,0,0
100,0.96,0.0,1,0
100,0.96,0.0,2,0
100,0.96,0.10999999999999999,0,1300
100,0.96,0.10999999999999999,1,100
100,0.96,0.10999999999999999,2,20
100,0.96,0.12,0,1140
100,0.96,0.12,1,40
100,0.96,0.12,2,20
100,0.96,0.13,0,990
100,0.96,0.13,1,30
100,0.96,0.13,2,20
100,0.96,0.14,0,60
100,0.96,0.14,1,30
100,0.96,0.14,2,10
100,0.96,0.15000000000000002,0,60
100,0.96,0.15000000000000002,1,0
100,0.96,0.15000000000000002,2,10
100,0.96,0.15999999999999992,0,50
100,0.96,0.15999999999999992,1,0
100,0.96,0.15999999999999992,2,10
100,0.96,0.16999999999999993,0,50
100,0.96,0.16999999999999993,1,0
100,0.96,0.16999999999999993,2,10
100,0.96,0.17999999999999994,0,50
100,0.96,0.17999999999999994,1,0
100,0.96,0.17999999999999994,2,10
100,0.96,0.18999999999999995,0,50
100,0.96,0.18999999999999995,1,0
100,0.96,0.18999999999999995,2,10
100,0.96,0.2,0,50
100,0.96,0.2,1,0
100,0.96,0.2,2,10
100,0.97,-0.010000000000000009,0,0
100,0.97,-0.010000000000000009,1,0
100,0.97,-0.010000000000000009,2,0
100,0.97,-0.020000000000000018,0,0
100,0.97,-0.020000000000000018,1,0
100,0.97,-0.020000000000000018,2,0
100,0.97,-0.030000000000000027,0,0
100,0.97,-0.030000000000000027,1,0
100,0.97,-0.030000000000000027,2,0
100,0.97,-0.040000000000000036,0,9900
100,0.97,-0.040000000000000036,1,0
100,0.97,-0.040000000000000036,2,0
100,0.97,-0.050000000000000044,0,0
100,0.97,-0.050000000000000044,1,3610
100,0.97,-0.050000000000000044,2,0
100,0.97,-0.06000000000000005,0,0
100,0.97,-0.06000000000000005,1,9730
100,0.97,-0.06000000000000005,2,0
100,0.97,-0.07000000000000006,0,7860
100,0.97,-0.07000000000000006,1,0
100,0.97,-0.07000000000000006,2,6650
100,0.97,-0.08000000000000007,0,7000
100,0.97,-0.08000000000000007,1,9800
100,0.97,-0.08000000000000007,2,6800
100,0.97,-0.09000000000000008,0,9850
100,0.97,-0.09000000000000008,1,3230
100,0.97,-0.09000000000000008,2,0
100,0.97,-0.09999999999999998,0,9920
100,0.97,-0.09999999999999998,1,9870
100,0.97,-0.09999999999999998,2,4460
100,0.97,-0.10999999999999999,0,0
100,0.97,-0.10999999999999999,1,0
100,0.97,-0.10999999999999999,2,9870
100,0.97,-0.12,0,9800
100,0.97,-0.12,1,9860
100,0.97,-0.12,2,5630
100,0.97,-0.13,0,9340
100,0.97,-0.13,1,9730
100,0.97,-0.13,2,7670
100,0.97,-0.14,0,9800
100,0.97,-0.14,1,9760
100,0.97,-0.14,2,0
100,0.97,-0.15000000000000002,0,9880
100,0.97,-0.15000000000000002,1,9860
100,0.97,-0.15000000000000002,2,9860
100,0.97,-0.16000000000000003,0,7160
100,0.97,-0.16000000000000003,1,8730
100,0.97,-0.16000000000000003,2,9860
100,0.97,-0.17000000000000004,0,9800
100,0.97,-0.17000000000000004,1,9850
100,0.97,-0.17000000000000004,2,9670
100,0.97,-0.18000000000000005,0,9920
100,0.97,-0.18000000000000005,1,9920
100,0.97,-0.18000000000000005,2,9930
100,0.97,-0.19000000000000006,0,9880
100,0.97,-0.19000000000000006,1,9850
100,0.97,-0.19000000000000006,2,9740
100,0.97,-0.20000000000000007,0,9810
100,0.97,-0.20000000000000007,1,9920
100,0.97,-0.20000000000000007,2,6230
100,0.97,-0.21000000000000008,0,9820
100,0.97,-0.21000000000000008,1,8220
100,0.97,-0.21000000000000008,2,4370
100,0.97,-0.22000000000000008,0,4300
100,0.97,-0.22000000000000008,1,9950
100,0.97,-0.22000000000000008,2,9890
100,0.97,-0.22999999999999998,0,6760
100,0.97,-0.22999999999999998,1,9490
100,0.97,-0.22999999999999998,2,9890
100,0.97,-0.24,0,4080
100,0.97,-0.24,1,9760
100,0.97,-0.24,2,9940
100,0.97,-0.25,0,9600
100,0.97,-0.25,1,9940
100,0.97,-0.25,2,7520
100,0.97,-0.26,0,9930
100,0.97,-0.26,1,8830
100,0.97,-0.26,2,6910
100,0.97,-0.27,0,9830
100,0.97,-0.27,1,9930
100,0.97,-0.27,2,9910
100,0.97,-0.28,0,9450
100,0.97,-0.28,1,9880
100,0.97,-0.28,2,9910
100,0.97,-0.29000000000000004,0,6210
100,0.97,-0.29000000000000004,1,9900
100,0.97,-0.29000000000000004,2,6630
100,0.97,-0.30000000000000004,0,9840
100,0.97,-0.30000000000000004,1,8170
100,0.97,-0.30000000000000004,2,6790
100,0.97,-0.31000000000000005,0,9760
100,0.97,-0.31000000000000005,1,9870
100,0.97,-0.31000000000000005,2,9880
100,0.97,-0.32000000000000006,0,9890
100,0.97,-0.32000000000000006,1,9820
100,0.97,-0.32000000000000006,2,7960
100,0.97,-0.33,0,9870
100,0.97,-0.33,1,9860
100,0.97,-0.33,2,9770
100,0.97,-0.34,0,9910
100,0.97,-0.34,1,9860
100,0.97,-0.34,2,5780
100,0.97,-0.35000000000000003,0,9940
100,0.97,-0.35000000000000003,1,9790
100,0.97,-0.35000000000000003,2,9760
100,0.97,-0.36000000000000004,0,9820
100,0.97,-0.36000000000000004,1,9930
100,0.97,-0.36000000000000004,2,9880
100,0.97,-0.37000000000000005,0,9730
100,0.97,-0.37000000000000005,1,9940
100,0.97,-0.37000000000000005,2,9910
100,0.97,-0.38000000000000006,0,9930
100,0.97,-0.38000000000000006,1,9940
100,0.97,-0.38000000000000006,2,9760
100,0.97,-0.39,0,9950
100,0.97,-0.39,1,9050
100,0.97,-0.39,2,9780
100,0.97,-0.41000000000000003,0,6680
100,0.97,-0.41000000000000003,1,9920
100,0.97,-0.41000000000000003,2,5660
100,0.97,-0.42000000000000004,0,9920
100,0.97,-0.42000000000000004,1,9940
100,0.97,-0.42000000000000004,2,9930
100,0.97,-0.43000000000000005,0,9930
100,0.97,-0.43000000000000005,1,9930
100,0.97,-0.43000000000000005,2,9600
100,0.97,-0.44000000000000006,0,9930
100,0.97,-0.44000000000000006,1,9850
100,0.97,-0.44000000000000006,2,9910
100,0.97,-0.45,0,9930
100,0.97,-0.45,1,9890
100,0.97,-0.45,2,6130
100,0.97,-0.46,0,9940
100,0.97,-0.46,1,7100
100,0.97,-0.46,2,9920
100,0.97,-0.47000000000000003,0,9790
100,0.97,-0.47000000000000003,1,9920
100,0.97,-0.47000000000000003,2,9940
100,0.97,-0.48000000000000004,0,9930
100,0.97,-0.48000000000000004,1,9930
100,0.97,-0.48000000000000004,2,6760
100,0.97,-0.49000000000000005,0,9900
100,0.97,-0.49000000000000005,1,8240
100,0.97,-0.49000000000000005,2,9920
100,0.97,-0.4,0,9910
100,0.97,-0.4,1,7520
100,0.97,-0.4,2,9900
100,0.97,-0.51,0,9870
100,0.97,-0.51,1,9890
100,0.97,-0.51,2,9900
100,0.97,-0.52,0,9780
100,0.97,-0.52,1,9930
100,0.97,-0.52,2,9950
100,0.97,-0.53,0,9930
100,0.97,-0.53,1,7400
100,0.97,-0.53,2,9610
100,0.97,-0.54,0,7220
100,0.97,-0.54,1,7650
100,0.97,-0.54,2,6010
100,0.97,-0.55,0,5600
100,0.97,-0.55,1,9940
100,0.97,-0.55,2,6950
100,0.97,-0.56,0,8330
100,0.97,-0.56,1,4910
100,0.97,-0.56,2,9920
100,0.97,-0.5700000000000001,0,9810
100,0.97,-0.5700000000000001,1,9920
100,0.97,-0.5700000000000001,2,9940
100,0.97,-0.5800000000000001,0,9920
100,0.97,-0.5800000000000001,1,9940
100,0.97,-0.5800000000000001,2,9920
100,0.97,-0.5900000000000001,0,9930
100,0.97,-0.5900000000000001,1,7010
100,0.97,-0.5900000000000001,2,9870
100,0.97,-0.5,0,7520
100,0.97,-0.5,1,9810
100,0.97,-0.5,2,9950
100,0.97,-0.6000000000000001,0,9920
100,0.97,-0.6000000000000001,1,9840
100,0.97,-0.6000000000000001,2,3630
100,0.97,-0.6100000000000001,0,9950
100,0.97,-0.6100000000000001,1,9600
100,0.97,-0.6100000000000001,2,9850
100,0.97,-0.6200000000000001,0,9940
100,0.97,-0.6200000000000001,1,7330
100,0.97,-0.6200000000000001,2,9850
100,0.97,-0.63,0,9940
100,0.97,-0.63,1,9930
100,0.97,-0.63,2,9940
100,0.97,-0.64,0,9590
100,0.97,-0.64,1,7480
100,0.97,-0.64,2,9840
100,0.97,-0.65,0,9930
100,0.97,-0.65,1,9940
100,0.97,-0.65,2,9920
100,0.97,-0.66,0,9900
100,0.97,-0.66,1,9930
100,0.97,-0.66,2,9930
100,0.97,-0.67,0,9940
100,0.97,-0.67,1,9930
100,0.97,-0.67,2,9920
100,0.97,-0.68,0,8230
100,0.97,-0.68,1,7030
100,0.97,-0.68,2,9920
100,0.97,-0.6900000000000001,0,8240
100,0.97,-0.6900000000000001,1,9920
100,0.97,-0.6900000000000001,2,9900
100,0.97,-0.7000000000000001,0,9800
100,0.97,-0.7000000000000001,1,9890
100,0.97,-0.7000000000000001,2,9890
100,0.97,-0.7100000000000001,0,9940
100,0.97,-0.7100000000000001,1,9760
100,0.97,-0.7100000000000001,2,9950
100,0.97,-0.7200000000000001,0,9860
100,0.97,-0.7200000000000001,1,9940
100,0.97,-0.7200000000000001,2,9530
100,0.97,-0.73,0,7960
100,0.97,-0.73,1,9850
100,0.97,-0.73,2,7700
100,0.97,-0.74,0,9940
100,0.97,-0.74,1,8500
100,0.97,-0.74,2,8540
100,0.97,-0.75,0,7870
100,0.97,-0.75,1,9920
100,0.97,-0.75,2,7340
100,0.97,-0.76,0,9870
100,0.97,-0.76,1,8450
100,0.97,-0.76,2,9940
100,0.97,-0.77,0,9930
100,0.97,-0.77,1,9910
100,0.97,-0.77,2,8070
100,0.97,-0.78,0,9950
100,0.97,-0.78,1,8160
100,0.97,-0.78,2,9830
100,0.97,-0.79,0,9920
100,0.97,-0.79,1,9890
100,0.97,-0.79,2,9690
100,0.97,-0.8,0,9940
100,0.97,-0.8,1,9880
100,0.97,-0.8,2,9940
100,0.97,0.010000000000000009,0,9841
100,0.97,0.010000000000000009,1,9524
100,0.97,0.010000000000000009,2,9798
100,0.97,0.020000000000000018,0,9440
100,0.97,0.020000000000000018,1,5230
100,0.97,0.020000000000000018,2,0
100,0.97,0.030000000000000027,0,6870
100,0.97,0.030000000000000027,1,2840
100,0.97,0.030000000000000027,2,50
100,0.97,0.039999999999999925,0,5150
100,0.97,0.039999999999999925,1,1760
100,0.97,0.039999999999999925,2,40
100,0.97,0.04999999999999993,0,4080
100,0.97,0.04999999999999993,1,1270
100,0.97,0.04999999999999993,2,30
100,0.97,0.05999999999999994,0,3190
100,0.97,0.05999999999999994,1,570
100,0.97,0.05999999999999994,2,30
100,0.97,0.06999999999999995,0,2690
100,0.97,0.06999999999999995,1,110
100,0.97,0.06999999999999995,2,20
100,0.97,0.07999999999999996,0,2230
100,0.97,0.07999999999999996,1,100
100,0.97,0.07999999999999996,2,20
100,0.97,0.08999999999999997,0,1880
100,0.97,0.08999999999999997,1,90
100,0.97,0.08999999999999997,2,20
100,0.97,0.09999999999999998,0,1610
100,0.97,0.09999999999999998,1,90
100,0.97,0.09999999999999998,2,20
100,0.97,0.0,0,0
100,0.97,0.0,1,0
100,0.97,0.0,2,0
100,0.97,0.10999999999999999,0,1380
100,0.97,0.10999999999999999,1,100
100,0.97,0.10999999999999999,2,20
100,0.97,0.12,0,1200
100,0.97,0.12,1,70
100,0.97,0.12,2,20
100,0.97,0.13,0,1050
100,0.97,0.13,1,30
100,0.97,0.13,2,20
100,0.97,0.14,0,60
100,0.97,0.14,1,30
100,0.97,0.14,2,10
100,0.97,0.15000000000000002,0,60
100,0.97,0.15000000000000002,1,0
100,0.97,0.15000000000000002,2,10
100,0.97,0.15999999999999992,0,60
100,0.97,0.15999999999999992,1,0
100,0.97,0.15999999999999992,2,10
100,0.97,0.16999999999999993,0,50
100,0.97,0.16999999999999993,1,0
100,0.97,0.16999999999999993,2,10
100,0.97,0.17999999999999994,0,50
100,0.97,0.17999999999999994,1,0
100,0.97,0.17999999999999994,2,10
100,0.97,0.18999999999999995,0,50
100,0.97,0.18999999999999995,1,0
100,0.97,0.18999999999999995,2,10
100,0.97,0.2,0,50
100,0.97,0.2,1,0
100,0.97,0.2,2,10
100,0.98,-0.010000000000000009,0,0
100,0.98,-0.010000000000000009,1,0
100,0.98,-0.010000000000000009,2,0
100,0.98,-0.020000000000000018,0,0
100,0.98,-0.020000000000000018,1,0
100,0.98,-0.020000000000000018,2,0
100,0.98,-0.030000000000000027,0,0
100,0.98,-0.030000000000000027,1,0
100,0.98,-0.030000000000000027,2,0
100,0.98,-0.040000000000000036,0,0
100,0.98,-0.040000000000000036,1,0
100,0.98,-0.040000000000000036,2,0
100,0.98,-0.050000000000000044,0,5100
100,0.98,-0.050000000000000044,1,0
100,0.98,-0.050000000000000044,2,0
100,0.98,-0.06000000000000005,0,9880
100,0.98,-0.06000000000000005,1,9910
100,0.98,-0.06000000000000005,2,7280
100,0.98,-0.07000000000000006,0,0
100,0.98,-0.07000000000000006,1,0
100,0.98,-0.07000000000000006,2,0
100,0.98,-0.08000000000000007,0,9850
100,0.98,-0.08000000000000007,1,9850
100,0.98,-0.08000000000000007,2,7300
100,0.98,-0.09000000000000008,0,9870
100,0.98,-0.09000000000000008,1,9920
100,0.98,-0.09000000000000008,2,9360
100,0.98,-0.09999999999999998,0,9880
100,0.98,-0.09999999999999998,1,9840
100,0.98,-0.09999999999999998,2,4970
100,0.98,-0.10999999999999999,0,0
100,0.98,-0.10999999999999999,1,9660
100,0.98,-0.10999999999999999,2,9950
100,0.98,-0.12,0,9870
100,0.98,-0.12,1,7920
100,0.98,-0.12,2,9600
100,0.98,-0.13,0,4010
100,0.98,-0.13,1,9830
100,0.98,-0.13,2,4920
100,0.98,-0.14,0,9950
100,0.98,-0.14,1,9500
100,0.98,-0.14,2,6370
100,0.98,-0.15000000000000002,0,6790
100,0.98,-0.15000000000000002,1,5090
100,0.98,-0.15000000000000002,2,7790
100,0.98,-0.16000000000000003,0,9910
100,0.98,-0.16000000000000003,1,9920
100,0.98,-0.16000000000000003,2,9880
100,0.98,-0.17000000000000004,0,5460
100,0.98,-0.17000000000000004,1,9820
100,0.98,-0.17000000000000004,2,9920
100,0.98,-0.18000000000000005,0,9850
100,0.98,-0.18000000000000005,1,9920
100,0.98,-0.18000000000000005,2,9930
100,0.98,-0.19000000000000006,0,9770
100,0.98,-0.19000000000000006,1,6700
100,0.98,-0.19000000000000006,2,7380
100,0.98,-0.20000000000000007,0,9850
100,0.98,-0.20000000000000007,1,9940
100,0.98,-0.20000000000000007,2,6510
100,0.98,-0.21000000000000008,0,9680
100,0.98,-0.21000000000000008,1,5800
100,0.98,-0.21000000000000008,2,9790
100,0.98,-0.22000000000000008,0,9890
100,0.98,-0.22000000000000008,1,9840
100,0.98,-0.22000000000000008,2,9940
100,0.98,-0.22999999999999998,0,9650
100,0.98,-0.22999999999999998,1,9910
100,0.98,-0.22999999999999998,2,9950
100,0.98,-0.24,0,9540
100,0.98,-0.24,1,6770
100,0.98,-0.24,2,9840
100,0.98,-0.25,0,9920
100,0.98,-0.25,1,9920
100,0.98,-0.25,2,9880
100,0.98,-0.26,0,7000
100,0.98,-0.26,1,9900
100,0.98,-0.26,2,2500
100,0.98,-0.27,0,9770
100,0.98,-0.27,1,9940
100,0.98,-0.27,2,9930
100,0.98,-0.28,0,9840
100,0.98,-0.28,1,9910
100,0.98,-0.28,2,8040
100,0.98,-0.29000000000000004,0,9730
100,0.98,-0.29000000000000004,1,8440
100,0.98,-0.29000000000000004,2,6390
100,0.98,-0.30000000000000004,0,8250
100,0.98,-0.30000000000000004,1,9940
100,0.98,-0.30000000000000004,2,9440
100,0.98,-0.31000000000000005,0,9750
100,0.98,-0.31000000000000005,1,9920
100,0.98,-0.31000000000000005,2,7680
100,0.98,-0.32000000000000006,0,9950
100,0.98,-0.32000000000000006,1,9940
100,0.98,-0.32000000000000006,2,9920
100,0.98,-0.33,0,6770
100,0.98,-0.33,1,9880
100,0.98,-0.33,2,9240
100,0.98,-0.34,0,9710
100,0.98,-0.34,1,9910
100,0.98,-0.34,2,7830
100,0.98,-0.35000000000000003,0,9940
100,0.98,-0.35000000000000003,1,9930
100,0.98,-0.35000000000000003,2,9820
100,0.98,-0.36000000000000004,0,9500
100,0.98,-0.36000000000000004,1,9560
100,0.98,-0.36000000000000004,2,9910
100,0.98,-0.37000000000000005,0,7980
100,0.98,-0.37000000000000005,1,9820
100,0.98,-0.37000000000000005,2,9790
100,0.98,-0.38000000000000006,0,9920
100,0.98,-0.38000000000000006,1,9900
100,0.98,-0.38000000000000006,2,7550
100,0.98,-0.39,0,9950
100,0.98,-0.39,1,7290
100,0.98,-0.39,2,9890
100,0.98,-0.41000000000000003,0,9830
100,0.98,-0.41000000000000003,1,9930
100,0.98,-0.41000000000000003,2,9920
100,0.98,-0.42000000000000004,0,9480
100,0.98,-0.42000000000000004,1,9880
100,0.98,-0.42000000000000004,2,9920
100,0.98,-0.43000000000000005,0,9840
100,0.98,-0.43000000000000005,1,9940
100,0.98,-0.43000000000000005,2,9910
100,0.98,-0.44000000000000006,0,9910
100,0.98,-0.44000000000000006,1,9910
100,0.98,-0.44000000000000006,2,9930
100,0.98,-0.45,0,9910
100,0.98,-0.45,1,9920
100,0.98,-0.45,2,7250
100,0.98,-0.46,0,6590
100,0.98,-0.46,1,9730
100,0.98,-0.46,2,6420
100,0.98,-0.47000000000000003,0,9840
100,0.98,-0.47000000000000003,1,9950
100,0.98,-0.47000000000000003,2,9730
100,0.98,-0.48000000000000004,0,9880
100,0.98,-0.48000000000000004,1,9890
100,0.98,-0.48000000000000004,2,9870
100,0.98,-0.49000000000000005,0,9840
100,0.98,-0.49000000000000005,1,9430
100,0.98,-0.49000000000000005,2,9840
100,0.98,-0.4,0,9840
100,0.98,-0.4,1,9890
100,0.98,-0.4,2,9930
100,0.98,-0.51,0,9940
100,0.98,-0.51,1,7920
100,0.98,-0.51,2,9930
100,0.98,-0.52,0,8470
100,0.98,-0.52,1,9930
100,0.98,-0.52,2,9830
100,0.98,-0.53,0,6240
100,0.98,-0.53,1,9950
100,0.98,-0.53,2,9940
100,0.98,-0.54,0,9950
100,0.98,-0.54,1,9810
100,0.98,-0.54,2,5520
100,0.98,-0.55,0,9910
100,0.98,-0.55,1,9920
100,0.98,-0.55,2,9850
100,0.98,-0.56,0,7360
100,0.98,-0.56,1,9930
100,0.98,-0.56,2,9850
100,0.98,-0.5700000000000001,0,9900
100,0.98,-0.5700000000000001,1,9890
100,0.98,-0.5700000000000001,2,9940
100,0.98,-0.5800000000000001,0,9950
100,0.98,-0.5800000000000001,1,9890
100,0.98,-0.5800000000000001,2,9880
100,0.98,-0.5900000000000001,0,9930
100,0.98,-0.5900000000000001,1,9900
100,0.98,-0.5900000000000001,2,9710
100,0.98,-0.5,0,9910
100,0.98,-0.5,1,9860
100,0.98,-0.5,2,9870
100,0.98,-0.6000000000000001,0,9950
100,0.98,-0.6000000000000001,1,8330
100,0.98,-0.6000000000000001,2,6770
100,0.98,-0.6100000000000001,0,9050
100,0.98,-0.6100000000000001,1,6510
100,0.98,-0.6100000000000001,2,9500
100,0.98,-0.6200000000000001,0,9890
100,0.98,-0.6200000000000001,1,9940
100,0.98,-0.6200000000000001,2,6030
100,0.98,-0.63,0,9910
100,0.98,-0.63,1,9930
100,0.98,-0.63,2,9920
100,0.98,-0.64,0,9950
100,0.98,-0.64,1,8220
100,0.98,-0.64,2,9930
100,0.98,-0.65,0,9930
100,0.98,-0.65,1,7680
100,0.98,-0.65,2,9940
100,0.98,-0.66,0,9880
100,0.98,-0.66,1,9870
100,0.98,-0.66,2,7320
100,0.98,-0.67,0,9860
100,0.98,-0.67,1,9940
100,0.98,-0.67,2,9850
100,0.98,-0.68,0,7900
100,0.98,-0.68,1,9860
100,0.98,-0.68,2,9910
100,0.98,-0.6900000000000001,0,9770
100,0.98,-0.6900000000000001,1,9950
100,0.98,-0.6900000000000001,2,9920
100,0.98,-0.7000000000000001,0,9910
100,0.98,-0.7000000000000001,1,9940
100,0.98,-0.7000000000000001,2,8030
100,0.98,-0.7100000000000001,0,9870
100,0.98,-0.7100000000000001,1,9890
100,0.98,-0.7100000000000001,2,9720
100,0.98,-0.7200000000000001,0,9880
100,0.98,-0.7200000000000001,1,9930
100,0.98,-0.7200000000000001,2,9940
100,0.98,-0.73,0,9750
100,0.98,-0.73,1,9920
100,0.98,-0.73,2,9890
100,0.98,-0.74,0,9930
100,0.98,-0.74,1,9860
100,0.98,-0.74,2,9930
100,0.98,-0.75,0,9870
100,0.98,-0.75,1,9890
100,0.98,-0.75,2,7700
100,0.98,-0.76,0,9800
100,0.98,-0.76,1,9920
100,0.98,-0.76,2,6780
100,0.98,-0.77,0,9860
100,0.98,-0.77,1,9930
100,0.98,-0.77,2,9940
100,0.98,-0.78,0,9910
100,0.98,-0.78,1,9300
100,0.98,-0.78,2,9830
100,0.98,-0.79,0,9720
100,0.98,-0.79,1,9930
100,0.98,-0.79,2,9930
100,0.98,-0.8,0,9940
100,0.98,-0.8,1,9440
100,0.98,-0.8,2,7860
100,0.98,0.010000000000000009,0,9653
100,0.98,0.010000000000000009,1,9634
100,0.98,0.010000000000000009,2,9942
100,0.98,0.020000000000000018,0,9518
100,0.98,0.020000000000000018,1,5680
100,0.98,0.020000000000000018,2,9969
100,0.98,0.030000000000000027,0,7620
100,0.98,0.030000000000000027,1,3090
100,0.98,0.030000000000000027,2,50
100,0.98,0.039999999999999925,0,5560
100,0.98,0.039999999999999925,1,0
100,0.98,0.039999999999999925,2,763
100,0.98,0.04999999999999993,0,2540
100,0.98,0.04999999999999993,1,1105
100,0.98,0.04999999999999993,2,613
100,0.98,0.05999999999999994,0,2156
100,0.98,0.05999999999999994,1,880
100,0.98,0.05999999999999994,2,522
100,0.98,0.06999999999999995,0,1835
100,0.98,0.06999999999999995,1,719
100,0.98,0.06999999999999995,2,471
100,0.98,0.07999999999999996,0,1527
100,0.98,0.07999999999999996,1,608
100,0.98,0.07999999999999996,2,20
100,0.98,0.08999999999999997,0,2000
100,0.98,0.08999999999999997,1,90
100,0.98,0.08999999999999997,2,20
100,0.98,0.09999999999999998,0,1710
100,0.98,0.09999999999999998,1,100
100,0.98,0.09999999999999998,2,20
100,0.98,0.0,0,0
100,0.98,0.0,1,0
100,0.98,0.0,2,0
100,0.98,0.10999999999999999,0,1460
100,0.98,0.10999999999999999,1,100
100,0.98,0.10999999999999999,2,20
100,0.98,0.12,0,1270
100,0.98,0.12,1,40
100,0.98,0.12,2,20
100,0.98,0.13,0,1110
100,0.98,0.13,1,30
100,0.98,0.13,2,20
100,0.98,0.14,0,60
100,0.98,0.14,1,30
100,0.98,0.14,2,10
100,0.98,0.15000000000000002,0,60
100,0.98,0.15000000000000002,1,0
100,0.98,0.15000000000000002,2,10
100,0.98,0.15999999999999992,0,60
100,0.98,0.15999999999999992,1,0
100,0.98,0.15999999999999992,2,10
100,0.98,0.16999999999999993,0,50
100,0.98,0.16999999999999993,1,0
100,0.98,0.16999999999999993,2,10
100,0.98,0.17999999999999994,0,50
100,0.98,0.17999999999999994,1,0
100,0.98,0.17999999999999994,2,10
100,0.98,0.18999999999999995,0,50
100,0.98,0.18999999999999995,1,0
100,0.98,0.18999999999999995,2,10
100,0.98,0.2,0,50
100,0.98,0.2,1,0
100,0.98,0.2,2,20
100,0.99,-0.010000000000000009,0,0
100,0.99,-0.010000000000000009,1,0
100,0.99,-0.010000000000000009,2,0
100,0.99,-0.020000000000000018,0,0
100,0.99,-0.020000000000000018,1,0
100,0.99,-0.020000000000000018,2,0
100,0.99,-0.030000000000000027,0,0
100,0.99,-0.030000000000000027,1,0
100,0.99,-0.030000000000000027,2,0
100,0.99,-0.040000000000000036,0,0
100,0.99,-0.040000000000000036,1,7220
100,0.99,-0.040000000000000036,2,0
100,0.99,-0.050000000000000044,0,0
100,0.99,-0.050000000000000044,1,8790
100,0.99,-0.050000000000000044,2,0
100,0.99,-0.06000000000000005,0,9650
100,0.99,-0.06000000000000005,1,7490
100,0.99,-0.06000000000000005,2,6730
100,0.99,-0.07000000000000006,0,0
100,0.99,-0.07000000000000006,1,9730
100,0.99,-0.07000000000000006,2,9900
100,0.99,-0.08000000000000007,0,5120
100,0.99,-0.08000000000000007,1,0
100,0.99,-0.08000000000000007,2,0
100,0.99,-0.09000000000000008,0,9760
100,0.99,-0.09000000000000008,1,9780
100,0.99,-0.09000000000000008,2,0
100,0.99,-0.09999999999999998,0,0
100,0.99,-0.09999999999999998,1,5720
100,0.99,-0.09999999999999998,2,9840
100,0.99,-0.10999999999999999,0,0
100,0.99,-0.10999999999999999,1,9870
100,0.99,-0.10999999999999999,2,9620
100,0.99,-0.12,0,6820
100,0.99,-0.12,1,9560
100,0.99,-0.12,2,6390
100,0.99,-0.13,0,9860
100,0.99,-0.13,1,9930
100,0.99,-0.13,2,0
100,0.99,-0.14,0,4700
100,0.99,-0.14,1,9940
100,0.99,-0.14,2,9930
100,0.99,-0.15000000000000002,0,9920
100,0.99,-0.15000000000000002,1,7750
100,0.99,-0.15000000000000002,2,7500
100,0.99,-0.16000000000000003,0,9690
100,0.99,-0.16000000000000003,1,9880
100,0.99,-0.16000000000000003,2,9680
100,0.99,-0.17000000000000004,0,9750
100,0.99,-0.17000000000000004,1,4390
100,0.99,-0.17000000000000004,2,8820
100,0.99,-0.18000000000000005,0,9860
100,0.99,-0.18000000000000005,1,9910
100,0.99,-0.18000000000000005,2,0
100,0.99,-0.19000000000000006,0,9860
100,0.99,-0.19000000000000006,1,9840
100,0.99,-0.19000000000000006,2,9940
100,0.99,-0.20000000000000007,0,9330
100,0.99,-0.20000000000000007,1,9800
100,0.99,-0.20000000000000007,2,9800
100,0.99,-0.21000000000000008,0,7680
100,0.99,-0.21000000000000008,1,9940
100,0.99,-0.21000000000000008,2,9920
100,0.99,-0.22000000000000008,0,9860
100,0.99,-0.22000000000000008,1,0
100,0.99,-0.22000000000000008,2,9940
100,0.99,-0.22999999999999998,0,9690
100,0.99,-0.22999999999999998,1,9870
100,0.99,-0.22999999999999998,2,9240
100,0.99,-0.24,0,9700
100,0.99,-0.24,1,5940
100,0.99,-0.24,2,9860
100,0.99,-0.25,0,5380
100,0.99,-0.25,1,9680
100,0.99,-0.25,2,9890
100,0.99,-0.26,0,9860
100,0.99,-0.26,1,7850
100,0.99,-0.26,2,9520
100,0.99,-0.27,0,9700
100,0.99,-0.27,1,9470
100,0.99,-0.27,2,5470
100,0.99,-0.28,0,9750
100,0.99,-0.28,1,3600
100,0.99,-0.28,2,9930
100,0.99,-0.29000000000000004,0,9920
100,0.99,-0.29000000000000004,1,9940
100,0.99,-0.29000000000000004,2,4610
100,0.99,-0.30000000000000004,0,9270
100,0.99,-0.30000000000000004,1,7190
100,0.99,-0.30000000000000004,2,9910
100,0.99,-0.31000000000000005,0,9480
100,0.99,-0.31000000000000005,1,7980
100,0.99,-0.31000000000000005,2,9690
100,0.99,-0.32000000000000006,0,9930
100,0.99,-0.32000000000000006,1,9810
100,0.99,-0.32000000000000006,2,9940
100,0.99,-0.33,0,9880
100,0.99,-0.33,1,9510
100,0.99,-0.33,2,7060
100,0.99,-0.34,0,9850
100,0.99,-0.34,1,9900
100,0.99,-0.34,2,8010
100,0.99,-0.35000000000000003,0,9930
100,0.99,-0.35000000000000003,1,9890
100,0.99,-0.35000000000000003,2,8190
100,0.99,-0.36000000000000004,0,9950
100,0.99,-0.36000000000000004,1,9930
100,0.99,-0.36000000000000004,2,9910
100,0.99,-0.37000000000000005,0,7400
100,0.99,-0.37000000000000005,1,9890
100,0.99,-0.37000000000000005,2,7070
100,0.99,-0.38000000000000006,0,9920
100,0.99,-0.38000000000000006,1,4720
100,0.99,-0.38000000000000006,2,9870
100,0.99,-0.39,0,9950
100,0.99,-0.39,1,6680
100,0.99,-0.39,2,3110
100,0.99,-0.41000000000000003,0,9920
100,0.99,-0.41000000000000003,1,6890
100,0.99,-0.41000000000000003,2,9780
100,0.99,-0.42000000000000004,0,9910
100,0.99,-0.42000000000000004,1,6240
100,0.99,-0.42000000000000004,2,9930
100,0.99,-0.43000000000000005,0,8110
100,0.99,-0.43000000000000005,1,9720
100,0.99,-0.43000000000000005,2,9950
100,0.99,-0.44000000000000006,0,7520
100,0.99,-0.44000000000000006,1,9750
100,0.99,-0.44000000000000006,2,8100
100,0.99,-0.45,0,9830
100,0.99,-0.45,1,9830
100,0.99,-0.45,2,9930
100,0.99,-0.46,0,9810
100,0.99,-0.46,1,9880
100,0.99,-0.46,2,6450
100,0.99,-0.47000000000000003,0,9940
100,0.99,-0.47000000000000003,1,7830
100,0.99,-0.47000000000000003,2,9600
100,0.99,-0.48000000000000004,0,9870
100,0.99,-0.48000000000000004,1,9880
100,0.99,-0.48000000000000004,2,3890
100,0.99,-0.49000000000000005,0,5920
100,0.99,-0.49000000000000005,1,9790
100,0.99,-0.49000000000000005,2,9910
100,0.99,-0.4,0,9810
100,0.99,-0.4,1,9680
100,0.99,-0.4,2,9890
100,0.99,-0.51,0,9890
100,0.99,-0.51,1,9770
100,0.99,-0.51,2,7830
100,0.99,-0.52,0,9720
100,0.99,-0.52,1,9890
100,0.99,-0.52,2,9840
100,0.99,-0.53,0,9900
100,0.99,-0.53,1,9920
100,0.99,-0.53,2,8670
100,0.99,-0.54,0,9930
100,0.99,-0.54,1,9840
100,0.99,-0.54,2,9900
100,0.99,-0.55,0,5580
100,0.99,-0.55,1,9870
100,0.99,-0.55,2,9940
100,0.99,-0.56,0,9930
100,0.99,-0.56,1,9860
100,0.99,-0.56,2,9820
100,0.99,-0.5700000000000001,0,9760
100,0.99,-0.5700000000000001,1,9930
100,0.99,-0.5700000000000001,2,9800
100,0.99,-0.5800000000000001,0,9940
100,0.99,-0.5800000000000001,1,8140
100,0.99,-0.5800000000000001,2,9920
100,0.99,-0.5900000000000001,0,9880
100,0.99,-0.5900000000000001,1,8160
100,0.99,-0.5900000000000001,2,9920
100,0.99,-0.5,0,9910
100,0.99,-0.5,1,9930
100,0.99,-0.5,2,7670
100,0.99,-0.6000000000000001,0,9850
100,0.99,-0.6000000000000001,1,8130
100,0.99,-0.6000000000000001,2,6190
100,0.99,-0.6100000000000001,0,9930
100,0.99,-0.6100000000000001,1,9950
100,0.99,-0.6100000000000001,2,9920
100,0.99,-0.6200000000000001,0,9910
100,0.99,-0.6200000000000001,1,9920
100,0.99,-0.6200000000000001,2,9880
100,0.99,-0.63,0,7090
100,0.99,-0.63,1,9810
100,0.99,-0.63,2,9910
100,0.99,-0.64,0,9930
100,0.99,-0.64,1,9920
100,0.99,-0.64,2,9920
100,0.99,-0.65,0,9730
100,0.99,-0.65,1,9940
100,0.99,-0.65,2,9930
100,0.99,-0.66,0,8440
100,0.99,-0.66,1,9940
100,0.99,-0.66,2,9920
100,0.99,-0.67,0,7870
100,0.99,-0.67,1,9920
100,0.99,-0.67,2,8430
100,0.99,-0.68,0,9910
100,0.99,-0.68,1,9900
100,0.99,-0.68,2,9940
100,0.99,-0.6900000000000001,0,9830
100,0.99,-0.6900000000000001,1,9780
100,0.99,-0.6900000000000001,2,9910
100,0.99,-0.7000000000000001,0,9930
100,0.99,-0.7000000000000001,1,9920
100,0.99,-0.7000000000000001,2,7180
100,0.99,-0.7100000000000001,0,9950
100,0.99,-0.7100000000000001,1,9890
100,0.99,-0.7100000000000001,2,9870
100,0.99,-0.7200000000000001,0,9950
100,0.99,-0.7200000000000001,1,7220
100,0.99,-0.7200000000000001,2,9930
100,0.99,-0.73,0,9870
100,0.99,-0.73,1,9910
100,0.99,-0.73,2,9370
100,0.99,-0.74,0,9950
100,0.99,-0.74,1,7760
100,0.99,-0.74,2,9650
100,0.99,-0.75,0,9910
100,0.99,-0.75,1,9910
100,0.99,-0.75,2,9930
100,0.99,-0.76,0,9760
100,0.99,-0.76,1,9900
100,0.99,-0.76,2,9860
100,0.99,-0.77,0,9940
100,0.99,-0.77,1,9860
100,0.99,-0.77,2,9930
100,0.99,-0.78,0,9910
100,0.99,-0.78,1,9810
100,0.99,-0.78,2,9880
100,0.99,-0.79,0,9830
100,0.99,-0.79,1,9920
100,0.99,-0.79,2,9820
100,0.99,-0.8,0,5950
100,0.99,-0.8,1,9950
100,0.99,-0.8,2,9870
100,0.99,0.010000000000000009,0,9681
100,0.99,0.010000000000000009,1,9881
100,0.99,0.010000000000000009,2,2290
100,0.99,0.020000000000000018,0,9512
100,0.99,0.020000000000000018,1,6160
100,0.99,0.020000000000000018,2,2200
100,0.99,0.030000000000000027,0,8580
100,0.99,0.030000000000000027,1,3300
100,0.99,0.030000000000000027,2,50
100,0.99,0.039999999999999925,0,6090
100,0.99,0.039999999999999925,1,2010
100,0.99,0.039999999999999925,2,40
100,0.99,0.04999999999999993,0,4740
100,0.99,0.04999999999999993,1,1450
100,0.99,0.04999999999999993,2,30
100,0.99,0.05999999999999994,0,3720
100,0.99,0.05999999999999994,1,1040
100,0.99,0.05999999999999994,2,30
100,0.99,0.06999999999999995,0,3100
100,0.99,0.06999999999999995,1,290
100,0.99,0.06999999999999995,2,20
100,0.99,0.07999999999999996,0,2570
100,0.99,0.07999999999999996,1,100
100,0.99,0.07999999999999996,2,20
100,0.99,0.08999999999999997,0,2140
100,0.99,0.08999999999999997,1,90
100,0.99,0.08999999999999997,2,20
100,0.99,0.09999999999999998,0,1820
100,0.99,0.09999999999999998,1,90
100,0.99,0.09999999999999998,2,20
100,0.99,0.0,0,0
100,0.99,0.0,1,0
100,0.99,0.0,2,0
100,0.99,0.10999999999999999,0,1560
100,0.99,0.10999999999999999,1,110
100,0.99,0.10999999999999999,2,20
100,0.99,0.12,0,1340
100,0.99,0.12,1,90
100,0.99,0.12,2,20
100,0.99,0.13,0,1170
100,0.99,0.13,1,30
100,0.99,0.13,2,20
100,0.99,0.14,0,60
100,0.99,0.14,1,30
100,0.99,0.14,2,10
100,0.99,0.15000000000000002,0,60
100,0.99,0.15000000000000002,1,0
100,0.99,0.15000000000000002,2,10
100,0.99,0.15999999999999992,0,60
100,0.99,0.15999999999999992,1,0
100,0.99,0.15999999999999992,2,10
100,0.99,0.16999999999999993,0,50
100,0.99,0.16999999999999993,1,0
100,0.99,0.16999999999999993,2,10
100,0.99,0.17999999999999994,0,50
100,0.99,0.17999999999999994,1,0
100,0.99,0.17999999999999994,2,10
100,0.99,0.18999999999999995,0,50
100,0.99,0.18999999999999995,1,0
100,0.99,0.18999999999999995,2,10
100,0.99,0.2,0,50
100,0.99,0.2,1,0
100,0.99,0.2,2,10
100,0.9,-0.010000000000000009,0,0
100,0.9,-0.010000000000000009,1,0
100,0.9,-0.010000000000000009,2,0
100,0.9,-0.020000000000000018,0,0
100,0.9,-0.020000000000000018,1,0
100,0.9,-0.020000000000000018,2,0
100,0.9,-0.030000000000000027,0,0
100,0.9,-0.030000000000000027,1,0
100,0.9,-0.030000000000000027,2,0
100,0.9,-0.040000000000000036,0,0
100,0.9,-0.040000000000000036,1,0
100,0.9,-0.040000000000000036,2,7410
100,0.9,-0.050000000000000044,0,9740
100,0.9,-0.050000000000000044,1,9920
100,0.9,-0.050000000000000044,2,0
100,0.9,-0.06000000000000005,0,7060
100,0.9,-0.06000000000000005,1,9840
100,0.9,-0.06000000000000005,2,9740
100,0.9,-0.07000000000000006,0,0
100,0.9,-0.07000000000000006,1,9880
100,0.9,-0.07000000000000006,2,5050
100,0.9,-0.08000000000000007,0,9890
100,0.9,-0.08000000000000007,1,9600
100,0.9,-0.08000000000000007,2,9830
100,0.9,-0.09000000000000008,0,9910
100,0.9,-0.09000000000000008,1,9720
100,0.9,-0.09000000000000008,2,0
100,0.9,-0.09999999999999998,0,9790
100,0.9,-0.09999999999999998,1,0
100,0.9,-0.09999999999999998,2,4730
100,0.9,-0.10999999999999999,0,9890
100,0.9,-0.10999999999999999,1,9880
100,0.9,-0.10999999999999999,2,3780
100,0.9,-0.12,0,9930
100,0.9,-0.12,1,0
100,0.9,-0.12,2,0
100,0.9,-0.13,0,9940
100,0.9,-0.13,1,9860
100,0.9,-0.13,2,7550
100,0.9,-0.14,0,9920
100,0.9,-0.14,1,9840
100,0.9,-0.14,2,5510
100,0.9,-0.15000000000000002,0,9650
100,0.9,-0.15000000000000002,1,9460
100,0.9,-0.15000000000000002,2,9940
100,0.9,-0.16000000000000003,0,9620
100,0.9,-0.16000000000000003,1,9840
100,0.9,-0.16000000000000003,2,9860
100,0.9,-0.17000000000000004,0,9900
100,0.9,-0.17000000000000004,1,9870
100,0.9,-0.17000000000000004,2,0
100,0.9,-0.18000000000000005,0,9840
100,0.9,-0.18000000000000005,1,9940
100,0.9,-0.18000000000000005,2,4730
100,0.9,-0.19000000000000006,0,9810
100,0.9,-0.19000000000000006,1,9910
100,0.9,-0.19000000000000006,2,380
100,0.9,-0.20000000000000007,0,9910
100,0.9,-0.20000000000000007,1,9920
100,0.9,-0.20000000000000007,2,9820
100,0.9,-0.21000000000000008,0,9780
100,0.9,-0.21000000000000008,1,9930
100,0.9,-0.21000000000000008,2,8440
100,0.9,-0.22000000000000008,0,9850
100,0.9,-0.22000000000000008,1,9690
100,0.9,-0.22000000000000008,2,9890
100,0.9,-0.22999999999999998,0,9930
100,0.9,-0.22999999999999998,1,9790
100,0.9,-0.22999999999999998,2,4980
100,0.9,-0.24,0,5960
100,0.9,-0.24,1,9890
100,0.9,-0.24,2,9900
100,0.9,-0.25,0,9940
100,0.9,-0.25,1,9810
100,0.9,-0.25,2,9890
100,0.9,-0.26,0,9890
100,0.9,-0.26,1,6910
100,0.9,-0.26,2,3810
100,0.9,-0.27,0,9430
100,0.9,-0.27,1,9920
100,0.9,-0.27,2,9900
100,0.9,-0.28,0,7800
100,0.9,-0.28,1,9620
100,0.9,-0.28,2,9770
100,0.9,-0.29000000000000004,0,9880
100,0.9,-0.29000000000000004,1,9290
100,0.9,-0.29000000000000004,2,9930
100,0.9,-0.30000000000000004,0,6100
100,0.9,-0.30000000000000004,1,9860
100,0.9,-0.30000000000000004,2,9920
100,0.9,-0.31000000000000005,0,9880
100,0.9,-0.31000000000000005,1,9920
100,0.9,-0.31000000000000005,2,9740
100,0.9,-0.32000000000000006,0,9930
100,0.9,-0.32000000000000006,1,9880
100,0.9,-0.32000000000000006,2,9950
100,0.9,-0.33,0,9830
100,0.9,-0.33,1,9940
100,0.9,-0.33,2,9760
100,0.9,-0.34,0,9900
100,0.9,-0.34,1,9890
100,0.9,-0.34,2,9950
100,0.9,-0.35000000000000003,0,9940
100,0.9,-0.35000000000000003,1,9890
100,0.9,-0.35000000000000003,2,9610
100,0.9,-0.36000000000000004,0,9890
100,0.9,-0.36000000000000004,1,9900
100,0.9,-0.36000000000000004,2,9890
100,0.9,-0.37000000000000005,0,9840
100,0.9,-0.37000000000000005,1,9800
100,0.9,-0.37000000000000005,2,9940
100,0.9,-0.38000000000000006,0,9910
100,0.9,-0.38000000000000006,1,9840
100,0.9,-0.38000000000000006,2,9890
100,0.9,-0.39,0,9660
100,0.9,-0.39,1,9770
100,0.9,-0.39,2,9650
100,0.9,-0.41000000000000003,0,9750
100,0.9,-0.41000000000000003,1,9930
100,0.9,-0.41000000000000003,2,9690
100,0.9,-0.42000000000000004,0,9860
100,0.9,-0.42000000000000004,1,9930
100,0.9,-0.42000000000000004,2,9860
100,0.9,-0.43000000000000005,0,9940
100,0.9,-0.43000000000000005,1,9930
100,0.9,-0.43000000000000005,2,9660
100,0.9,-0.44000000000000006,0,9680
100,0.9,-0.44000000000000006,1,9910
100,0.9,-0.44000000000000006,2,7450
100,0.9,-0.45,0,9930
100,0.9,-0.45,1,7570
100,0.9,-0.45,2,9810
100,0.9,-0.46,0,9890
100,0.9,-0.46,1,9760
100,0.9,-0.46,2,9950
100,0.9,-0.47000000000000003,0,9920
100,0.9,-0.47000000000000003,1,7850
100,0.9,-0.47000000000000003,2,5140
100,0.9,-0.48000000000000004,0,9910
100,0.9,-0.48000000000000004,1,9680
100,0.9,-0.48000000000000004,2,9950
100,0.9,-0.49000000000000005,0,9190
100,0.9,-0.49000000000000005,1,9930
100,0.9,-0.49000000000000005,2,6560
100,0.9,-0.4,0,9950
100,0.9,-0.4,1,9840
100,0.9,-0.4,2,9790
100,0.9,-0.51,0,9910
100,0.9,-0.51,1,9870
100,0.9,-0.51,2,9680
100,0.9,-0.52,0,9940
100,0.9,-0.52,1,9940
100,0.9,-0.52,2,9920
100,0.9,-0.53,0,9880
100,0.9,-0.53,1,9940
100,0.9,-0.53,2,9940
100,0.9,-0.54,0,9900
100,0.9,-0.54,1,9830
100,0.9,-0.54,2,9900
100,0.9,-0.55,0,6130
100,0.9,-0.55,1,9930
100,0.9,-0.55,2,9930
100,0.9,-0.56,0,9860
100,0.9,-0.56,1,9780
100,0.9,-0.56,2,9930
100,0.9,-0.5700000000000001,0,9950
100,0.9,-0.5700000000000001,1,9950
100,0.9,-0.5700000000000001,2,9900
100,0.9,-0.5800000000000001,0,9850
100,0.9,-0.5800000000000001,1,9870
100,0.9,-0.5800000000000001,2,9950
100,0.9,-0.5900000000000001,0,9850
100,0.9,-0.5900000000000001,1,9910
100,0.9,-0.5900000000000001,2,9920
100,0.9,-0.5,0,9950
100,0.9,-0.5,1,9900
100,0.9,-0.5,2,9910
100,0.9,-0.6000000000000001,0,9810
100,0.9,-0.6000000000000001,1,9940
100,0.9,-0.6000000000000001,2,9650
100,0.9,-0.6100000000000001,0,9850
100,0.9,-0.6100000000000001,1,9940
100,0.9,-0.6100000000000001,2,9490
100,0.9,-0.6200000000000001,0,9920
100,0.9,-0.6200000000000001,1,9880
100,0.9,-0.6200000000000001,2,9940
100,0.9,-0.63,0,8490
100,0.9,-0.63,1,9940
100,0.9,-0.63,2,9790
100,0.9,-0.64,0,9880
100,0.9,-0.64,1,9930
100,0.9,-0.64,2,9940
100,0.9,-0.65,0,9880
100,0.9,-0.65,1,9800
100,0.9,-0.65,2,9390
100,0.9,-0.66,0,9910
100,0.9,-0.66,1,9910
100,0.9,-0.66,2,9620
100,0.9,-0.67,0,9470
100,0.9,-0.67,1,8850
100,0.9,-0.67,2,9910
100,0.9,-0.68,0,7340
100,0.9,-0.68,1,6280
100,0.9,-0.68,2,9940
100,0.9,-0.6900000000000001,0,9930
100,0.9,-0.6900000000000001,1,9950
100,0.9,-0.6900000000000001,2,9920
100,0.9,-0.7000000000000001,0,9600
100,0.9,-0.7000000000000001,1,7260
100,0.9,-0.7000000000000001,2,9830
100,0.9,-0.7100000000000001,0,9920
100,0.9,-0.7100000000000001,1,9940
100,0.9,-0.7100000000000001,2,9840
100,0.9,-0.7200000000000001,0,9720
100,0.9,-0.7200000000000001,1,9940
100,0.9,-0.7200000000000001,2,9940
100,0.9,-0.73,0,9940
100,0.9,-0.73,1,9890
100,0.9,-0.73,2,9920
100,0.9,-0.74,0,7360
100,0.9,-0.74,1,9920
100,0.9,-0.74,2,9880
100,0.9,-0.75,0,9920
100,0.9,-0.75,1,9930
100,0.9,-0.75,2,9950
100,0.9,-0.76,0,9910
100,0.9,-0.76,1,9940
100,0.9,-0.76,2,9870
100,0.9,-0.77,0,9880
100,0.9,-0.77,1,9710
100,0.9,-0.77,2,9900
100,0.9,-0.78,0,9940
100,0.9,-0.78,1,9740
100,0.9,-0.78,2,9950
100,0.9,-0.79,0,9810
100,0.9,-0.79,1,9900
100,0.9,-0.79,2,9880
100,0.9,-0.8,0,9760
100,0.9,-0.8,1,9830
100,0.9,-0.8,2,9830
100,0.9,0.010000000000000009,0,9531
100,0.9,0.010000000000000009,1,8760
100,0.9,0.010000000000000009,2,2190
100,0.9,0.020000000000000018,0,5870
100,0.9,0.020000000000000018,1,3320
100,0.9,0.020000000000000018,2,640
100,0.9,0.030000000000000027,0,0
100,0.9,0.030000000000000027,1,1840
100,0.9,0.030000000000000027,2,50
100,0.9,0.039999999999999925,0,3130
100,0.9,0.039999999999999925,1,1170
100,0.9,0.039999999999999925,2,40
100,0.9,0.04999999999999993,0,2510
100,0.9,0.04999999999999993,1,730
100,0.9,0.04999999999999993,2,30
100,0.9,0.05999999999999994,0,2070
100,0.9,0.05999999999999994,1,410
100,0.9,0.05999999999999994,2,30
100,0.9,0.06999999999999995,0,1760
100,0.9,0.06999999999999995,1,110
100,0.9,0.06999999999999995,2,20
100,0.9,0.07999999999999996,0,1490
100,0.9,0.07999999999999996,1,100
100,0.9,0.07999999999999996,2,20
100,0.9,0.08999999999999997,0,1270
100,0.9,0.08999999999999997,1,100
100,0.9,0.08999999999999997,2,20
100,0.9,0.09999999999999998,0,1100
100,0.9,0.09999999999999998,1,90
100,0.9,0.09999999999999998,2,20
100,0.9,0.0,0,0
100,0.9,0.0,1,0
100,0.9,0.0,2,0
100,0.9,0.10999999999999999,0,960
100,0.9,0.10999999999999999,1,80
100,0.9,0.10999999999999999,2,20
100,0.9,0.12,0,70
100,0.9,0.12,1,80
100,0.9,0.12,2,20
100,0.9,0.13,0,60
100,0.9,0.13,1,40
100,0.9,0.13,2,10
100,0.9,0.14,0,60
100,0.9,0.14,1,80
100,0.9,0.14,2,10
100,0.9,0.15000000000000002,0,60
100,0.9,0.15000000000000002,1,0
100,0.9,0.15000000000000002,2,10
100,0.9,0.15999999999999992,0,50
100,0.9,0.15999999999999992,1,0
100,0.9,0.15999999999999992,2,10
100,0.9,0.16999999999999993,0,50
100,0.9,0.16999999999999993,1,0
100,0.9,0.16999999999999993,2,10
100,0.9,0.17999999999999994,0,50
100,0.9,0.17999999999999994,1,0
100,0.9,0.17999999999999994,2,10
100,0.9,0.18999999999999995,0,50
100,0.9,0.18999999999999995,1,0
100,0.9,0.18999999999999995,2,10
100,0.9,0.2,0,40
100,0.9,0.2,1,0
100,0.9,0.2,2,10
100,1.0,-0.010000000000000009,0,0
100,1.0,-0.010000000000000009,1,0
100,1.0,-0.010000000000000009,2,0
100,1.0,-0.020000000000000018,0,0
100,1.0,-0.020000000000000018,1,0
100,1.0,-0.020000000000000018,2,0
100,1.0,-0.030000000000000027,0,0
100,1.0,-0.030000000000000027,1,0
100,1.0,-0.030000000000000027,2,6780
100,1.0,-0.040000000000000036,0,0
100,1.0,-0.040000000000000036,1,0
100,1.0,-0.040000000000000036,2,6640
100,1.0,-0.050000000000000044,0,0
100,1.0,-0.050000000000000044,1,5530
100,1.0,-0.050000000000000044,2,0
100,1.0,-0.06000000000000005,0,0
100,1.0,-0.06000000000000005,1,8880
100,1.0,-0.06000000000000005,2,0
100,1.0,-0.07000000000000006,0,3340
100,1.0,-0.07000000000000006,1,9880
100,1.0,-0.07000000000000006,2,4140
100,1.0,-0.08000000000000007,0,9940
100,1.0,-0.08000000000000007,1,9660
100,1.0,-0.08000000000000007,2,6130
100,1.0,-0.09000000000000008,0,9850
100,1.0,-0.09000000000000008,1,9480
100,1.0,-0.09000000000000008,2,7820
100,1.0,-0.09999999999999998,0,0
100,1.0,-0.09999999999999998,1,0
100,1.0,-0.09999999999999998,2,9700
100,1.0,-0.10999999999999999,0,9880
100,1.0,-0.10999999999999999,1,9840
100,1.0,-0.10999999999999999,2,0
100,1.0,-0.12,0,9400
100,1.0,-0.12,1,9790
100,1.0,-0.12,2,9930
100,1.0,-0.13,0,9340
100,1.0,-0.13,1,9740
100,1.0,-0.13,2,9830
100,1.0,-0.14,0,8120
100,1.0,-0.14,1,9930
100,1.0,-0.14,2,9480
100,1.0,-0.15000000000000002,0,9880
100,1.0,-0.15000000000000002,1,9900
100,1.0,-0.15000000000000002,2,9480
100,1.0,-0.16000000000000003,0,7330
100,1.0,-0.16000000000000003,1,9930
100,1.0,-0.16000000000000003,2,9840
100,1.0,-0.17000000000000004,0,9410
100,1.0,-0.17000000000000004,1,9860
100,1.0,-0.17000000000000004,2,9850
100,1.0,-0.18000000000000005,0,8370
100,1.0,-0.18000000000000005,1,0
100,1.0,-0.18000000000000005,2,0
100,1.0,-0.19000000000000006,0,9890
100,1.0,-0.19000000000000006,1,9760
100,1.0,-0.19000000000000006,2,9920
100,1.0,-0.20000000000000007,0,9940
100,1.0,-0.20000000000000007,1,9900
100,1.0,-0.20000000000000007,2,5970
100,1.0,-0.21000000000000008,0,0
100,1.0,-0.21000000000000008,1,9810
100,1.0,-0.21000000000000008,2,3840
100,1.0,-0.22000000000000008,0,0
100,1.0,-0.22000000000000008,1,9860
100,1.0,-0.22000000000000008,2,3750
100,1.0,-0.22999999999999998,0,0
100,1.0,-0.22999999999999998,1,9880
100,1.0,-0.22999999999999998,2,7020
100,1.0,-0.24,0,9850
100,1.0,-0.24,1,9830
100,1.0,-0.24,2,5020
100,1.0,-0.25,0,9840
100,1.0,-0.25,1,9810
100,1.0,-0.25,2,7070
100,1.0,-0.26,0,4580
100,1.0,-0.26,1,9910
100,1.0,-0.26,2,9680
100,1.0,-0.27,0,9910
100,1.0,-0.27,1,9750
100,1.0,-0.27,2,6190
100,1.0,-0.28,0,6640
100,1.0,-0.28,1,9910
100,1.0,-0.28,2,8610
100,1.0,-0.29000000000000004,0,9940
100,1.0,-0.29000000000000004,1,6140
100,1.0,-0.29000000000000004,2,7310
100,1.0,-0.30000000000000004,0,9850
100,1.0,-0.30000000000000004,1,9940
100,1.0,-0.30000000000000004,2,2850
100,1.0,-0.31000000000000005,0,9860
100,1.0,-0.31000000000000005,1,9680
100,1.0,-0.31000000000000005,2,9870
100,1.0,-0.32000000000000006,0,9900
100,1.0,-0.32000000000000006,1,9920
100,1.0,-0.32000000000000006,2,9780
100,1.0,-0.33,0,9840
100,1.0,-0.33,1,8300
100,1.0,-0.33,2,9890
100,1.0,-0.34,0,9810
100,1.0,-0.34,1,9840
100,1.0,-0.34,2,9930
100,1.0,-0.35000000000000003,0,9840
100,1.0,-0.35000000000000003,1,9940
100,1.0,-0.35000000000000003,2,9930
100,1.0,-0.36000000000000004,0,9950
100,1.0,-0.36000000000000004,1,9870
100,1.0,-0.36000000000000004,2,9920
100,1.0,-0.37000000000000005,0,9830
100,1.0,-0.37000000000000005,1,9900
100,1.0,-0.37000000000000005,2,9920
100,1.0,-0.38000000000000006,0,9930
100,1.0,-0.38000000000000006,1,9920
100,1.0,-0.38000000000000006,2,9950
100,1.0,-0.39,0,9920
100,1.0,-0.39,1,7760
100,1.0,-0.39,2,9770
100,1.0,-0.41000000000000003,0,6880
100,1.0,-0.41000000000000003,1,8780
100,1.0,-0.41000000000000003,2,6390
100,1.0,-0.42000000000000004,0,9830
100,1.0,-0.42000000000000004,1,9750
100,1.0,-0.42000000000000004,2,5820
100,1.0,-0.43000000000000005,0,9710
100,1.0,-0.43000000000000005,1,9940
100,1.0,-0.43000000000000005,2,5990
100,1.0,-0.44000000000000006,0,9950
100,1.0,-0.44000000000000006,1,5700
100,1.0,-0.44000000000000006,2,9680
100,1.0,-0.45,0,9840
100,1.0,-0.45,1,8030
100,1.0,-0.45,2,9880
100,1.0,-0.46,0,9940
100,1.0,-0.46,1,9890
100,1.0,-0.46,2,9950
100,1.0,-0.47000000000000003,0,9470
100,1.0,-0.47000000000000003,1,9710
100,1.0,-0.47000000000000003,2,9940
100,1.0,-0.48000000000000004,0,9890
100,1.0,-0.48000000000000004,1,9840
100,1.0,-0.48000000000000004,2,7640
100,1.0,-0.49000000000000005,0,9920
100,1.0,-0.49000000000000005,1,7700
100,1.0,-0.49000000000000005,2,9890
100,1.0,-0.4,0,9750
100,1.0,-0.4,1,9890
100,1.0,-0.4,2,7290
100,1.0,-0.51,0,9910
100,1.0,-0.51,1,9920
100,1.0,-0.51,2,9950
100,1.0,-0.52,0,5660
100,1.0,-0.52,1,5510
100,1.0,-0.52,2,9760
100,1.0,-0.53,0,9900
100,1.0,-0.53,1,8010
100,1.0,-0.53,2,9850
100,1.0,-0.54,0,9950
100,1.0,-0.54,1,9790
100,1.0,-0.54,2,9950
100,1.0,-0.55,0,6390
100,1.0,-0.55,1,9890
100,1.0,-0.55,2,8230
100,1.0,-0.56,0,5710
100,1.0,-0.56,1,9810
100,1.0,-0.56,2,9920
100,1.0,-0.5700000000000001,0,9940
100,1.0,-0.5700000000000001,1,9910
100,1.0,-0.5700000000000001,2,9950
100,1.0,-0.5800000000000001,0,8620
100,1.0,-0.5800000000000001,1,7220
100,1.0,-0.5800000000000001,2,9850
100,1.0,-0.5900000000000001,0,6880
100,1.0,-0.5900000000000001,1,9760
100,1.0,-0.5900000000000001,2,5590
100,1.0,-0.5,0,8900
100,1.0,-0.5,1,9890
100,1.0,-0.5,2,9940
100,1.0,-0.6000000000000001,0,9940
100,1.0,-0.6000000000000001,1,9940
100,1.0,-0.6000000000000001,2,9920
100,1.0,-0.6100000000000001,0,9920
100,1.0,-0.6100000000000001,1,9940
100,1.0,-0.6100000000000001,2,9740
100,1.0,-0.6200000000000001,0,7100
100,1.0,-0.6200000000000001,1,9900
100,1.0,-0.6200000000000001,2,9850
100,1.0,-0.63,0,9810
100,1.0,-0.63,1,6970
100,1.0,-0.63,2,9940
100,1.0,-0.64,0,9740
100,1.0,-0.64,1,7440
100,1.0,-0.64,2,9920
100,1.0,-0.65,0,9900
100,1.0,-0.65,1,9920
100,1.0,-0.65,2,9870
100,1.0,-0.66,0,9530
100,1.0,-0.66,1,8140
100,1.0,-0.66,2,9910
100,1.0,-0.67,0,9910
100,1.0,-0.67,1,7850
100,1.0,-0.67,2,9830
100,1.0,-0.68,0,9900
100,1.0,-0.68,1,9940
100,1.0,-0.68,2,9880
100,1.0,-0.6900000000000001,0,9800
100,1.0,-0.6900000000000001,1,9870
100,1.0,-0.6900000000000001,2,9930
100,1.0,-0.7000000000000001,0,9950
100,1.0,-0.7000000000000001,1,9940
100,1.0,-0.7000000000000001,2,9830
100,1.0,-0.7100000000000001,0,9940
100,1.0,-0.7100000000000001,1,8130
100,1.0,-0.7100000000000001,2,8480
100,1.0,-0.7200000000000001,0,9920
100,1.0,-0.7200000000000001,1,8010
100,1.0,-0.7200000000000001,2,9950
100,1.0,-0.73,0,9890
100,1.0,-0.73,1,9840
100,1.0,-0.73,2,9860
100,1.0,-0.74,0,9950
100,1.0,-0.74,1,7320
100,1.0,-0.74,2,9950
100,1.0,-0.75,0,9920
100,1.0,-0.75,1,9910
100,1.0,-0.75,2,9940
100,1.0,-0.76,0,9810
100,1.0,-0.76,1,9920
100,1.0,-0.76,2,9820
100,1.0,-0.77,0,9910
100,1.0,-0.77,1,9920
100,1.0,-0.77,2,7510
100,1.0,-0.78,0,9890
100,1.0,-0.78,1,9930
100,1.0,-0.78,2,9820
100,1.0,-0.79,0,9940
100,1.0,-0.79,1,9930
100,1.0,-0.79,2,9880
100,1.0,-0.8,0,9930
100,1.0,-0.8,1,9680
100,1.0,-0.8,2,9950
100,1.0,0.010000000000000009,0,9737
100,1.0,0.010000000000000009,1,9665
100,1.0,0.010000000000000009,2,2300
100,1.0,0.020000000000000018,0,9511
100,1.0,0.020000000000000018,1,6570
100,1.0,0.020000000000000018,2,2080
100,1.0,0.030000000000000027,0,0
100,1.0,0.030000000000000027,1,2266
100,1.0,0.030000000000000027,2,2752
100,1.0,0.039999999999999925,0,3859
100,1.0,0.039999999999999925,1,1601
100,1.0,0.039999999999999925,2,765
100,1.0,0.04999999999999993,0,3006
100,1.0,0.04999999999999993,1,1177
100,1.0,0.04999999999999993,2,615
100,1.0,0.05999999999999994,0,2395
100,1.0,0.05999999999999994,1,927
100,1.0,0.05999999999999994,2,30
100,1.0,0.06999999999999995,0,3330
100,1.0,0.06999999999999995,1,290
100,1.0,0.06999999999999995,2,20
100,1.0,0.07999999999999996,0,2790
100,1.0,0.07999999999999996,1,9655
100,1.0,0.07999999999999996,2,20
100,1.0,0.08999999999999997,0,2300
100,1.0,0.08999999999999997,1,90
100,1.0,0.08999999999999997,2,20
100,1.0,0.09999999999999998,0,1940
100,1.0,0.09999999999999998,1,90
100,1.0,0.09999999999999998,2,20
100,1.0,0.0,0,0
100,1.0,0.0,1,0
100,1.0,0.0,2,0
100,1.0,0.10999999999999999,0,1660
100,1.0,0.10999999999999999,1,9806
100,1.0,0.10999999999999999,2,20
100,1.0,0.12,0,1420
100,1.0,0.12,1,90
100,1.0,0.12,2,20
100,1.0,0.13,0,1240
100,1.0,0.13,1,30
100,1.0,0.13,2,20
100,1.0,0.14,0,1070
100,1.0,0.14,1,30
100,1.0,0.14,2,20
100,1.0,0.15000000000000002,0,60
100,1.0,0.15000000000000002,1,0
100,1.0,0.15000000000000002,2,10
100,1.0,0.15999999999999992,0,60
100,1.0,0.15999999999999992,1,0
100,1.0,0.15999999999999992,2,10
100,1.0,0.16999999999999993,0,50
100,1.0,0.16999999999999993,1,0
100,1.0,0.16999999999999993,2,10
100,1.0,0.17999999999999994,0,50
100,1.0,0.17999999999999994,1,0
100,1.0,0.17999999999999994,2,10
100,1.0,0.18999999999999995,0,50
100,1.0,0.18999999999999995,1,0
100,1.0,0.18999999999999995,2,10
100,1.0,0.2,0,50
100,1.0,0.2,1,0
100,1.0,0.2,2,10
